indicator_id,location_id,report_month,avg_price,median_price,yoy_growth,mom_growth,demand_index,inventory_count,avg_days_listed,investment_score
1,1,2018-01-01,81455374.94,81455374.94,,,51.7,2,40,20.68
2,1,2018-02-01,12793458.57,11487098.82,,-84.29,64.8,3,75,25.92
3,1,2018-04-01,10556582.67,10556582.67,,-17.48,72.7,2,46,29.08
4,1,2018-05-01,95351418.78,95351418.78,,803.24,48.3,2,68,19.32
5,1,2018-06-01,26070245.68,25609225.0,,-72.66,55.9,4,61,22.36
6,1,2018-07-01,48098345.95,25058632.32,,84.5,65.3,4,35,26.12
7,1,2018-08-01,63921029.01,58036820.1,,32.9,63.6,5,76,25.44
8,1,2018-09-01,91362258.11,91362258.11,,42.93,59.6,2,35,23.84
9,1,2018-10-01,34976674.91,26146215.27,,-61.72,91.5,5,55,36.6
10,1,2018-11-01,32341050.44,32341050.44,,-7.54,37.7,1,89,15.08
11,1,2018-12-01,29768770.32,20928297.39,,-7.95,67.7,3,84,27.08
12,1,2019-01-01,31093470.58,25126937.8,,4.45,67.8,4,65,27.12
13,1,2019-02-01,25027703.46,25027703.46,-69.27,-19.51,49.7,1,71,-21.68
14,1,2019-04-01,15642539.0,15642539.0,22.27,-37.5,58.4,2,73,36.72
15,1,2019-05-01,34595668.93,14791576.31,227.72,121.16,66.6,3,75,163.27
16,1,2019-06-01,55512169.46,72790094.0,-41.78,60.46,62.6,3,22,-0.03
17,1,2019-07-01,41167161.7,41167161.7,57.91,-25.84,62.8,1,57,59.87
18,1,2019-08-01,69397754.66,69397754.66,44.28,68.58,52.8,2,61,47.69
19,1,2019-09-01,16699770.56,16699770.56,-73.87,-75.94,66.2,2,53,-17.84
20,1,2019-10-01,14494377.9,14494377.9,-84.14,-13.21,49.3,1,81,-30.76
21,1,2019-11-01,67911845.37,72296670.6,94.16,368.54,61.9,3,90,81.26
22,1,2019-12-01,98151056.74,98151056.74,203.49,44.53,78.3,2,89,153.41
23,1,2020-01-01,19373699.44,23213364.52,-34.92,-80.26,72.4,5,19,8.01
24,1,2020-02-01,43263561.32,22708400.0,39.14,123.31,60.4,3,75,47.64
25,1,2020-03-01,23201955.86,23201955.86,-7.29,-46.37,55.5,1,26,17.83
26,1,2020-04-01,34702930.14,22778447.72,121.85,49.57,82.8,4,38,106.23
27,1,2020-05-01,25405849.62,25405849.62,-26.56,-26.79,75.5,1,90,14.26
28,1,2020-06-01,32231151.0,32231151.0,-41.94,26.87,59.3,1,64,-1.44
29,1,2020-08-01,57589204.11,53186150.84,39.89,78.68,80.6,4,27,56.17
30,1,2020-09-01,55370582.47,55370582.47,-20.21,-3.85,75.3,2,56,17.99
31,1,2020-10-01,28248933.0,28248933.0,69.16,-48.98,54.3,2,52,63.22
32,1,2020-11-01,73933659.43,54014458.02,410.09,161.72,73.9,3,85,275.61
33,1,2021-01-01,200403157.3,200403157.3,195.09,171.06,66.3,1,38,143.57
34,1,2021-02-01,13302353.2,13302353.2,-86.45,-93.36,62.9,2,76,-26.71
35,1,2021-03-01,6376443.92,6376443.92,-67.09,-52.07,58.2,1,16,-16.97
36,1,2021-04-01,37825270.56,40400592.75,-12.57,493.2,73.1,3,21,21.7
37,1,2021-05-01,25348027.72,25348027.72,9.25,-32.99,62.7,2,31,30.63
38,1,2021-06-01,44658179.34,29233148.4,28.69,76.18,54.8,3,88,39.13
39,1,2021-07-01,94186593.71,94186593.71,270.73,110.91,53.8,2,46,183.96
40,1,2021-08-01,15905393.34,15905393.34,-50.65,-83.11,58.7,2,42,-6.91
41,1,2021-09-01,10490413.43,10490413.43,-81.78,-34.04,68.4,1,28,-21.71
42,1,2021-10-01,13173389.96,13173389.96,-76.21,25.58,56.1,1,42,-23.29
43,1,2021-12-01,87912878.21,61513666.92,211.21,567.35,48.8,3,31,146.25
44,1,2022-01-01,34112628.44,34112628.44,-53.86,-61.2,55.3,1,65,-10.2
45,1,2022-02-01,26009228.16,26009228.16,-87.02,-23.75,43.4,2,80,-34.85
46,1,2022-03-01,37041790.21,37041790.21,178.46,42.42,49.2,1,88,126.76
47,1,2022-05-01,15095018.9,15095018.9,136.73,-59.25,39.5,1,39,97.84
48,1,2022-07-01,47093906.89,29270731.56,24.5,211.98,75.5,5,75,44.9
49,1,2022-08-01,49289424.7,52350106.32,94.45,4.66,74.9,3,48,86.63
50,1,2022-09-01,34334479.55,21957518.0,-23.12,-30.34,56.9,3,68,8.89
51,1,2022-10-01,92085828.18,92085828.18,-2.23,168.2,53.3,2,17,19.98
52,1,2022-11-01,43117731.68,43117731.68,171.09,-53.18,65.4,1,35,128.81
53,1,2023-01-01,112839568.85,112839568.85,975.64,161.7,58.4,2,23,608.74
54,1,2023-02-01,78532207.82,89490555.54,496.14,-30.4,59.2,3,46,321.36
55,1,2023-03-01,44836375.49,38450191.39,-49.0,-42.91,71.2,3,70,-0.92
56,1,2023-04-01,30565999.16,36159266.66,-10.4,-31.83,67.7,3,84,20.84
57,1,2023-05-01,55685661.34,55685661.34,114.1,82.18,52.6,2,83,89.5
58,1,2023-06-01,17391893.1,17507745.05,-53.05,-68.77,75.4,4,51,-1.67
59,1,2023-07-01,78418733.77,78418733.77,419.5,350.89,40.0,2,24,267.7
60,1,2023-08-01,23213761.22,23213761.22,-50.71,-70.4,59.6,2,61,-6.59
61,1,2023-09-01,73570165.78,39349260.45,49.26,216.92,60.6,3,78,53.8
62,1,2023-10-01,31315232.25,29500367.54,-8.79,-57.43,57.1,3,76,17.57
63,1,2023-11-01,141686480.06,141686480.06,53.86,352.45,41.7,1,25,49.0
64,1,2024-01-01,16556524.35,16556524.35,-61.6,-88.31,58.1,1,32,-13.72
65,1,2024-02-01,32279031.4,32279031.4,-71.39,94.96,72.1,2,23,-13.99
66,1,2024-03-01,243122292.35,243122292.35,209.58,653.19,51.0,1,82,146.15
67,1,2024-04-01,181115248.23,181115248.23,303.95,-25.5,44.6,1,49,200.21
68,1,2024-05-01,14901879.54,14901879.54,-51.25,-91.77,55.0,2,37,-8.75
69,1,2024-06-01,24291119.82,24291119.82,-56.38,63.01,67.0,1,62,-7.03
70,2,2018-01-01,36708328.08,36708328.08,,,47.0,1,23,18.8
71,2,2018-02-01,107206118.89,107206118.89,,192.05,68.3,2,90,27.32
72,2,2018-04-01,71911159.07,36196704.3,,-32.92,50.0,3,60,20.0
73,2,2018-05-01,49906172.62,15769088.9,,-30.6,60.5,3,67,24.2
74,2,2018-06-01,68370831.21,38196429.6,,37.0,69.3,3,25,27.72
75,2,2018-07-01,59764931.72,26260196.06,,-12.59,62.2,3,75,24.88
76,2,2018-08-01,34454508.24,34779881.76,,-42.35,86.8,5,70,34.72
77,2,2018-09-01,61833134.24,38318863.51,,79.46,71.0,3,61,28.4
78,2,2018-10-01,28433360.48,28433360.48,,-54.02,63.3,2,58,25.32
79,2,2018-11-01,82274693.73,82274693.73,,189.36,58.1,2,86,23.24
80,2,2019-01-01,47103097.6,47103097.6,,-42.75,61.0,1,35,24.4
81,2,2019-02-01,12865999.5,12865999.5,,-72.69,55.3,1,34,22.12
82,2,2019-03-01,27145969.22,27145969.22,-26.05,110.99,62.7,2,43,9.45
83,2,2019-04-01,35999270.72,35999270.72,-66.42,32.61,50.5,1,62,-19.65
84,2,2019-05-01,70367745.8,70367745.8,-2.15,95.47,69.3,1,61,26.43
85,2,2019-06-01,8630141.76,8630141.76,-82.71,-87.74,67.0,1,31,-22.83
86,2,2019-07-01,22415655.24,22415655.24,-67.21,159.74,43.2,1,84,-23.05
87,2,2019-08-01,110627037.62,110627037.62,85.1,393.53,46.7,2,56,69.74
88,2,2019-09-01,60950373.87,30008149.66,76.9,-44.9,64.0,4,86,71.74
89,2,2019-10-01,50393990.32,50393990.32,-18.5,-17.32,66.7,2,77,15.58
90,2,2019-11-01,25591510.49,23531769.58,-9.99,-49.22,54.2,5,18,15.69
91,2,2019-12-01,21486313.42,21486313.42,-73.88,-16.04,60.1,2,70,-20.29
92,2,2020-01-01,36251489.28,36251489.28,-23.04,68.72,49.3,1,39,5.9
93,2,2020-02-01,45818161.29,20691776.43,256.12,26.39,58.8,5,15,177.19
94,2,2020-03-01,87007020.46,87007020.46,220.52,89.9,56.8,2,34,155.03
95,2,2020-04-01,24315579.29,23441434.24,-32.46,-72.05,66.2,3,33,7.0
96,2,2020-05-01,59394698.14,59394698.14,-15.59,144.27,54.3,2,85,12.37
97,2,2020-07-01,26582172.06,26582172.06,208.02,-55.24,67.3,1,37,151.73
98,2,2020-09-01,29798293.78,28228596.9,32.94,12.1,74.4,5,43,49.52
99,2,2020-10-01,41165847.72,41165847.72,-62.79,38.15,55.3,1,45,-15.55
100,2,2020-11-01,42690450.18,25469247.76,-29.96,3.7,78.3,4,60,13.34
101,2,2020-12-01,14926730.57,14383830.15,-70.38,-65.03,61.1,4,33,-17.79
102,2,2021-01-01,142419705.65,193770389.54,456.51,854.13,59.2,3,84,297.59
103,2,2021-02-01,31396141.07,31396141.07,46.12,-77.96,59.1,2,71,51.31
104,2,2021-03-01,28235868.56,28235868.56,-22.11,-10.07,53.4,2,82,8.09
105,2,2021-05-01,27844872.8,31329447.2,-39.23,-1.38,55.1,4,78,-1.5
106,2,2021-06-01,137866989.0,137866989.0,58.46,395.13,54.7,1,28,56.96
107,2,2021-07-01,87305160.0,87305160.0,259.05,-36.67,56.4,1,62,177.99
108,2,2021-08-01,17098269.45,15675013.98,-71.21,-80.42,62.6,3,39,-17.69
109,2,2021-09-01,49991632.14,49991632.14,88.06,192.38,70.2,2,59,80.92
110,2,2021-10-01,96907284.0,96907284.0,225.21,93.85,61.3,2,67,159.65
111,2,2021-11-01,21590017.61,21590017.61,-47.55,-77.72,62.6,1,53,-3.49
112,2,2021-12-01,22945011.32,13456223.7,-46.25,6.28,67.6,3,77,-0.71
113,2,2022-04-01,8565493.6,8565493.6,-42.62,-62.67,63.5,1,35,-0.17
114,2,2022-05-01,35530446.97,33187611.6,-75.05,314.81,83.4,3,67,-11.67
115,2,2022-06-01,34760622.17,36430568.75,10.72,-2.17,76.7,5,82,37.11
116,2,2022-07-01,57838740.38,30197868.36,104.84,66.39,73.8,3,54,92.42
117,2,2022-08-01,49042884.73,49042884.73,76.13,-15.21,63.6,2,78,71.12
118,2,2022-09-01,27545363.88,27545363.88,-80.02,-43.83,70.1,2,49,-19.97
119,2,2022-10-01,38971383.78,38971383.78,-55.36,41.48,61.4,1,67,-8.66
120,2,2022-11-01,18765149.51,18765149.51,9.75,-51.85,48.6,1,50,25.29
121,2,2022-12-01,32348710.86,32348710.86,-35.29,72.39,61.7,2,61,3.51
122,2,2023-01-01,27896661.73,29355088.98,-71.21,-13.76,61.0,3,56,-18.33
123,2,2023-02-01,21073268.36,21073268.36,-2.39,-24.46,62.7,2,19,23.65
124,2,2023-03-01,21798353.5,21798353.5,-5.0,3.44,64.4,1,73,22.76
125,2,2023-04-01,30266499.88,30266499.88,253.35,38.85,59.3,2,34,175.73
126,2,2023-05-01,28501392.3,19852010.95,-19.78,-5.83,67.7,3,81,15.21
127,2,2023-06-01,16283251.8,16283251.8,-53.16,-42.87,75.2,1,46,-1.82
128,2,2023-07-01,78599123.18,19907499.6,35.89,382.7,66.4,3,28,48.09
129,2,2023-08-01,35855960.54,39775366.04,-26.89,-54.38,65.9,4,16,10.23
130,2,2023-09-01,37382989.92,35256774.3,35.71,4.26,51.6,3,30,42.07
131,2,2023-10-01,29694438.88,29152044.48,-23.8,-20.57,85.6,5,85,19.96
132,2,2024-01-01,112498116.34,65754092.39,499.51,278.85,67.4,3,60,326.67
133,2,2024-02-01,47571497.12,47571497.12,47.06,-57.71,67.6,1,21,55.28
134,2,2024-03-01,12445595.46,12445595.46,-55.39,-73.84,58.3,1,82,-9.91
135,2,2024-04-01,29679098.92,29679098.92,40.84,138.47,73.8,2,84,54.02
136,2,2024-05-01,27175269.42,27175269.42,24.67,-8.44,59.9,1,21,38.76
137,2,2024-06-01,88507282.72,88507282.72,192.43,225.69,54.3,2,84,137.18
138,3,2018-02-01,13823083.32,13823083.32,,,57.5,1,76,23.0
139,3,2018-03-01,15057131.8,11296615.42,,8.93,69.6,3,55,27.84
140,3,2018-04-01,22637316.94,22637316.94,,50.34,70.7,2,66,28.28
141,3,2018-05-01,16239760.08,16239760.08,,-28.26,55.6,1,54,22.24
142,3,2018-06-01,19135033.56,19533457.25,,17.83,49.3,3,59,19.72
143,3,2018-08-01,24798023.52,24798023.52,,29.59,56.2,2,18,22.48
144,3,2018-10-01,31569853.82,30625066.15,,27.31,69.2,3,58,27.68
145,3,2018-11-01,30365210.4,29742328.3,,-3.82,73.2,4,84,29.28
146,3,2018-12-01,31211769.86,31211769.86,,2.79,61.0,2,29,24.4
147,3,2019-01-01,24361860.98,24361860.98,,-21.95,62.7,2,16,25.08
148,3,2019-02-01,34655848.8,34655848.8,,42.25,55.4,1,55,22.16
149,3,2019-03-01,88494154.71,88494154.71,,155.35,57.1,2,82,22.84
150,3,2019-04-01,35302602.66,22961339.59,155.39,-60.11,74.8,3,16,123.15
151,3,2019-05-01,54416000.47,54416000.47,261.4,54.14,63.5,2,28,182.24
152,3,2019-06-01,16620858.85,12416138.7,-26.58,-69.46,60.2,3,15,8.13
153,3,2019-07-01,52482439.65,31516336.22,223.17,215.76,87.0,6,86,168.7
154,3,2019-08-01,48852204.57,48852204.57,155.3,-6.92,65.8,2,86,119.5
155,3,2019-09-01,93845923.97,93845923.97,278.44,92.1,62.9,2,68,192.22
156,3,2019-10-01,31743990.16,31743990.16,0.55,-66.17,43.6,2,77,17.77
157,3,2019-11-01,99782638.59,92435755.05,228.61,214.34,60.8,3,77,161.49
158,3,2019-12-01,29973376.32,28560840.0,-3.97,-69.96,59.8,3,48,21.54
159,3,2020-02-01,39049587.96,39459778.48,60.29,30.28,50.1,3,47,56.21
160,3,2020-03-01,53470880.19,53470880.19,54.29,36.93,37.6,1,78,47.61
161,3,2020-04-01,23805006.48,23805006.48,-73.1,-55.48,56.3,2,70,-21.34
162,3,2020-06-01,32286424.64,32286424.64,-8.54,35.63,59.0,1,25,18.48
163,3,2020-07-01,19536287.78,19536287.78,-64.1,-39.49,59.4,2,90,-14.7
164,3,2020-08-01,46275688.57,16859746.16,178.42,136.87,98.8,8,42,146.57
165,3,2020-09-01,81640654.76,81640654.76,55.56,76.42,69.2,1,72,61.02
166,3,2020-10-01,26401698.42,26626468.96,-45.96,-67.66,52.9,3,83,-6.42
167,3,2020-11-01,68881307.13,33273724.82,-26.6,160.9,76.6,3,85,14.68
168,3,2020-12-01,35270787.62,33074820.34,11.11,-48.79,61.7,3,69,31.35
169,3,2021-01-01,35210163.84,38061661.95,-64.71,-0.17,60.2,3,63,-14.75
170,3,2021-02-01,38876513.33,36800646.3,29.7,10.41,71.9,3,39,46.58
171,3,2021-03-01,191559577.67,191559577.67,390.55,392.74,67.8,1,64,261.45
172,3,2021-04-01,41752873.76,41752873.76,-21.91,-78.2,41.8,1,52,3.57
173,3,2021-05-01,13867390.14,13867390.14,-41.75,-66.79,59.7,1,64,-1.17
174,3,2021-06-01,83963305.83,60800757.24,160.06,505.47,80.4,5,57,128.2
175,3,2021-07-01,27122697.07,27122697.07,38.83,-67.7,63.4,2,46,48.66
176,3,2021-08-01,30352717.29,30352717.29,-34.41,11.91,59.9,2,43,3.31
177,3,2021-11-01,60581957.44,69859415.08,-25.79,99.59,69.1,3,44,12.17
178,3,2021-12-01,47191132.0,47191132.0,78.74,-22.1,47.0,1,53,66.04
179,3,2022-01-01,50344547.27,47387204.37,-26.91,6.68,67.8,4,71,10.97
180,3,2022-03-01,43228344.6,43228344.6,22.56,-14.14,54.7,1,71,35.42
181,3,2022-04-01,43581261.15,43581261.15,23.77,0.82,65.6,2,50,40.5
182,3,2022-05-01,18593379.86,18593379.86,-52.17,-57.34,54.6,1,88,-9.46
183,3,2022-07-01,21807098.08,21807098.08,-88.62,17.28,55.7,2,67,-30.89
184,3,2022-09-01,26492791.5,26492791.5,-36.55,21.49,57.2,1,44,0.95
185,3,2022-10-01,27925405.7,20723021.0,101.37,5.41,85.8,3,40,95.14
186,3,2022-11-01,48805345.44,33872647.2,-41.87,74.77,63.0,3,76,0.08
187,3,2022-12-01,102665394.96,102665394.96,278.52,110.36,38.7,1,88,182.59
188,3,2023-01-01,37523555.66,37523555.66,23.63,-63.45,50.4,1,33,34.34
189,3,2023-02-01,54473247.25,54473247.25,-10.08,45.17,48.2,1,34,13.23
190,3,2023-03-01,22609677.53,22609677.53,-52.09,-58.49,63.3,2,70,-5.93
191,3,2023-04-01,36154721.54,36154721.54,-28.19,59.91,45.7,1,36,1.37
192,3,2023-05-01,37494304.75,37494304.75,-13.26,3.71,65.1,2,79,18.08
193,3,2023-07-01,7319552.76,7319552.76,-83.2,-80.48,50.9,2,29,-29.56
194,3,2023-08-01,30943393.18,27922619.61,66.42,322.75,64.6,3,24,65.69
195,3,2023-09-01,47046174.53,47046174.53,115.74,52.04,65.0,2,59,95.44
196,3,2023-10-01,8457734.08,8457734.08,-68.08,-82.02,61.8,1,15,-16.13
197,3,2023-11-01,19980874.6,19980874.6,-28.45,136.24,45.8,1,38,1.25
198,3,2023-12-01,167897950.47,219958470.23,244.02,740.29,59.2,3,42,170.09
199,3,2024-03-01,27437015.62,27437015.62,-73.28,-83.66,48.0,1,77,-24.77
200,3,2024-04-01,39085919.8,40639316.61,4.16,42.46,81.9,5,52,35.26
201,3,2024-05-01,23624657.42,23624657.42,-56.63,-39.56,49.0,2,41,-14.38
202,3,2024-06-01,33207766.33,33207766.33,46.87,40.56,53.8,2,85,49.64
203,4,2018-01-01,62672984.03,50068007.74,,,67.4,4,78,26.96
204,4,2018-02-01,28429898.56,28429898.56,,-54.64,36.8,1,46,14.72
205,4,2018-03-01,42127153.2,42127153.2,,48.18,65.7,2,51,26.28
206,4,2018-04-01,9405429.93,9405429.93,,-77.67,61.9,1,55,24.76
207,4,2018-05-01,95381911.72,98856126.0,,914.12,64.9,3,21,25.96
208,4,2018-06-01,9987135.47,9987135.47,,-89.53,42.6,1,56,17.04
209,4,2018-07-01,75112340.31,30940471.16,,652.09,67.9,3,36,27.16
210,4,2018-08-01,39376839.54,39376839.54,,-47.58,78.2,1,29,31.28
211,4,2018-09-01,78696428.56,53194673.12,,99.85,93.9,8,52,37.56
212,4,2018-10-01,54529419.54,54529419.54,,-30.71,45.7,2,16,18.28
213,4,2018-11-01,46200868.39,46200868.39,,-15.27,60.6,2,55,24.24
214,4,2018-12-01,54438980.01,28178811.36,,17.83,69.0,3,15,27.6
215,4,2019-01-01,43343396.18,43343396.18,-30.84,-20.38,60.2,1,47,5.58
216,4,2019-02-01,166363719.16,166363719.16,485.17,283.83,41.6,2,75,307.74
217,4,2019-03-01,77267273.79,77267273.79,83.41,-53.56,60.0,1,31,74.05
218,4,2019-04-01,10203328.36,10203328.36,8.48,-86.79,59.1,1,68,28.73
219,4,2019-05-01,14804223.68,14804223.68,-84.48,45.09,74.0,2,18,-21.09
220,4,2019-06-01,121231909.58,121231909.58,1113.88,718.9,51.0,2,76,688.73
221,4,2019-07-01,59664873.59,41144138.67,-20.57,-50.78,77.3,6,87,18.58
222,4,2019-08-01,73024205.29,73024205.29,85.45,22.39,65.5,2,69,77.47
223,4,2019-09-01,86183554.29,117201313.46,9.51,18.02,51.6,3,35,26.35
224,4,2019-10-01,32158106.27,16296506.58,-41.03,-62.69,64.5,3,24,1.18
225,4,2019-11-01,89500981.15,89500981.15,93.72,178.32,48.9,1,49,75.79
226,4,2019-12-01,22312265.81,22312265.81,-59.01,-75.07,53.6,2,60,-13.97
227,4,2020-01-01,27620212.53,11546859.45,-36.28,23.79,50.0,4,90,-1.77
228,4,2020-02-01,53482738.88,53482738.88,-67.85,93.64,55.4,2,77,-18.55
229,4,2020-03-01,79038574.37,27939127.74,2.29,47.78,78.5,3,72,32.77
230,4,2020-04-01,14154062.69,14154062.69,38.72,-82.09,74.5,2,45,53.03
231,4,2020-05-01,35493879.0,37810317.48,139.76,150.77,71.9,3,67,112.62
232,4,2020-06-01,48778460.11,48778460.11,-59.76,37.43,70.7,2,63,-7.58
233,4,2020-07-01,67440761.42,19780211.04,13.03,38.26,71.3,3,17,36.34
234,4,2020-08-01,14454188.86,14454188.86,-80.21,-78.57,52.4,2,88,-27.17
235,4,2020-09-01,87217927.38,87217927.38,1.2,503.41,62.4,2,83,25.68
236,4,2020-10-01,95588047.43,94479407.66,197.24,9.6,64.1,3,55,143.98
237,4,2020-11-01,92711918.88,92711918.88,3.59,-3.01,35.1,1,89,16.19
238,4,2021-01-01,70862041.47,35222362.82,217.59,-23.57,58.3,3,29,153.87
239,4,2021-02-01,30429900.78,13202140.74,10.17,-57.06,75.2,3,86,36.18
240,4,2021-03-01,58892646.6,53391557.31,10.12,93.54,72.5,4,26,35.07
241,4,2021-04-01,30056408.75,21270624.43,-61.97,-48.96,73.4,4,71,-7.82
242,4,2021-05-01,84988423.52,84988423.52,500.45,182.76,48.4,1,53,319.63
243,4,2021-06-01,41688838.32,41688838.32,17.45,-50.95,70.6,2,77,38.71
244,4,2021-07-01,10833174.0,10833174.0,-77.79,-74.01,62.3,1,44,-21.75
245,4,2021-08-01,141088871.18,141088871.18,109.2,1202.38,39.2,1,64,81.2
246,4,2021-09-01,38831385.15,34598407.48,168.65,-72.48,76.4,5,70,131.75
247,4,2021-10-01,37767920.74,21726096.04,-56.7,-2.74,66.1,3,61,-7.58
248,4,2021-11-01,79297039.47,79297039.47,-17.04,109.96,53.9,2,41,11.34
249,4,2021-12-01,27564863.61,27564863.61,-70.27,-65.24,70.5,2,71,-13.96
250,4,2022-02-01,23670038.8,23670038.8,-66.6,-14.13,50.3,2,82,-19.84
251,4,2022-03-01,75740616.7,75740616.7,148.9,219.99,60.9,1,82,113.7
252,4,2022-04-01,22127800.18,22127800.18,-62.43,-70.78,44.4,2,59,-19.7
253,4,2022-05-01,13432527.57,13432527.57,-55.31,-39.3,42.9,1,82,-16.03
254,4,2022-06-01,140738126.57,152194005.6,65.6,947.74,70.1,5,72,67.4
255,4,2022-08-01,22596725.98,22596725.98,-45.8,-83.94,72.2,2,53,1.4
256,4,2022-09-01,26511594.85,26511594.85,144.73,17.32,47.9,2,79,106.0
257,4,2022-10-01,109366039.76,109366039.76,-22.48,312.52,60.0,2,59,10.51
258,4,2022-11-01,60893115.44,60893115.44,56.81,-44.32,57.0,2,61,56.89
259,4,2022-12-01,33897435.96,16059404.4,-10.25,-44.33,73.4,4,72,23.21
260,4,2023-01-01,52055246.86,61494795.74,-34.35,53.57,52.8,3,29,0.51
261,4,2023-02-01,70242724.29,70242724.29,154.83,34.94,60.9,2,46,117.26
262,4,2023-03-01,70568955.22,79012048.46,198.14,0.46,78.6,3,29,150.32
263,4,2023-04-01,31885424.08,31885424.08,-57.9,-54.82,71.7,1,83,-6.06
264,4,2023-05-01,12928518.2,12928518.2,-41.57,-59.45,44.1,2,47,-7.3
265,4,2023-06-01,29783856.7,29783856.7,121.73,130.37,67.8,2,48,100.16
266,4,2023-08-01,132437220.53,193632656.4,-5.9,344.66,80.5,5,48,28.66
267,4,2023-09-01,17923427.83,17923427.83,-20.68,-86.47,58.5,1,64,10.99
268,4,2023-10-01,19666626.65,19666626.65,-25.82,9.73,61.5,2,23,9.11
269,4,2023-12-01,53568040.97,32191431.83,-51.02,172.38,91.3,4,70,5.91
270,4,2024-02-01,108776444.76,108776444.76,78.64,103.06,53.3,2,46,68.5
271,4,2024-03-01,71896781.6,74736127.6,112.1,-33.9,63.7,7,87,92.74
272,4,2024-06-01,77610835.01,19309774.86,49.09,7.95,71.0,3,55,57.85
273,5,2018-01-01,50304530.8,50304530.8,,,50.5,2,38,20.2
274,5,2018-02-01,60899917.2,60899917.2,,21.06,35.7,1,58,14.28
275,5,2018-03-01,86331898.37,86331898.37,,41.76,60.9,2,76,24.36
276,5,2018-04-01,43027060.98,43027060.98,,-50.16,51.4,1,47,20.56
277,5,2018-05-01,19323271.91,20086472.95,,-55.09,56.3,3,76,22.52
278,5,2018-09-01,16273963.09,16273963.09,,-15.78,46.1,1,76,18.44
279,5,2018-12-01,22582657.1,22582657.1,,38.77,59.5,1,76,23.8
280,5,2019-01-01,17560135.9,17560135.9,,-22.24,71.1,2,50,28.44
281,5,2019-02-01,56552985.46,56552985.46,,222.05,39.0,2,45,15.6
282,5,2019-04-01,38293756.97,17800159.13,,-32.29,78.7,4,71,31.48
283,5,2019-05-01,25452183.6,25452183.6,,-33.53,68.4,1,35,27.36
284,5,2019-06-01,18235978.56,18235978.56,,-28.35,53.5,1,25,21.4
285,5,2019-07-01,17407975.35,16591725.28,-65.39,-4.54,50.2,3,33,-19.15
286,5,2019-08-01,21974575.6,19272439.55,-63.92,26.23,56.0,3,43,-15.95
287,5,2019-09-01,198882365.33,198882365.33,130.37,805.06,39.9,1,79,94.18
288,5,2019-10-01,32983166.4,13801958.18,-23.34,-83.42,68.9,6,50,13.56
289,5,2019-11-01,91457514.18,91457514.18,373.3,177.29,55.9,1,80,246.34
290,5,2019-12-01,54498804.93,75894642.72,234.88,-40.41,62.1,3,73,165.77
291,5,2020-01-01,27300260.29,27436194.98,20.89,-49.91,75.8,4,71,42.85
292,5,2020-02-01,113768049.39,113768049.39,547.88,316.73,54.6,1,62,350.57
293,5,2020-03-01,64137174.22,64137174.22,13.41,-43.62,54.5,2,64,29.85
294,5,2020-05-01,10707158.96,10707158.96,-72.04,-83.31,58.3,2,24,-19.9
295,5,2020-06-01,64751453.68,64751453.68,154.4,504.75,48.1,2,25,111.88
296,5,2020-08-01,59765141.87,22082735.28,227.73,-7.7,62.6,3,85,161.68
297,5,2020-09-01,50923213.06,50923213.06,192.53,-14.79,63.3,2,87,140.84
298,5,2020-10-01,19739751.02,19739751.02,-10.17,-61.24,57.6,2,81,16.94
299,5,2020-11-01,30901252.2,30901252.2,-84.46,56.54,68.9,2,75,-23.12
300,5,2020-12-01,27596344.6,19431435.52,-16.33,-10.7,70.3,4,57,18.32
301,5,2021-01-01,46141060.15,46141060.15,-49.55,67.2,69.2,1,62,-2.05
302,5,2021-02-01,21026349.95,21026349.95,-61.42,-54.43,46.3,1,78,-18.33
303,5,2021-04-01,16361224.08,16361224.08,-40.07,-22.19,51.5,1,90,-3.44
304,5,2021-05-01,97040654.34,123702511.68,-14.7,493.11,47.6,3,83,10.22
305,5,2021-06-01,22711889.2,22711889.2,-64.59,-76.6,64.2,1,43,-13.07
306,5,2021-07-01,22882542.35,22882542.35,113.71,0.75,46.4,1,31,86.79
307,5,2021-08-01,14801927.28,12900930.22,-77.14,-35.31,80.1,3,38,-14.24
308,5,2021-09-01,77209031.15,77209031.15,29.19,421.61,41.4,2,20,34.07
309,5,2021-10-01,79696285.25,83503335.63,56.5,3.22,68.1,5,18,61.14
310,5,2021-11-01,29637677.22,29637677.22,50.14,-62.81,74.6,2,22,59.92
311,5,2021-12-01,133568207.08,133568207.08,332.24,350.67,63.9,1,56,224.9
312,5,2022-02-01,81250238.16,81250238.16,194.42,-39.17,34.2,2,90,130.33
313,5,2022-03-01,15169576.87,15169576.87,-67.12,-81.33,58.9,1,16,-16.71
314,5,2022-04-01,29122818.57,28307115.0,38.51,91.98,56.0,3,55,45.51
315,5,2022-05-01,104713119.1,74863833.9,540.01,259.56,73.0,3,51,353.21
316,5,2022-06-01,14917367.6,14917367.6,-84.63,-85.75,55.5,2,59,-28.58
317,5,2022-07-01,75179504.24,53291756.7,231.01,403.97,72.3,3,29,167.53
318,5,2022-08-01,62937347.8,62937347.8,175.05,-16.28,41.5,1,71,121.63
319,5,2022-09-01,12328964.89,7316854.02,-16.71,-80.41,62.9,3,44,15.13
320,5,2022-10-01,15331547.97,15331547.97,-80.14,24.35,58.2,1,63,-24.8
321,5,2022-11-01,16803823.4,16803823.4,-78.92,9.6,45.7,1,56,-29.07
322,5,2022-12-01,19902603.78,19902603.78,-32.85,18.44,51.8,1,85,1.01
323,5,2023-02-01,83668943.27,83668943.27,-37.36,320.39,70.5,1,61,5.78
324,5,2023-03-01,17301549.34,17301549.34,-78.71,-79.32,64.2,2,51,-21.55
325,5,2023-04-01,15184414.85,15184414.85,0.1,-12.24,41.6,2,19,16.7
326,5,2023-06-01,28536157.65,28536157.65,-2.01,87.93,52.7,1,56,19.87
327,5,2023-07-01,18416462.06,18416462.06,-82.41,-35.46,68.7,2,87,-21.97
328,5,2023-09-01,190567257.5,190567257.5,1177.49,934.77,55.1,2,23,728.53
329,5,2023-10-01,22652696.88,19516906.08,-69.87,-88.11,70.6,3,88,-13.68
330,5,2023-11-01,70010777.46,70010777.46,11.24,209.06,70.0,2,43,34.74
331,5,2023-12-01,66002044.0,66002044.0,435.34,-5.73,46.0,2,50,279.6
332,5,2024-01-01,28401753.5,28401753.5,85.25,-56.97,64.4,2,53,76.91
333,5,2024-02-01,24724182.85,24724182.85,47.13,-12.95,57.8,1,38,51.4
334,5,2024-03-01,121233769.32,45979872.7,509.14,390.34,76.0,3,52,335.88
335,5,2024-04-01,73917768.56,73917768.56,-11.65,-39.03,56.8,2,67,15.73
336,5,2024-05-01,64949286.85,16750885.51,275.4,-12.13,68.9,3,31,192.8
337,6,2018-01-01,46298330.78,54948442.43,,,79.7,3,75,31.88
338,6,2018-02-01,47659365.36,25338562.2,,2.94,75.3,3,28,30.12
339,6,2018-03-01,91890953.61,131271431.64,,92.81,60.3,3,32,24.12
340,6,2018-04-01,71234897.44,71234897.44,,-22.48,60.1,2,39,24.04
341,6,2018-06-01,55204518.08,15771421.68,,-22.5,82.9,3,44,33.16
342,6,2018-08-01,47874090.36,45467866.29,,-13.28,42.1,3,46,16.84
343,6,2018-09-01,74789157.19,74789157.19,,56.22,39.1,1,22,15.64
344,6,2018-12-01,10054778.88,10054778.88,,-86.56,71.3,2,67,28.52
345,6,2019-01-01,91967866.76,109187935.41,,814.67,72.7,4,58,29.08
346,6,2019-03-01,18038855.68,18038855.68,,-80.39,66.0,1,45,26.4
347,6,2019-04-01,66926733.76,29596289.08,,271.01,91.4,8,40,36.56
348,6,2019-05-01,52095118.79,54294192.28,,-22.16,71.4,3,62,28.56
349,6,2019-06-01,41232908.64,41232908.64,-10.94,-20.85,66.2,1,39,19.92
350,6,2019-07-01,111646968.0,111646968.0,134.26,170.77,59.2,1,62,104.24
351,6,2019-08-01,43015488.98,43015488.98,-53.19,-61.47,59.4,2,75,-8.15
352,6,2019-09-01,42878830.51,20210514.95,-39.81,-0.32,78.7,3,55,7.59
353,6,2019-10-01,41970256.23,34121570.0,-23.97,-2.12,68.9,3,89,13.18
354,6,2019-12-01,14852896.38,14852896.38,-68.98,-64.61,57.1,1,84,-18.55
355,6,2020-01-01,20819973.1,20819973.1,-72.16,40.17,74.3,1,17,-13.58
356,6,2020-02-01,77219143.34,17552128.89,667.98,270.89,54.0,3,88,422.39
357,6,2020-03-01,89428117.63,89428117.63,-2.76,15.81,45.0,2,65,16.34
358,6,2020-04-01,29441786.99,29441786.99,63.21,-67.08,79.9,2,35,69.89
359,6,2020-05-01,72350784.46,78620338.6,8.1,145.74,52.3,4,79,25.78
360,6,2020-06-01,14057398.55,14057398.55,-73.02,-80.57,78.9,2,38,-12.25
361,6,2020-07-01,97017438.72,97017438.72,135.29,590.15,56.1,1,30,103.61
362,6,2020-08-01,41189703.4,41189703.4,-63.11,-57.54,46.8,2,66,-19.15
363,6,2020-09-01,34851475.12,34851475.12,-18.98,-15.39,59.2,1,15,12.29
364,6,2020-10-01,90357595.1,92823343.1,110.73,159.26,60.0,4,82,90.44
365,6,2020-11-01,99935696.25,99935696.25,138.11,10.6,53.9,2,77,104.43
366,6,2020-12-01,32858162.54,22055745.69,121.22,-67.12,69.7,3,86,100.61
367,6,2021-01-01,87547098.43,75467330.58,320.5,166.44,61.4,4,77,216.86
368,6,2021-02-01,95963999.04,95963999.04,24.27,9.61,46.2,1,56,33.04
369,6,2021-03-01,166907366.9,149900004.98,86.64,73.93,78.4,4,75,83.34
370,6,2021-04-01,59363576.72,59363576.72,101.63,-64.43,53.6,2,79,82.42
371,6,2021-05-01,56558678.14,56558678.14,-21.83,-4.72,50.1,2,85,6.94
372,6,2021-06-01,15129972.27,15129972.27,7.63,-73.25,35.1,1,33,18.62
373,6,2021-07-01,139951979.31,139951979.31,44.25,825.0,45.7,1,75,44.83
374,6,2021-09-01,49122496.06,16268213.28,19.26,-64.9,66.2,5,39,38.04
375,6,2021-10-01,55064561.73,55064561.73,58.0,12.1,50.0,2,74,54.8
376,6,2021-11-01,68845298.88,68845298.88,-23.81,25.03,75.1,2,69,15.75
377,6,2021-12-01,243708160.41,243708160.41,143.86,253.99,68.8,1,46,113.84
378,6,2022-01-01,40639170.82,24495192.92,23.68,-83.32,71.5,4,21,42.81
379,6,2022-02-01,191502268.95,191502268.95,118.74,371.23,49.3,1,90,90.96
380,6,2022-03-01,11321122.56,11321122.56,-88.2,-94.09,48.0,1,75,-33.72
381,6,2022-04-01,63133031.48,63133031.48,-62.17,457.66,55.9,1,73,-14.94
382,6,2022-05-01,58558189.03,35957262.4,-1.36,-7.25,75.4,5,43,29.34
383,6,2022-06-01,32752064.43,14101867.32,-42.09,-44.07,54.1,3,89,-3.61
384,6,2022-07-01,36504161.65,19183701.7,141.27,11.46,80.2,4,80,116.84
385,6,2022-08-01,11204828.2,11204828.2,-91.99,-69.31,48.8,1,46,-35.67
386,6,2022-09-01,10496205.94,10496205.94,-78.63,-6.32,56.5,1,70,-24.58
387,6,2022-10-01,19146140.52,19146140.52,-65.23,82.41,45.8,1,64,-20.82
388,6,2022-11-01,104850551.99,116071013.73,52.3,447.63,51.6,3,67,52.02
389,6,2022-12-01,19744983.36,19744983.36,-91.9,-81.17,35.5,1,18,-40.94
390,6,2023-01-01,37500677.34,37500677.34,-7.72,89.93,61.9,2,87,20.13
391,6,2023-02-01,10374811.75,10374811.75,-94.58,-72.33,58.8,2,78,-33.23
392,6,2023-03-01,21306621.36,21306621.36,88.2,105.37,44.8,1,87,70.84
393,6,2023-04-01,14934517.05,14934517.05,-76.34,-29.91,59.4,2,78,-22.04
394,6,2023-05-01,25934358.14,25934358.14,-55.71,73.65,57.9,2,79,-10.27
395,6,2023-06-01,96442265.55,96442265.55,194.46,271.87,67.5,2,56,143.68
396,6,2023-09-01,18380280.53,19002402.76,-49.65,-80.94,56.2,4,57,-7.31
397,6,2023-10-01,121701211.31,84924113.47,986.15,562.13,80.2,5,16,623.77
398,6,2023-11-01,38793580.45,31375528.5,269.6,-68.12,56.5,3,22,184.36
399,6,2024-01-01,183665339.58,183665339.58,859.28,373.44,54.6,1,52,537.41
400,6,2024-02-01,92328331.66,92328331.66,-11.94,-49.73,33.7,2,50,6.32
401,6,2024-03-01,23713710.44,23713710.44,20.1,-74.32,50.2,2,61,32.14
402,6,2024-04-01,92330044.91,23941231.87,146.21,289.35,71.3,5,20,116.25
403,6,2024-05-01,80976553.59,70939315.08,680.51,-12.3,73.7,5,71,437.79
404,6,2024-06-01,58215453.54,36525241.62,173.23,-28.11,68.5,4,32,131.34
405,7,2018-01-01,33237884.85,31465215.82,,,51.2,3,66,20.48
406,7,2018-02-01,22046485.37,15669712.1,,-33.67,73.9,3,35,29.56
407,7,2018-04-01,87699528.23,97517922.52,,297.79,62.2,5,18,24.88
408,7,2018-05-01,38100027.77,38100027.77,,-56.56,60.3,1,25,24.12
409,7,2018-06-01,37658142.04,37658142.04,,-1.16,46.0,1,17,18.4
410,7,2018-07-01,22192680.0,22192680.0,,-41.07,63.3,1,71,25.32
411,7,2018-08-01,103951821.12,103951821.12,,368.41,57.2,1,44,22.88
412,7,2018-09-01,17884883.36,17884883.36,,-82.8,64.5,1,38,25.8
413,7,2018-10-01,82147574.65,82147574.65,,359.31,63.9,2,33,25.56
414,7,2018-11-01,57896948.44,35071369.6,,-29.52,78.4,6,66,31.36
415,7,2018-12-01,29316306.32,29316306.32,,-49.36,56.1,1,60,22.44
416,7,2019-01-01,74756739.88,74756739.88,,155.0,53.9,2,33,21.56
417,7,2019-02-01,100698620.87,100698620.87,202.96,34.7,66.6,2,72,148.42
418,7,2019-03-01,65370651.07,53000889.24,196.51,-35.08,72.5,3,81,146.91
419,7,2019-04-01,19141320.54,9728275.5,-78.17,-70.72,53.5,3,35,-25.5
420,7,2019-05-01,19685108.63,19685108.63,-48.33,2.84,48.9,2,59,-9.44
421,7,2019-06-01,4983017.66,4983017.66,-86.77,-74.69,67.0,1,52,-25.26
422,7,2019-07-01,29995566.34,29995566.34,35.16,501.96,69.5,1,64,48.9
423,7,2019-08-01,47129513.62,26554059.18,-54.66,57.12,52.7,3,45,-11.72
424,7,2019-09-01,57789926.68,34760328.28,223.12,22.62,61.0,4,17,158.27
425,7,2019-11-01,65683478.8,65683478.8,-20.04,13.66,44.1,1,57,5.62
426,7,2019-12-01,40622131.42,40622131.42,-29.84,-38.15,45.0,1,53,0.1
427,7,2020-01-01,105944417.04,105944417.04,261.38,160.8,64.8,1,25,182.75
428,7,2020-02-01,12410756.82,12410756.82,-83.4,-88.29,67.7,1,59,-22.96
429,7,2020-03-01,8988117.0,8988117.0,-91.07,-27.58,58.1,1,69,-31.4
430,7,2020-04-01,33822474.34,33822474.34,-48.26,276.3,75.6,2,78,1.28
431,7,2020-05-01,94758791.36,94758791.36,395.05,180.17,63.3,1,30,262.35
432,7,2020-06-01,97632253.52,114445852.44,395.97,3.03,65.8,4,23,263.9
433,7,2020-07-01,9144669.18,9144669.18,83.52,-90.63,85.0,1,73,84.11
434,7,2020-09-01,196465575.33,196465575.33,554.98,2048.42,54.5,1,71,354.79
435,7,2020-10-01,85815188.98,85815188.98,82.08,-56.32,59.8,2,55,73.17
436,7,2020-11-01,45507745.64,37168867.81,-21.25,-46.97,81.6,3,41,19.89
437,7,2020-12-01,29203993.62,29374466.94,-55.54,-35.83,62.7,3,89,-8.24
438,7,2021-01-01,11736853.19,11736853.19,-71.11,-59.81,52.6,1,85,-21.63
439,7,2021-02-01,50917792.3,20139395.25,-51.94,333.83,70.0,3,71,-3.16
440,7,2021-03-01,97339729.9,97339729.9,684.32,91.17,60.6,1,36,434.83
441,7,2021-04-01,112775808.0,112775808.0,1154.72,15.86,55.4,1,50,714.99
442,7,2021-05-01,78721430.94,78721430.94,132.75,-30.2,56.6,2,55,102.29
443,7,2021-06-01,5236997.12,5236997.12,-94.47,-93.35,45.9,1,85,-38.32
444,7,2021-07-01,48942164.95,32372980.36,-49.87,834.55,77.8,6,26,1.2
445,7,2021-08-01,102171330.48,102171330.48,1017.28,108.76,67.1,2,90,637.21
446,7,2021-09-01,42961954.32,42961954.32,-78.13,-57.95,54.9,1,85,-24.92
447,7,2021-10-01,47011521.76,29539047.48,-45.22,9.43,100.0,6,73,12.87
448,7,2021-11-01,87461071.68,58097798.27,92.19,86.04,59.5,3,19,79.11
449,7,2021-12-01,18444768.16,18444768.16,-36.84,-78.91,44.6,2,79,-4.26
450,7,2022-01-01,32079175.98,38695754.03,173.32,73.92,66.2,4,79,130.47
451,7,2022-02-01,9844906.89,9844906.89,-80.67,-69.31,52.1,1,53,-27.56
452,7,2022-03-01,21929911.08,21929911.08,-77.47,122.75,71.0,2,15,-18.08
453,7,2022-04-01,34242040.28,34242040.28,-69.64,56.14,59.7,2,78,-17.9
454,7,2022-05-01,48956810.43,37394460.4,-37.81,42.97,79.0,5,57,8.91
455,7,2022-06-01,107691335.28,107691335.28,1956.36,119.97,64.9,1,55,1199.78
456,7,2022-07-01,48183530.2,53836225.8,-1.55,-55.26,89.4,4,40,34.83
457,7,2022-09-01,49738808.22,32308208.25,-51.32,3.23,50.6,3,85,-10.55
458,7,2022-10-01,12034985.7,12034985.7,-71.99,-75.8,63.5,1,15,-17.79
459,7,2022-12-01,112386963.52,112386963.52,139.06,833.84,53.6,1,61,104.88
460,7,2023-01-01,71351827.79,36529699.84,-18.42,-36.51,64.5,3,40,14.75
461,7,2023-02-01,159894822.58,159894822.58,766.88,124.09,51.3,1,65,480.65
462,7,2023-03-01,83316409.95,83316409.95,159.72,-47.89,40.8,1,58,112.15
463,7,2023-04-01,25505666.25,22637382.88,159.07,-69.39,62.0,4,76,120.24
464,7,2023-05-01,21342102.57,21342102.57,-2.68,-16.32,53.6,2,33,19.83
465,7,2023-07-01,82957202.39,74903422.74,142.27,288.7,81.4,4,70,117.92
466,7,2023-08-01,193346704.48,193346704.48,294.93,133.07,74.9,1,81,206.92
467,7,2023-09-01,29568169.28,29568169.28,-72.54,-84.71,55.5,1,42,-21.32
468,7,2023-10-01,47107217.5,47107217.5,-2.23,59.32,69.9,2,62,26.62
469,7,2023-11-01,132601887.9,132601887.9,166.6,181.49,38.8,1,19,115.48
470,7,2023-12-01,45419516.58,45419516.58,277.4,-65.75,63.4,2,73,191.8
471,7,2024-01-01,163787002.08,163787002.08,45.73,260.61,47.0,1,18,46.24
472,7,2024-02-01,26288892.24,26288892.24,-63.16,-83.95,59.7,2,59,-14.02
473,7,2024-03-01,12952134.03,12952134.03,-91.9,-50.73,65.5,1,25,-28.94
474,7,2024-04-01,17301542.65,17301542.65,-79.23,33.58,64.6,2,39,-21.7
475,7,2024-05-01,33171027.41,40321469.44,30.05,91.72,61.1,3,20,42.47
476,7,2024-06-01,7186098.27,7186098.27,-66.33,-78.34,61.0,1,67,-15.4
477,8,2018-02-01,77148646.66,77148646.66,,,78.1,2,68,31.24
478,8,2018-03-01,76324029.34,78457108.98,,-1.07,69.6,3,72,27.84
479,8,2018-04-01,55113730.77,54271011.12,,-27.79,59.2,3,38,23.68
480,8,2018-05-01,49588285.28,49588285.28,,-10.03,41.9,1,23,16.76
481,8,2018-06-01,82247765.64,82852570.71,,65.86,73.8,3,31,29.52
482,8,2018-07-01,25979730.68,25979730.68,,-68.41,52.8,2,83,21.12
483,8,2018-08-01,54496405.85,54496405.85,,109.77,60.6,2,28,24.24
484,8,2018-09-01,104171092.56,104171092.56,,91.15,71.5,2,55,28.6
485,8,2018-10-01,22299502.5,22299502.5,,-78.59,50.8,1,64,20.32
486,8,2018-11-01,35232025.6,35232025.6,,57.99,71.6,2,85,28.64
487,8,2018-12-01,102712212.9,109029610.04,,191.53,70.0,5,46,28.0
488,8,2019-02-01,76736097.06,55371786.82,,-25.29,60.9,4,85,24.36
489,8,2019-03-01,84025499.18,109504722.96,8.91,9.5,60.8,3,72,29.67
490,8,2019-04-01,73007277.66,73007277.66,-4.35,-13.11,64.3,2,18,23.11
491,8,2019-07-01,71011269.28,71011269.28,28.84,-2.73,50.8,2,38,37.62
492,8,2019-08-01,80126297.1,80126297.1,61.58,12.84,54.8,1,76,58.87
493,8,2019-09-01,86483963.04,86483963.04,5.15,7.93,75.8,1,81,33.41
494,8,2019-10-01,87528201.01,87528201.01,236.91,1.21,71.3,2,57,170.67
495,8,2019-11-01,43610292.68,32127374.17,-19.98,-50.18,63.2,4,43,13.29
496,8,2019-12-01,63904050.16,67973023.58,-38.65,46.53,88.7,4,72,12.29
497,8,2020-01-01,114683315.2,114683315.2,414.29,79.46,67.9,2,87,275.73
498,8,2020-02-01,121490948.22,121490948.22,244.83,5.94,69.7,2,86,174.78
499,8,2020-04-01,11108720.0,11108720.0,-89.18,-90.86,59.7,1,34,-29.63
500,8,2020-05-01,40028154.79,14009889.9,-47.84,260.33,73.7,5,29,0.78
501,8,2020-06-01,46375237.92,46375237.92,-44.81,15.86,70.8,1,51,1.43
502,8,2020-07-01,71098395.69,71098395.69,-2.61,53.31,66.9,2,88,25.19
503,8,2020-08-01,32190385.24,32190385.24,-54.67,-54.72,69.9,2,36,-4.84
504,8,2020-09-01,135137018.27,135137018.27,68.66,319.81,56.1,2,54,63.64
505,8,2020-10-01,47957509.19,32196344.88,-44.55,-64.51,74.7,5,25,3.15
506,8,2020-11-01,47919228.85,47919228.85,-45.25,-0.08,53.7,2,43,-5.67
507,8,2020-12-01,32159076.95,32159076.95,-26.26,-32.89,58.3,1,75,7.56
508,8,2021-01-01,29507071.94,25998891.88,-53.83,-8.25,73.6,4,28,-2.86
509,8,2021-02-01,38509230.5,38509230.5,-66.42,30.51,58.9,1,76,-16.29
510,8,2021-03-01,64434514.42,64434514.42,-46.96,67.32,60.2,2,45,-4.1
511,8,2021-04-01,83564423.67,83564423.67,652.24,29.69,55.0,1,15,413.34
512,8,2021-05-01,51275919.91,49617841.68,28.1,-38.64,100.0,8,69,56.86
513,8,2021-06-01,26326627.97,26326627.97,-43.23,-48.66,67.5,2,39,1.06
514,8,2021-08-01,66263369.25,38620350.6,-6.8,151.7,80.6,3,87,28.16
515,8,2021-09-01,58745185.43,58745185.43,82.49,-11.35,62.2,2,19,74.37
516,8,2021-10-01,21663544.05,21663544.05,-83.97,-63.12,41.1,1,82,-33.94
517,8,2021-11-01,28780474.68,28780474.68,-39.99,32.85,72.8,2,62,5.13
518,8,2021-12-01,62065825.99,12529404.04,29.52,115.65,58.1,3,82,40.95
519,8,2022-01-01,50709082.56,50958289.5,57.68,-18.3,77.5,5,42,65.61
520,8,2022-02-01,57049594.76,57049594.76,93.34,12.5,71.3,2,19,84.52
521,8,2022-03-01,83510938.55,83510938.55,116.86,46.38,73.4,1,67,99.48
522,8,2022-04-01,86176471.17,80792575.2,33.74,3.19,60.7,3,86,44.52
523,8,2022-05-01,93813193.9,110148985.35,12.26,8.86,66.4,3,48,33.92
524,8,2022-07-01,10648853.15,10648853.15,-79.23,-88.65,39.9,2,79,-31.58
525,8,2022-08-01,30313963.16,26446068.68,15.15,184.67,88.3,7,41,44.41
526,8,2022-09-01,102507377.39,92635815.3,54.7,238.15,59.2,3,69,56.5
527,8,2022-10-01,32498483.32,32498483.32,-44.68,-68.3,64.6,2,81,-0.97
528,8,2022-11-01,118414680.3,118414680.3,446.61,264.37,44.2,1,30,285.65
529,8,2022-12-01,77169873.25,77169873.25,168.13,-34.83,64.0,2,69,126.48
530,8,2023-01-01,34153923.87,38613501.28,-44.97,-55.74,71.0,3,71,1.42
531,8,2023-02-01,8027668.8,8027668.8,-84.17,-76.5,70.3,1,35,-22.38
532,8,2023-03-01,128598884.01,106959176.04,125.42,1501.95,45.5,3,40,93.45
533,8,2023-05-01,40236197.6,40236197.6,-51.82,-68.71,72.6,2,83,-2.05
534,8,2023-06-01,62297908.18,72824670.0,-27.71,54.83,49.9,3,65,3.33
535,8,2023-09-01,109644559.44,109644559.44,16.88,76.0,43.1,1,69,27.37
536,8,2023-10-01,58471044.25,41375599.81,449.08,-46.67,51.4,3,58,290.01
537,8,2023-11-01,109742037.44,109742037.44,262.02,87.69,70.9,1,67,185.57
538,8,2023-12-01,138785048.97,136751527.44,35.39,26.46,59.9,3,20,45.19
539,8,2024-01-01,33269176.62,33269176.62,2.37,-76.03,63.5,2,66,26.82
540,8,2024-02-01,31480997.21,31480997.21,-73.41,-5.37,46.9,1,75,-25.29
541,8,2024-03-01,211534094.16,211534094.16,174.11,571.94,62.7,1,76,129.55
542,8,2024-04-01,42527337.06,42527337.06,24.52,-79.9,65.7,1,62,40.99
543,8,2024-05-01,54330099.18,54330099.18,576.79,27.75,72.2,2,59,374.95
544,8,2024-06-01,63763438.64,63763438.64,-50.42,17.36,64.7,2,87,-4.37
545,9,2018-02-01,20733475.4,20733475.4,,,58.3,1,60,23.32
546,9,2018-03-01,13342927.22,13342927.22,,-35.65,54.8,2,72,21.92
547,9,2018-04-01,22016418.82,23838714.2,,65.0,78.0,3,46,31.2
548,9,2018-05-01,39022092.33,39022092.33,,77.24,63.3,2,56,25.32
549,9,2018-06-01,21375363.39,7034898.6,,-45.22,90.3,5,52,36.12
550,9,2018-07-01,26066905.47,32543953.7,,21.95,53.1,3,27,21.24
551,9,2018-08-01,15254189.09,15254189.09,,-41.48,42.0,1,15,16.8
552,9,2018-09-01,25428083.14,14052753.0,,66.7,69.3,3,55,27.72
553,9,2018-10-01,38514442.33,38514442.33,,51.46,66.5,2,71,26.6
554,9,2018-11-01,26148712.82,19979614.35,,-32.11,58.6,3,76,23.44
555,9,2018-12-01,11832787.44,11832787.44,,-54.75,65.8,1,31,26.32
556,9,2019-02-01,18888907.74,18888907.74,,59.63,49.2,2,60,19.68
557,9,2019-04-01,20842266.3,20842266.3,0.52,10.34,59.7,2,16,24.19
558,9,2019-05-01,5850842.64,5850842.64,-56.15,-71.93,63.4,1,52,-8.33
559,9,2019-06-01,38416375.19,20847827.0,74.49,556.6,78.1,3,20,75.93
560,9,2019-07-01,5828799.9,5828799.9,-85.06,-84.83,54.2,1,37,-29.36
561,9,2019-09-01,18585055.1,20058084.95,-13.05,218.85,49.8,3,57,12.09
562,9,2019-10-01,6171754.3,6171754.3,-76.32,-66.79,56.8,1,83,-23.07
563,9,2019-11-01,27452568.74,29143380.08,79.97,344.81,74.5,4,79,77.78
564,9,2019-12-01,29376331.78,22192406.0,15.53,7.01,71.7,3,85,38.0
565,9,2020-01-01,19148933.3,19341730.58,-50.28,-34.82,75.5,4,23,0.03
566,9,2020-03-01,10948508.98,10948508.98,-58.13,-42.82,62.2,2,18,-10.0
567,9,2020-04-01,16243871.53,21478146.8,37.28,48.37,81.4,3,84,54.93
568,9,2020-05-01,10462116.34,10462116.34,-44.61,-35.59,75.5,2,55,3.43
569,9,2020-06-01,25683607.47,25683607.47,23.23,145.49,46.2,2,56,32.42
570,9,2020-07-01,36263586.56,36263586.56,519.8,41.19,61.1,2,82,336.32
571,9,2020-08-01,32528938.86,15568320.16,-15.33,-10.3,56.0,4,72,13.2
572,9,2020-09-01,20974486.52,20974486.52,259.84,-35.52,32.9,1,34,169.06
573,9,2020-10-01,2507241.6,2507241.6,-86.51,-88.05,47.9,1,42,-32.75
574,9,2020-12-01,30368498.82,30742493.76,392.06,1111.23,64.1,3,58,260.88
575,9,2021-01-01,22631998.66,10185968.31,-17.56,-25.48,55.5,3,77,11.66
576,9,2021-02-01,23174030.83,23174030.83,-21.11,2.39,41.6,2,79,3.97
577,9,2021-03-01,13890905.7,10517250.88,-27.46,-40.06,60.7,4,52,7.8
578,9,2021-05-01,14056397.24,14056397.24,28.39,1.19,74.8,2,61,46.95
579,9,2021-06-01,20139435.6,20139435.6,23.98,43.28,61.1,1,75,38.83
580,9,2021-07-01,36433344.96,36433344.96,248.24,80.91,55.0,1,34,170.94
581,9,2021-09-01,9550948.25,9500988.56,-62.81,-73.79,69.8,4,20,-9.77
582,9,2021-11-01,10004921.54,10004921.54,-72.41,4.75,60.4,2,82,-19.29
583,9,2021-12-01,26437309.46,26437309.46,-18.73,164.24,55.0,1,17,10.76
584,9,2022-01-01,19273657.72,16535090.0,-8.11,-27.1,81.4,5,34,27.69
585,9,2022-02-01,12612167.55,7754842.72,403.03,-34.56,90.5,3,51,278.02
586,9,2022-03-01,47618693.64,26788713.53,56.8,277.56,48.0,4,29,53.28
587,9,2022-04-01,15682040.4,15682040.4,-30.71,-67.07,40.8,1,17,-2.11
588,9,2022-05-01,24837531.04,21331736.9,7.18,58.38,69.4,3,51,32.07
589,9,2022-07-01,25487563.8,25487563.8,83.48,2.62,53.3,1,25,71.41
590,9,2022-08-01,12792477.5,12792477.5,-8.99,-49.81,61.5,2,62,19.21
591,9,2022-09-01,32323720.59,32323720.59,60.5,152.68,34.3,1,22,50.02
592,9,2022-11-01,22311629.64,22311629.64,-38.76,-30.97,47.2,2,74,-4.38
593,9,2022-12-01,14147729.54,14347297.96,48.13,-36.59,66.2,3,53,55.36
594,9,2023-01-01,9904866.3,9904866.3,-1.0,-29.99,49.2,1,89,19.08
595,9,2023-02-01,11788669.87,11536663.13,-55.41,19.02,64.7,4,46,-7.37
596,9,2023-03-01,17170085.13,14845108.21,-10.91,45.65,54.2,3,29,15.13
597,9,2023-04-01,27006451.95,18398304.99,114.13,57.29,62.8,3,66,93.6
598,9,2023-05-01,10587252.32,10587252.32,-77.77,-60.8,47.5,2,63,-27.66
599,9,2023-06-01,26954564.06,15180744.54,71.88,154.59,67.6,6,16,70.17
600,9,2023-07-01,26114092.69,17534832.6,5.14,-3.12,75.5,4,81,33.28
601,9,2023-08-01,12861551.25,11304702.15,-49.54,-50.75,71.0,4,30,-1.32
602,9,2023-09-01,26295534.4,26295534.4,105.55,104.45,66.9,2,69,90.09
603,9,2023-10-01,41638615.97,41638615.97,28.82,58.35,55.4,2,29,39.45
604,9,2023-11-01,43061687.22,43061687.22,93.0,3.42,66.9,2,26,82.56
605,9,2023-12-01,24617080.76,19430255.7,74.0,-42.83,93.0,4,58,81.6
606,9,2024-01-01,34995694.24,34995694.24,253.32,42.16,46.8,1,61,170.71
607,9,2024-02-01,41306155.87,41306155.87,250.39,18.03,51.1,2,63,170.67
608,9,2024-04-01,23761208.07,15115826.4,38.39,-42.48,80.8,5,70,55.35
609,9,2024-05-01,38547584.04,38547584.04,42.73,62.23,55.8,1,26,47.96
610,9,2024-06-01,14413602.86,14873336.77,36.14,-62.61,71.8,4,44,50.4
611,10,2018-01-01,8601228.34,8601228.34,,,83.7,2,51,33.48
612,10,2018-02-01,7166857.72,7166857.72,,-16.68,65.3,2,17,26.12
613,10,2018-04-01,12912198.81,12092513.16,,80.17,63.0,3,50,25.2
614,10,2018-06-01,18682695.27,18682695.27,,44.69,53.8,2,71,21.52
615,10,2018-07-01,9160128.42,9160128.42,,-50.97,51.6,2,60,20.64
616,10,2018-08-01,3318618.8,3318618.8,,-63.77,47.6,1,20,19.04
617,10,2018-11-01,19017501.65,19017501.65,,473.05,55.2,1,20,22.08
618,10,2018-12-01,8529719.8,8529719.8,,-55.15,46.1,1,20,18.44
619,10,2019-01-01,57128112.04,57128112.04,,569.75,71.1,2,54,28.44
620,10,2019-02-01,25390173.62,25390173.62,,-55.56,50.5,2,57,20.2
621,10,2019-04-01,2391356.0,2391356.0,,-90.58,52.7,1,85,21.08
622,10,2019-06-01,12206897.89,14531835.84,,410.46,78.9,3,53,31.56
623,10,2019-07-01,44803546.16,44803546.16,420.9,267.03,48.4,1,19,271.9
624,10,2019-08-01,30660383.52,30660383.52,327.81,-31.57,63.7,2,85,222.17
625,10,2019-09-01,22184855.99,23136440.6,71.81,-27.64,70.2,4,90,71.17
626,10,2019-10-01,26857362.51,26857362.51,43.76,21.06,40.8,1,32,42.58
627,10,2019-12-01,11104477.2,11104477.2,21.23,-58.65,57.7,1,31,35.82
628,10,2020-01-01,24666338.7,16704499.15,643.27,122.13,69.3,4,76,413.68
629,10,2020-02-01,7483583.8,7483583.8,-60.65,-69.66,66.0,1,17,-9.99
630,10,2020-04-01,16618015.94,16962966.2,94.82,122.06,73.4,3,66,86.25
631,10,2020-05-01,112410759.23,112410759.23,96.77,576.44,67.7,1,88,85.14
632,10,2020-06-01,34185757.14,34185757.14,34.64,-69.59,59.8,2,19,44.7
633,10,2020-07-01,14729000.85,14729000.85,515.93,-56.91,50.4,1,64,329.72
634,10,2020-08-01,30080148.23,30080148.23,146.42,104.22,43.4,1,54,105.21
635,10,2020-09-01,9050575.5,9050575.5,-79.8,-69.91,60.1,2,54,-23.84
636,10,2020-11-01,10836987.4,10836987.4,-64.65,19.74,77.2,1,45,-7.91
637,10,2020-12-01,10491945.69,10491945.69,-52.71,-3.18,43.6,1,57,-14.19
638,10,2021-03-01,36730312.53,51018399.2,36.76,250.08,70.8,3,70,50.38
639,10,2021-04-01,22627742.21,22842576.96,103.77,-38.39,81.9,3,59,95.02
640,10,2021-05-01,26209841.3,26209841.3,6.26,15.83,66.7,2,79,30.44
641,10,2021-06-01,17988002.37,17988002.37,140.37,-31.37,73.9,2,20,113.78
642,10,2021-07-01,24491048.83,13766853.87,47.38,36.15,88.0,5,43,63.63
643,10,2021-09-01,10503793.76,10503793.76,-90.66,-57.11,57.7,2,65,-31.32
644,10,2021-10-01,31730604.46,26630077.67,-7.18,202.09,71.3,4,42,24.21
645,10,2021-11-01,3223869.0,3223869.0,-78.11,-89.84,67.7,1,86,-19.79
646,10,2021-12-01,19655361.28,12863813.36,-34.66,509.68,70.2,4,42,7.28
647,10,2022-01-01,3679447.22,3679447.22,-59.35,-81.28,49.9,1,66,-15.65
648,10,2022-03-01,49482529.2,49482529.2,356.61,1244.84,61.3,1,52,238.49
649,10,2022-05-01,20564539.8,20564539.8,96.0,-58.44,61.0,1,77,82.0
650,10,2022-06-01,16511721.33,16908728.76,-55.05,-19.71,63.1,3,32,-7.79
651,10,2022-07-01,7138086.64,7138086.64,-68.45,-56.77,59.4,1,36,-17.31
652,10,2022-08-01,35485036.98,39993474.45,35.39,397.12,51.3,3,53,41.75
653,10,2022-10-01,17632771.85,17632771.85,-1.97,-50.31,46.6,2,61,17.46
654,10,2022-11-01,16533921.12,16533921.12,-32.49,-6.23,58.6,2,56,3.95
655,10,2022-12-01,24688790.56,24688790.56,135.05,49.32,53.5,2,80,102.43
656,10,2023-01-01,24818237.85,24818237.85,-21.78,0.52,57.6,2,27,9.97
657,10,2023-02-01,54165606.45,54165606.45,1580.14,118.25,76.6,2,77,978.72
658,10,2023-03-01,33138870.72,23800799.48,68.6,-38.82,56.3,3,19,63.68
659,10,2023-04-01,62462413.1,62462413.1,1597.6,88.49,47.8,2,82,977.68
660,10,2023-05-01,23071120.24,23071120.24,-53.38,-63.06,48.8,1,43,-12.51
661,10,2023-06-01,21171892.74,21171892.74,2.95,-8.23,73.9,1,45,31.33
662,10,2023-07-01,7588714.9,7588714.9,-54.04,-64.16,56.6,1,59,-9.78
663,10,2023-08-01,11129229.16,9933265.75,55.91,46.65,63.9,3,23,59.11
664,10,2023-11-01,28054493.8,24272632.76,-20.94,152.08,68.4,3,52,14.8
665,10,2023-12-01,14944013.3,17665933.26,-15.25,-46.73,62.1,4,38,15.69
666,10,2024-01-01,24083927.82,24083927.82,45.66,61.16,44.8,2,48,45.32
667,10,2024-02-01,25457315.55,25457315.55,3.11,5.7,53.6,1,49,23.31
668,10,2024-03-01,32072461.96,32072461.96,29.23,25.99,64.5,2,67,43.34
669,10,2024-06-01,41598477.2,41598477.2,-23.2,29.7,68.5,2,66,13.48
670,11,2018-01-01,18781978.02,18781978.02,,,65.9,2,46,26.36
671,11,2018-02-01,31639296.6,31639296.6,,68.46,49.6,2,19,19.84
672,11,2018-03-01,11963055.88,11963055.88,,-62.19,44.6,1,20,17.84
673,11,2018-04-01,11893810.6,11893810.6,,-0.58,51.2,1,19,20.48
674,11,2018-05-01,21168922.24,21168922.24,,77.98,52.8,2,48,21.12
675,11,2018-06-01,29212111.76,15356994.6,,38.0,69.2,4,60,27.68
676,11,2018-07-01,14332921.01,14332921.01,,-50.94,41.8,2,42,16.72
677,11,2018-08-01,45814179.08,45814179.08,,219.64,53.4,2,90,21.36
678,11,2018-09-01,6131069.8,6131069.8,,-86.62,65.8,1,85,26.32
679,11,2018-10-01,32398636.46,32398636.46,,428.43,59.8,2,17,23.92
680,11,2018-11-01,42094215.9,42094215.9,,29.93,56.2,1,49,22.48
681,11,2018-12-01,35207950.35,35207950.35,,-16.36,67.4,1,85,26.96
682,11,2019-02-01,14795895.84,14795895.84,-21.22,-57.98,59.2,2,84,10.95
683,11,2019-03-01,14174231.35,14342939.33,-55.2,-4.2,71.5,3,68,-4.52
684,11,2019-04-01,41872040.4,41872040.4,250.01,195.41,60.6,1,78,174.25
685,11,2019-05-01,26072979.6,26072979.6,119.21,-37.73,74.0,2,36,101.13
686,11,2019-06-01,8535966.4,8535966.4,-59.68,-67.26,46.0,2,55,-17.41
687,11,2019-08-01,12181004.22,12181004.22,-58.3,42.7,65.6,1,28,-8.74
688,11,2019-09-01,19931503.38,19931503.38,39.06,63.63,41.2,1,53,39.92
689,11,2019-10-01,37384176.64,37384176.64,-18.4,87.56,53.8,2,16,10.48
690,11,2019-11-01,4409846.18,4409846.18,-28.07,-88.2,51.5,1,88,3.76
691,11,2019-12-01,13019353.67,9718418.6,-59.82,195.23,70.7,3,63,-7.61
692,11,2020-01-01,38879064.13,38879064.13,-7.64,198.63,66.7,2,29,22.1
693,11,2020-02-01,7810992.56,7810992.56,-77.81,-79.91,70.5,1,71,-18.49
694,11,2020-03-01,43961744.74,43961744.74,197.12,462.82,69.2,2,21,145.95
695,11,2020-04-01,7475857.72,7475857.72,-47.26,-82.99,57.5,2,87,-5.36
696,11,2020-05-01,63013733.91,72548115.64,50.49,742.9,76.7,3,89,60.97
697,11,2020-06-01,49774030.09,49774030.09,90.9,-21.01,51.3,2,79,75.06
698,11,2020-07-01,62475553.54,72988268.78,631.91,25.52,65.0,3,72,405.15
699,11,2020-08-01,28157644.05,28157644.05,131.16,-54.93,55.3,1,41,100.82
700,11,2020-09-01,35920671.3,35920671.3,80.22,27.57,61.5,2,24,72.73
701,11,2020-10-01,6197033.6,6197033.6,-83.42,-82.75,65.5,1,78,-23.85
702,11,2020-11-01,20190514.54,20190514.54,357.85,225.81,79.1,1,16,246.35
703,11,2020-12-01,60851827.4,60851827.4,367.4,201.39,68.6,1,90,247.88
704,11,2021-01-01,38820585.73,38820585.73,-0.15,-36.2,58.1,2,79,23.15
705,11,2021-02-01,6367267.84,6367267.84,-18.48,-83.6,57.2,2,29,11.79
706,11,2021-03-01,22959107.87,22384677.28,-47.77,260.58,64.4,4,65,-2.9
707,11,2021-04-01,5729924.4,5729924.4,-23.35,-75.04,42.5,1,67,2.99
708,11,2021-05-01,99714334.86,99714334.86,58.24,1640.24,79.1,1,83,66.58
709,11,2021-06-01,24962974.33,24962974.33,-49.85,-74.97,67.3,2,86,-2.99
710,11,2021-07-01,12318411.7,12318411.7,-80.28,-50.65,54.5,2,28,-26.37
711,11,2021-08-01,23491303.44,15806034.18,-16.57,90.7,78.1,3,43,21.3
712,11,2021-09-01,26070563.01,26070563.01,-27.42,10.98,66.6,2,17,10.19
713,11,2021-11-01,4438874.7,4438874.7,-28.37,-82.97,68.8,1,44,10.5
714,11,2021-12-01,15346482.18,16952014.3,-23.99,245.73,70.8,4,84,13.93
715,11,2022-01-01,12782614.09,12782614.09,-78.99,-16.71,63.0,2,52,-22.19
716,11,2022-02-01,31100488.08,31100488.08,-19.89,143.3,47.7,2,63,7.15
717,11,2022-04-01,28831004.88,6645746.03,352.8,-7.3,60.7,3,28,235.96
718,11,2022-05-01,42871618.53,42871618.53,86.73,48.7,39.7,2,38,67.92
719,11,2022-06-01,6296427.8,6296427.8,9.89,-85.31,49.2,1,85,25.61
720,11,2022-07-01,73289994.53,80314541.06,-26.5,1063.99,73.2,4,27,13.38
721,11,2022-08-01,11759054.71,14096797.68,-52.89,-83.96,90.8,5,61,4.59
722,11,2022-09-01,15599652.99,10115104.96,26.64,32.66,74.0,4,21,45.58
723,11,2022-10-01,42280327.35,16772874.12,79.98,171.03,46.9,3,27,66.75
724,11,2022-11-01,49032051.24,49032051.24,88.07,15.97,68.9,2,63,80.4
725,11,2022-12-01,13700331.03,13676439.88,208.64,-72.06,54.7,3,47,147.06
726,11,2023-01-01,38892891.51,38892891.51,153.43,183.88,48.3,1,56,111.38
727,11,2023-02-01,27367203.1,12260312.4,114.1,-29.63,52.8,3,48,89.58
728,11,2023-03-01,103322653.14,103322653.14,232.22,277.54,58.9,1,67,162.89
729,11,2023-04-01,10531235.09,10531235.09,-63.47,-89.81,68.9,2,64,-10.52
730,11,2023-06-01,17101992.44,19968453.82,-60.11,62.39,85.4,5,34,-1.91
731,11,2023-07-01,28847151.77,12619560.24,358.15,68.68,86.9,5,62,249.65
732,11,2023-09-01,11934381.4,11934381.4,-83.72,-58.63,55.9,2,71,-27.87
733,11,2023-10-01,9773317.52,9773317.52,-16.89,-18.11,49.7,1,44,9.75
734,11,2023-11-01,34892369.66,11098978.36,123.67,257.02,81.0,3,29,106.6
735,11,2023-12-01,76149942.52,76149942.52,80.11,118.24,62.5,1,34,73.07
736,11,2024-01-01,4902535.85,4902535.85,-90.0,-93.56,65.4,2,59,-27.84
737,11,2024-02-01,23444464.86,23444464.86,71.12,378.21,45.0,1,43,60.67
738,11,2024-03-01,5282558.11,5282558.11,-86.42,-77.47,46.8,1,68,-33.13
739,11,2024-04-01,15922452.0,15922452.0,-41.82,201.42,62.5,1,28,-0.09
740,11,2024-05-01,25592677.41,25592677.41,-75.23,60.73,65.1,2,31,-19.1
741,11,2024-06-01,38202894.47,27138480.56,262.76,49.27,66.9,4,71,184.42
742,12,2018-01-01,8792772.17,8792772.17,,,55.8,2,66,22.32
743,12,2018-02-01,29963193.58,29963193.58,,240.77,61.0,2,90,24.4
744,12,2018-03-01,20592364.98,20592364.98,,-31.27,41.3,1,79,16.52
745,12,2018-04-01,22714680.12,17307553.56,,10.31,49.5,3,72,19.8
746,12,2018-05-01,21004054.89,11230073.4,,-7.53,78.0,3,65,31.2
747,12,2018-06-01,3699448.7,3699448.7,,-82.39,47.1,1,37,18.84
748,12,2018-07-01,16329172.32,16329172.32,,341.39,53.7,1,35,21.48
749,12,2018-08-01,8257179.65,6291229.44,,-49.43,61.7,3,89,24.68
750,12,2018-09-01,35325808.35,35325808.35,,327.82,48.5,2,60,19.4
751,12,2018-10-01,26632644.55,28362715.8,,-24.61,66.3,3,78,26.52
752,12,2018-11-01,5597757.55,5597757.55,,-78.98,64.3,2,89,25.72
753,12,2019-01-01,33627409.86,33627409.86,,500.73,62.8,2,54,25.12
754,12,2019-02-01,9646761.04,8035730.01,9.71,-71.31,82.0,3,77,38.63
755,12,2019-03-01,32980986.96,15558714.54,10.07,241.89,62.4,5,50,31.0
756,12,2019-04-01,14296837.73,15854462.3,-30.57,-56.65,63.3,3,61,6.98
757,12,2019-05-01,10340023.65,10340023.65,-54.48,-27.68,41.1,1,19,-16.25
758,12,2019-06-01,7268627.52,7268627.52,-65.39,-29.7,51.0,1,86,-18.83
759,12,2019-07-01,22080068.52,16410984.98,496.85,203.77,61.1,4,22,322.55
760,12,2019-08-01,11086323.84,11086323.84,-32.11,-49.79,69.9,1,87,8.69
761,12,2019-09-01,44000629.4,44000629.4,432.88,296.89,48.9,1,79,279.29
762,12,2019-10-01,41882794.32,44893809.87,18.56,-4.81,56.9,3,72,33.9
763,12,2019-11-01,20264293.34,7341177.6,-23.91,-51.62,66.3,3,30,12.17
764,12,2020-01-01,24854224.11,16825995.53,344.0,22.65,71.2,5,74,234.88
765,12,2020-02-01,29803568.84,23583107.52,-11.37,19.91,69.1,3,44,20.82
766,12,2020-03-01,24468186.93,24468186.93,153.64,-17.9,59.2,2,43,115.86
767,12,2020-05-01,4536225.6,4536225.6,-86.25,-81.46,55.9,1,26,-29.39
768,12,2020-06-01,16322474.15,11164536.07,14.17,259.83,81.4,5,58,41.06
769,12,2020-07-01,28626279.35,14555216.88,176.85,75.38,57.1,3,78,128.95
770,12,2020-08-01,32739033.27,23483230.46,350.42,14.37,85.0,6,27,244.25
771,12,2020-09-01,37296328.68,19735894.08,68.91,13.92,70.9,3,69,69.71
772,12,2020-10-01,8174498.47,8174498.47,-26.27,-78.08,59.0,2,19,7.84
773,12,2020-12-01,16588309.92,16588309.92,-62.3,102.93,63.9,1,50,-11.82
774,12,2021-01-01,14130948.82,14130948.82,-66.26,-14.81,65.6,2,37,-13.52
775,12,2021-02-01,16527650.28,16527650.28,-18.44,16.96,52.0,2,63,9.74
776,12,2021-03-01,45775637.47,45775637.47,84.18,176.96,35.9,2,25,64.87
777,12,2021-04-01,36448708.73,27288217.0,22.3,-20.38,66.6,3,48,40.02
778,12,2021-05-01,12166741.45,12166741.45,-50.28,-66.62,65.4,2,47,-4.01
779,12,2021-06-01,4778641.17,4778641.17,5.34,-60.72,54.4,1,72,24.96
780,12,2021-07-01,14636309.34,14636309.34,-10.33,206.29,61.1,1,26,18.24
781,12,2021-08-01,24050924.78,12320779.6,-15.98,64.32,82.9,6,68,23.57
782,12,2021-09-01,10679843.15,13097565.9,-67.38,-55.59,55.5,3,57,-18.23
783,12,2021-11-01,42959833.82,20757185.0,15.19,302.25,50.4,3,19,29.27
784,12,2021-12-01,16328912.92,16519574.76,99.75,-61.99,61.2,4,48,84.33
785,12,2022-01-01,27750782.3,25792621.1,67.29,69.95,72.6,4,48,69.41
786,12,2022-02-01,15277782.99,15427688.64,8.12,-44.95,74.8,3,28,34.79
787,12,2022-03-01,10470064.82,5849443.2,-36.65,-31.47,59.9,3,62,1.97
788,12,2022-04-01,11680532.32,11680532.32,-74.48,11.56,47.4,2,38,-25.73
789,12,2022-05-01,17059343.82,15161287.18,-53.2,46.05,45.1,3,70,-13.88
790,12,2022-06-01,17509597.97,20738499.96,43.91,2.64,79.2,3,48,58.03
791,12,2022-07-01,32945139.67,13897588.3,589.42,88.15,63.6,4,51,379.09
792,12,2022-08-01,27454656.22,27454656.22,87.58,-16.67,75.2,2,59,82.63
793,12,2022-10-01,8055948.03,9331858.32,-66.5,-70.66,83.4,3,79,-6.54
794,12,2022-11-01,18519877.82,18519877.82,73.41,129.89,67.1,2,33,70.89
795,12,2022-12-01,14421968.29,14421968.29,-66.43,-22.13,52.2,2,68,-18.98
796,12,2023-01-01,15925261.66,15925261.66,-2.47,10.42,44.8,1,51,16.44
797,12,2023-02-01,37765939.93,19276469.3,36.09,137.14,60.5,4,62,45.85
798,12,2023-03-01,24014749.72,13356522.36,57.19,-36.41,71.5,3,47,62.91
799,12,2023-04-01,15973760.67,11068916.69,52.57,-33.48,86.6,8,26,66.18
800,12,2023-05-01,29479290.04,23714529.99,152.38,84.55,88.3,4,88,126.75
801,12,2023-06-01,15051663.9,15051663.9,-11.77,-48.94,53.9,1,29,14.5
802,12,2023-08-01,66816081.6,66816081.6,281.6,343.91,69.8,2,43,196.88
803,12,2023-09-01,48363395.64,48363395.64,46.8,-27.62,57.9,2,74,51.24
804,12,2023-10-01,17264825.37,17264825.37,-37.12,-64.3,71.3,1,86,6.25
805,12,2023-11-01,14786788.12,14195514.08,83.55,-14.35,71.4,6,20,78.69
806,12,2023-12-01,34484036.44,34484036.44,86.2,133.21,62.4,2,47,76.68
807,12,2024-01-01,29175928.89,15152189.92,102.3,-15.39,65.6,3,79,87.62
808,12,2024-02-01,63141469.75,63141469.75,296.49,116.42,72.0,1,77,206.69
809,12,2024-03-01,4405199.32,4405199.32,-88.34,-93.02,49.3,1,69,-33.28
810,12,2024-04-01,8750147.76,8750147.76,-63.56,98.63,62.2,1,32,-13.26
811,12,2024-05-01,34767475.36,30598166.4,117.65,297.34,91.6,6,17,107.23
812,12,2024-06-01,56569215.95,34249216.4,91.89,62.71,64.1,5,39,80.77
813,13,2018-01-01,9216368.47,9216368.47,,,64.1,2,85,25.64
814,13,2018-02-01,14290578.82,11936305.3,,55.06,56.9,5,39,22.76
815,13,2018-03-01,7134491.0,7134491.0,,-50.08,66.8,2,71,26.72
816,13,2018-04-01,8253011.37,8253011.37,,15.68,57.8,2,46,23.12
817,13,2018-05-01,32872343.54,20165236.16,,298.31,81.4,4,65,32.56
818,13,2018-06-01,6059852.22,6767416.5,,-81.57,73.7,3,56,29.48
819,13,2018-07-01,30891509.99,30891509.99,,409.77,44.3,1,36,17.72
820,13,2018-08-01,35466810.84,32940132.66,,14.81,82.4,3,54,32.96
821,13,2018-09-01,12992332.84,15169743.66,,-63.37,66.3,4,37,26.52
822,13,2018-10-01,38291322.72,38291322.72,,194.72,47.4,2,75,18.96
823,13,2018-11-01,6490633.32,6490633.32,,-83.05,45.0,1,68,18.0
824,13,2018-12-01,26439785.79,14287966.14,,307.35,80.5,5,15,32.2
825,13,2019-01-01,13030583.54,10275005.76,41.39,-50.72,85.1,3,77,58.87
826,13,2019-02-01,9520401.11,9520401.11,-33.38,-26.94,51.0,1,51,0.37
827,13,2019-03-01,28768259.28,29817939.24,303.23,202.17,70.8,3,30,210.26
828,13,2019-04-01,33598728.85,30120182.1,307.11,16.79,73.1,3,54,213.51
829,13,2019-05-01,26773406.46,15997997.34,-18.55,-20.31,73.9,3,70,18.43
830,13,2019-07-01,42119326.08,57070875.51,595.06,57.32,56.3,3,48,379.56
831,13,2019-08-01,5102711.82,5102711.82,-83.48,-87.89,71.7,1,49,-21.41
832,13,2019-09-01,31443553.17,35539055.3,-11.34,516.21,77.8,4,15,24.32
833,13,2019-10-01,22050107.85,18447747.34,69.72,-29.87,72.9,5,36,70.99
834,13,2019-11-01,11759871.17,12410069.42,-69.29,-46.67,53.8,3,70,-20.05
835,13,2019-12-01,8829248.67,8829248.67,36.03,-24.92,38.9,1,30,37.18
836,13,2020-01-01,2726149.28,2726149.28,-89.69,-69.12,53.3,1,39,-32.49
837,13,2020-02-01,11194757.12,11194757.12,-14.09,310.64,70.5,2,60,19.75
838,13,2020-03-01,22766278.62,22766278.62,139.13,103.37,41.8,1,39,100.2
839,13,2020-04-01,50411352.84,50411352.84,75.23,121.43,57.8,2,51,68.26
840,13,2020-05-01,22661306.99,9624899.82,-32.55,-55.05,58.1,3,34,3.71
841,13,2020-06-01,42772215.93,49776340.4,59.76,88.75,50.2,3,56,55.94
842,13,2020-07-01,33350291.87,13929932.0,-20.82,-22.03,65.7,3,60,13.79
843,13,2020-08-01,39185748.53,39185748.53,667.94,17.5,71.2,2,58,429.24
844,13,2020-09-01,20670561.33,23797854.36,-34.26,-47.25,65.8,3,64,5.76
845,13,2020-10-01,19906017.58,12653772.64,-9.72,-3.7,69.9,6,26,22.13
846,13,2020-11-01,29338613.99,17928585.05,149.48,47.39,92.4,6,86,126.65
847,13,2020-12-01,28331471.62,15676112.76,220.88,-3.43,52.8,3,40,153.65
848,13,2021-01-01,8632746.12,7921970.19,216.66,-69.53,74.8,4,33,159.92
849,13,2021-02-01,25429051.11,15786562.36,127.15,194.57,56.3,3,70,98.81
850,13,2021-03-01,15040145.27,15040145.27,-33.94,-40.85,56.8,1,34,2.36
851,13,2021-04-01,18773363.04,9879056.04,-62.76,24.82,87.9,4,26,-2.5
852,13,2021-06-01,48620050.93,44095967.4,114.55,158.98,51.1,3,41,89.17
853,13,2021-07-01,29120295.83,10112804.34,-31.92,-40.11,60.2,4,83,4.93
854,13,2021-08-01,10646881.58,10646881.58,-68.08,-63.44,56.6,2,47,-18.21
855,13,2021-09-01,5293791.32,5293791.32,-86.49,-50.28,56.5,2,30,-29.29
856,13,2021-11-01,50513941.05,50513941.05,144.38,854.21,53.1,2,61,107.87
857,13,2021-12-01,6602928.0,6602928.0,-66.83,-86.93,58.1,1,59,-16.86
858,13,2022-02-01,8954899.94,8954899.94,-69.48,35.62,61.1,1,24,-17.25
859,13,2022-03-01,50028409.08,50028409.08,76.58,458.67,61.1,1,16,70.39
860,13,2022-04-01,24657617.59,24657617.59,185.63,-50.71,63.9,1,88,136.94
861,13,2022-05-01,16623151.14,17868621.06,-34.63,-32.58,64.0,3,60,4.82
862,13,2022-06-01,25016421.68,21228842.77,66.33,50.49,93.6,6,49,77.24
863,13,2022-07-01,7879562.06,7879562.06,-58.03,-68.5,61.0,2,31,-10.42
864,13,2022-08-01,8087087.04,8087087.04,-83.37,2.63,38.2,1,61,-34.74
865,13,2022-09-01,20388741.71,9551877.72,-29.98,152.11,60.9,3,33,6.37
866,13,2022-11-01,30961326.36,21691725.44,190.8,51.86,71.7,5,76,143.16
867,13,2022-12-01,52776507.56,24576300.83,896.95,70.46,61.7,5,58,562.85
868,13,2023-01-01,71021443.09,71021443.09,40.6,34.57,67.7,2,15,51.44
869,13,2023-02-01,77748828.9,77748828.9,1077.49,9.47,54.0,1,62,668.09
870,13,2023-03-01,9553771.76,11133842.07,6.69,-87.71,42.4,3,66,20.97
871,13,2023-05-01,32492301.22,15876636.02,-35.05,240.1,53.2,5,84,0.25
872,13,2023-06-01,21340294.23,24349352.27,-13.45,-34.32,46.6,3,79,10.57
873,13,2023-07-01,23193020.42,12531911.52,39.52,8.68,65.3,3,22,49.83
874,13,2023-08-01,26853324.12,27333544.5,7.34,15.78,76.3,4,80,34.92
875,13,2023-09-01,39123196.47,39123196.47,396.51,45.69,62.9,2,50,263.07
876,13,2023-10-01,24387862.82,24176001.9,201.57,-37.66,76.6,5,82,151.58
877,13,2023-11-01,15671767.44,9781250.1,-23.14,-35.74,59.2,4,37,9.8
878,13,2023-12-01,106840156.02,106840156.02,245.08,581.74,38.6,1,16,162.49
879,13,2024-01-01,22461455.77,18392681.34,-57.44,-78.98,83.9,3,71,-0.9
880,13,2024-02-01,13192160.79,14287348.3,-81.43,-41.27,65.3,3,35,-22.74
881,13,2024-03-01,23647841.98,23647841.98,-69.58,79.26,61.0,2,75,-17.35
882,13,2024-04-01,18838591.41,15452730.26,97.18,-20.34,88.2,6,24,93.59
883,13,2024-05-01,13105643.42,9789414.25,-59.67,-30.43,68.2,3,34,-8.52
884,13,2024-06-01,29543557.58,8913801.6,38.44,125.43,76.6,5,65,53.7
885,14,2018-02-01,5225395.24,5225395.24,,,66.2,2,39,26.48
886,14,2018-03-01,23511646.52,20739554.67,,349.95,72.5,3,41,29.0
887,14,2018-04-01,10500910.2,10500910.2,,-55.34,61.0,1,54,24.4
888,14,2018-05-01,10910670.84,10910670.84,,3.9,47.2,2,19,18.88
889,14,2018-06-01,38562781.92,38562781.92,,253.44,60.2,1,38,24.08
890,14,2018-07-01,10565020.63,11085462.0,,-72.6,69.1,3,42,27.64
891,14,2018-08-01,7384268.09,7723984.88,,-30.11,70.4,3,77,28.16
892,14,2018-09-01,5005816.6,5156747.83,,-32.21,57.4,3,82,22.96
893,14,2018-10-01,14324140.08,14324140.08,,186.15,51.2,2,28,20.48
894,14,2018-11-01,48886618.84,47596267.29,,241.29,61.8,5,46,24.72
895,14,2018-12-01,19281003.97,13054802.76,,-60.56,66.3,3,34,26.52
896,14,2019-01-01,3680162.94,3680162.94,,-80.91,50.5,1,67,20.2
897,14,2019-03-01,16996888.71,16996888.71,225.27,361.85,56.9,1,75,157.92
898,14,2019-04-01,65785742.19,65785742.19,179.8,287.05,57.5,1,35,130.88
899,14,2019-05-01,25160585.13,25160585.13,139.6,-61.75,58.8,1,72,107.28
900,14,2019-07-01,12549186.69,12549186.69,15.02,-50.12,56.3,1,46,31.53
901,14,2019-08-01,30403974.33,12322903.52,-21.16,142.28,72.3,5,46,16.22
902,14,2019-09-01,34777886.44,34777886.44,229.18,14.39,55.4,2,34,159.67
903,14,2019-10-01,32197573.5,21329066.9,336.03,-7.42,68.7,3,67,229.1
904,14,2020-01-01,5616175.59,5616175.59,12.19,-82.56,58.4,2,31,30.67
905,14,2020-02-01,23748143.37,13701844.26,65.79,322.85,58.1,4,72,62.71
906,14,2020-03-01,10735595.26,10735595.26,-78.04,-54.79,81.4,2,72,-14.26
907,14,2020-04-01,45643424.58,30360128.26,136.73,325.16,64.8,3,69,107.96
908,14,2020-05-01,3165180.19,3165180.19,-13.99,-93.07,42.4,1,71,8.57
909,14,2020-06-01,30174785.2,30174785.2,77.53,853.34,42.2,1,52,63.4
910,14,2020-08-01,21933241.85,21933241.85,-66.66,-27.31,42.4,1,70,-23.04
911,14,2020-09-01,23575652.51,14983449.1,-6.3,7.49,64.1,5,57,21.86
912,14,2020-10-01,32462322.47,32462322.47,158.68,37.69,69.3,2,79,122.93
913,14,2020-11-01,23066678.25,23066678.25,-24.13,-28.94,66.4,1,80,12.08
914,14,2020-12-01,19483545.46,8003837.34,-43.98,-15.53,83.8,7,30,7.13
915,14,2021-01-01,20598100.26,9194432.0,-36.03,5.72,70.1,3,89,6.42
916,14,2021-02-01,3893570.64,3893570.64,-30.67,-81.1,59.7,1,52,5.48
917,14,2021-03-01,35349297.62,35349297.62,48.85,807.89,56.3,2,64,51.83
918,14,2021-04-01,13752353.19,13656744.08,28.1,-61.1,84.4,4,83,50.62
919,14,2021-05-01,21118328.99,17143910.46,-53.73,53.56,57.7,4,72,-9.16
920,14,2021-06-01,9930421.4,9930421.4,213.74,-52.98,64.6,2,73,154.08
921,14,2021-07-01,82475460.9,82658628.5,173.33,730.53,71.4,3,52,132.56
922,14,2021-08-01,54184619.37,46125378.19,147.04,-34.3,62.7,4,89,113.3
923,14,2021-09-01,18401925.5,18401925.5,-21.95,-66.04,67.1,1,34,13.67
924,14,2021-10-01,8138810.51,8138810.51,-74.93,-55.77,49.8,2,88,-25.04
925,14,2021-11-01,36027566.12,47332111.2,56.19,342.66,66.7,3,52,60.39
926,14,2021-12-01,21228922.77,21228922.77,8.96,-41.08,53.4,1,49,26.74
927,14,2022-01-01,41698615.68,41698615.68,102.44,96.42,42.7,1,39,78.54
928,14,2022-02-01,71695253.88,71695253.88,1741.38,71.94,69.1,2,24,1072.47
929,14,2022-04-01,40890538.24,17520003.5,15.68,-42.97,72.0,4,40,38.21
930,14,2022-05-01,21267384.91,8668468.8,54.65,-47.99,84.4,5,68,66.55
931,14,2022-06-01,23674728.4,21822282.21,12.11,11.32,49.2,3,77,26.95
932,14,2022-07-01,12354369.44,13352921.82,24.41,-47.82,61.8,3,59,39.37
933,14,2022-08-01,9292298.84,9292298.84,-88.73,-24.79,51.2,1,78,-32.76
934,14,2022-09-01,42600190.24,42600190.24,-21.38,358.45,64.0,2,35,12.77
935,14,2022-10-01,12192375.96,12192375.96,-33.74,-71.38,51.3,1,66,0.28
936,14,2022-11-01,32686453.55,12062624.1,301.61,168.09,49.7,3,67,200.85
937,14,2022-12-01,13411188.76,16319681.97,-62.78,-58.97,61.6,3,79,-13.03
938,14,2023-01-01,29425518.97,17257670.41,38.61,119.41,78.1,4,48,54.41
939,14,2023-02-01,55552678.04,55552678.04,33.22,88.79,64.1,2,15,45.57
940,14,2023-03-01,31268248.75,30663032.48,-56.39,-43.71,78.4,4,57,-2.47
941,14,2023-04-01,7376166.6,7376166.6,-81.96,-76.41,39.7,1,44,-33.3
942,14,2023-05-01,28861754.97,11499577.52,35.71,291.28,71.7,6,66,50.11
943,14,2023-06-01,16725700.35,18263365.38,-29.35,-42.05,54.8,3,69,4.31
944,14,2023-07-01,21758180.5,14481058.0,76.12,30.09,63.6,4,71,71.11
945,14,2023-08-01,21807292.76,14786955.64,134.68,0.23,100.0,9,79,120.81
946,14,2023-09-01,18004476.0,18004476.0,-57.74,-17.44,48.9,1,41,-15.08
947,14,2023-10-01,17879784.67,17879784.67,46.65,-0.69,44.9,1,38,45.95
948,14,2024-01-01,27026783.85,27026783.85,-17.32,51.16,49.5,1,19,9.41
949,14,2024-02-01,42327031.38,53590603.68,215.61,56.61,53.7,3,39,150.85
950,14,2024-03-01,19349966.48,14506159.03,-34.24,-54.28,53.5,4,24,0.86
951,14,2024-04-01,31702139.08,19104462.65,-42.93,63.84,81.6,6,65,6.88
952,14,2024-06-01,26377489.71,17791268.35,-15.64,-16.8,85.9,6,30,24.98
953,15,2018-01-01,34915447.17,10005993.62,,,71.3,5,41,28.52
954,15,2018-02-01,5154078.8,5154078.8,,-85.24,65.0,1,28,26.0
955,15,2018-03-01,13064244.2,13481952.75,,153.47,51.0,3,76,20.4
956,15,2018-04-01,20203439.22,20203439.22,,54.65,51.5,2,72,20.6
957,15,2018-05-01,7599316.76,7599316.76,,-62.39,50.0,1,16,20.0
958,15,2018-06-01,8122184.48,8122184.48,,6.88,65.7,1,58,26.28
959,15,2018-07-01,9824170.55,9824170.55,,20.95,58.3,2,46,23.32
960,15,2018-08-01,11000339.76,11000339.76,,11.97,66.4,1,53,26.56
961,15,2018-09-01,49427249.44,49427249.44,,349.32,46.5,1,20,18.6
962,15,2018-10-01,12611413.49,11820287.32,,-74.48,44.3,3,41,17.72
963,15,2018-11-01,3144995.6,3144995.6,,-75.06,45.5,1,85,18.2
964,15,2018-12-01,29894986.98,13632109.02,,850.56,68.7,3,83,27.48
965,15,2019-01-01,12583897.5,12583897.5,-63.96,-57.91,48.5,1,43,-18.98
966,15,2019-02-01,19809216.91,19809216.91,284.34,57.42,55.0,2,39,192.6
967,15,2019-03-01,13352199.96,13352199.96,2.2,-32.6,42.8,1,40,18.44
968,15,2019-04-01,59181176.12,59181176.12,192.93,343.23,52.3,1,28,136.68
969,15,2019-05-01,31255336.06,31255336.06,311.29,-47.19,83.0,2,55,219.97
970,15,2019-06-01,22953872.18,22953872.18,182.61,-26.56,42.8,2,27,126.69
971,15,2019-07-01,27603885.06,27603885.06,180.98,20.26,56.9,2,80,131.35
972,15,2019-08-01,47708274.7,47708274.7,333.7,72.83,59.4,2,17,223.98
973,15,2019-09-01,3990132.86,3368271.92,-91.93,-91.64,57.8,3,28,-32.04
974,15,2019-10-01,22066265.32,22066265.32,74.97,453.02,40.2,2,65,61.06
975,15,2019-11-01,32891674.89,18412241.52,945.84,49.06,72.5,3,66,596.5
976,15,2019-12-01,27939133.33,15645137.97,-6.54,-15.06,68.7,5,50,23.56
977,15,2020-01-01,21804833.11,14464535.54,73.28,-21.96,58.8,3,84,67.49
978,15,2020-02-01,17190828.47,17190828.47,-13.22,-21.16,66.0,2,16,18.47
979,15,2020-04-01,12664989.35,12403908.08,-5.15,-26.33,72.3,6,35,25.83
980,15,2020-05-01,30391662.63,30885786.82,-48.65,139.97,68.1,4,46,-1.95
981,15,2020-06-01,12725285.16,12725285.16,-59.29,-58.13,57.9,1,69,-12.41
982,15,2020-08-01,49795547.63,49795547.63,116.94,291.31,68.9,1,32,97.72
983,15,2020-09-01,5825657.6,5825657.6,-78.9,-88.3,55.3,1,83,-25.22
984,15,2020-10-01,24900894.23,15968502.0,-47.81,327.43,80.0,5,22,3.31
985,15,2020-11-01,24394744.83,7851283.65,511.38,-2.03,62.4,7,30,331.79
986,15,2021-01-01,10788356.25,9315290.89,-51.11,-55.78,100.0,8,43,9.33
987,15,2021-02-01,9119930.19,9119930.19,-72.27,-15.47,54.0,2,79,-21.76
988,15,2021-04-01,17684543.95,18364471.86,-36.7,93.91,76.8,3,82,8.7
989,15,2021-05-01,26460451.2,26460451.2,21.35,49.62,55.1,1,61,34.85
990,15,2021-06-01,18148296.4,3465317.76,5.57,-31.41,63.9,3,39,28.9
991,15,2021-07-01,6171199.92,6171199.92,-51.27,-66.0,49.8,1,24,-10.84
992,15,2021-08-01,37516721.6,37516721.6,23.44,507.93,58.3,2,29,37.38
993,15,2021-09-01,35145147.95,21680044.37,176.18,-6.32,85.5,6,60,139.91
994,15,2021-10-01,16680955.93,18251928.96,-66.5,-52.54,63.2,3,50,-14.62
995,15,2021-11-01,62283239.9,62283239.9,969.12,273.38,59.0,2,45,605.07
996,15,2021-12-01,21954436.72,10912874.73,-11.83,-64.75,70.7,4,87,21.18
997,15,2022-01-01,22694159.4,22694159.4,-6.97,3.37,49.7,2,76,15.7
998,15,2022-02-01,4761495.57,4761495.57,-55.86,-79.02,53.9,1,84,-11.96
999,15,2022-03-01,9854756.65,9854756.65,8.06,106.97,64.4,2,27,30.6
1000,15,2022-04-01,17344172.04,17344172.04,-1.92,76.0,42.7,1,61,15.93
1001,15,2022-05-01,17317381.9,17317381.9,-34.55,-0.15,46.0,1,77,-2.33
1002,15,2022-06-01,13203594.18,13203594.18,-27.25,-23.76,61.5,2,46,8.25
1003,15,2022-07-01,15034642.85,15034642.85,143.63,13.87,70.1,2,48,114.22
1004,15,2022-08-01,24284348.11,19468318.41,-35.27,61.52,43.9,3,26,-3.6
1005,15,2022-09-01,50775183.96,50775183.96,44.47,109.09,75.9,2,55,57.04
1006,15,2022-10-01,14226877.56,14226877.56,-14.71,-71.98,76.4,1,89,21.73
1007,15,2022-11-01,19567490.87,17582636.73,-68.58,37.54,81.9,4,25,-8.39
1008,15,2022-12-01,3666694.41,3666694.41,-83.3,-81.26,47.8,1,17,-30.86
1009,15,2023-01-01,6040088.73,6040088.73,-73.38,64.73,66.7,1,63,-17.35
1010,15,2023-02-01,15029671.37,15029671.37,215.65,148.83,54.6,1,69,151.23
1011,15,2023-03-01,56923208.3,63679736.11,477.62,278.74,67.9,4,16,313.73
1012,15,2023-04-01,14720704.95,14720704.95,-15.13,-74.14,51.5,1,79,11.52
1013,15,2023-07-01,12599581.19,12383393.92,-27.24,-14.41,63.6,3,68,9.1
1014,15,2023-08-01,38987886.27,18059406.64,195.28,209.44,62.2,3,38,142.05
1015,15,2023-09-01,42201845.01,42201845.01,180.7,8.24,56.5,2,45,131.02
1016,15,2023-11-01,12667952.29,17464126.26,-47.83,-69.98,76.8,3,63,2.02
1017,15,2023-12-01,12797157.45,12797157.45,-74.8,1.02,61.5,1,60,-20.28
1018,15,2024-01-01,31162054.45,31162054.45,119.04,143.51,58.6,1,22,94.86
1019,15,2024-02-01,14370262.15,10834380.48,-26.56,-53.89,70.3,5,52,12.18
1020,15,2024-03-01,46375370.39,48804998.0,1164.77,222.72,68.2,3,65,726.14
1021,15,2024-05-01,43584758.64,43584758.64,621.59,-6.02,44.5,1,19,390.75
1022,15,2024-06-01,32706569.37,6974652.81,117.61,-24.96,78.5,3,33,101.97
1023,16,2018-01-01,27608637.42,27608637.42,,,64.5,1,67,25.8
1024,16,2018-04-01,24922969.52,24922969.52,,-9.73,66.7,2,37,26.68
1025,16,2018-05-01,25929458.6,11637426.84,,4.04,48.1,3,33,19.24
1026,16,2018-06-01,21019619.98,14179647.44,,-18.94,71.8,5,54,28.72
1027,16,2018-07-01,20543694.58,7288468.1,,-2.26,72.0,5,78,28.8
1028,16,2018-08-01,5338755.0,5338755.0,,-74.01,55.0,1,85,22.0
1029,16,2018-09-01,20125250.15,20125250.15,,276.97,63.7,2,31,25.48
1030,16,2018-11-01,16922662.65,15944097.24,,-15.91,55.1,4,33,22.04
1031,16,2018-12-01,4841555.95,4477786.3,,-71.39,74.7,3,58,29.88
1032,16,2019-01-01,32655692.52,32655692.52,,574.49,68.1,2,28,27.24
1033,16,2019-02-01,45020475.52,45020475.52,,37.86,74.6,2,85,29.84
1034,16,2019-03-01,32601603.83,23008926.77,,-27.58,58.6,3,33,23.44
1035,16,2019-04-01,49935261.6,49935261.6,80.87,53.17,59.0,1,69,72.12
1036,16,2019-05-01,37617912.17,36499597.36,50.94,-24.67,82.2,4,27,63.44
1037,16,2019-06-01,41340495.52,41340495.52,59.43,9.9,48.9,1,46,55.22
1038,16,2019-07-01,7870319.07,4706382.8,-62.56,-80.96,60.7,3,58,-13.26
1039,16,2019-08-01,15573306.62,14713881.1,-24.19,97.87,48.4,3,20,4.85
1040,16,2019-10-01,28802184.51,27612947.0,439.49,84.95,66.0,5,68,290.09
1041,16,2019-11-01,36647989.36,36647989.36,82.1,27.24,32.3,2,31,62.18
1042,16,2019-12-01,43607154.05,43607154.05,157.68,18.99,53.2,2,23,115.89
1043,16,2020-01-01,29361774.34,15651105.98,506.45,-32.67,71.1,4,22,332.31
1044,16,2020-03-01,22072539.24,6811271.38,-32.41,-24.83,61.8,5,82,5.27
1045,16,2020-04-01,15739945.98,14249463.07,-65.04,-28.69,78.4,4,52,-7.66
1046,16,2020-05-01,47641867.86,53186658.18,46.13,202.68,76.6,6,19,58.32
1047,16,2020-06-01,69549917.88,69549917.88,39.28,45.98,54.5,1,24,45.37
1048,16,2020-07-01,10480810.63,9265359.87,-72.14,-84.93,75.8,3,56,-12.96
1049,16,2020-08-01,26639171.19,26639171.19,-35.56,154.17,58.4,1,76,2.02
1050,16,2020-09-01,47981751.0,47981751.0,509.65,80.12,56.3,2,89,328.31
1051,16,2020-10-01,84307478.4,84307478.4,441.36,75.71,51.4,1,78,285.38
1052,16,2020-11-01,5685559.42,5969967.77,-80.26,-93.26,54.8,3,17,-26.24
1053,16,2020-12-01,16647707.39,15272084.64,-54.57,192.81,67.9,3,65,-5.58
1054,16,2021-01-01,15249222.07,15249222.07,-65.03,-8.4,35.3,1,32,-24.9
1055,16,2021-02-01,26387930.1,26387930.1,-10.13,73.04,53.0,2,82,15.12
1056,16,2021-03-01,45544004.64,45544004.64,106.34,72.59,45.1,1,23,81.84
1057,16,2021-04-01,20112061.06,20112061.06,27.78,-55.84,53.7,2,19,38.15
1058,16,2021-05-01,38651730.86,49476135.8,-18.87,92.18,59.3,3,87,12.4
1059,16,2021-06-01,23147511.17,11555025.3,-66.72,-40.11,60.8,3,76,-15.71
1060,16,2021-07-01,10801805.49,10801805.49,3.06,-53.33,46.3,2,60,20.36
1061,16,2021-09-01,21689822.88,21689822.88,-18.58,100.8,67.1,2,38,15.69
1062,16,2021-10-01,27208113.84,16153217.99,-43.29,25.44,51.1,3,69,-5.53
1063,16,2021-11-01,17968047.1,17968047.1,-78.69,-33.96,67.8,2,82,-20.09
1064,16,2022-01-01,11509413.85,11509413.85,102.43,-35.95,40.6,1,65,77.7
1065,16,2022-02-01,25714064.74,16625678.72,54.46,123.42,42.3,3,68,49.6
1066,16,2022-03-01,25367164.52,17571196.58,66.35,-1.35,99.9,5,62,79.77
1067,16,2022-04-01,18561589.2,18561589.2,-29.66,-26.83,63.9,1,21,7.76
1068,16,2022-05-01,52762957.0,58883628.6,15.85,184.26,59.8,3,83,33.43
1069,16,2022-06-01,10666808.35,10666808.35,-46.96,-79.78,78.1,2,42,3.06
1070,16,2022-07-01,40142203.58,40142203.58,3.86,276.33,56.8,2,68,25.04
1071,16,2022-08-01,28248254.89,18448105.34,22.04,-29.63,81.7,4,85,45.9
1072,16,2022-09-01,37624178.08,13486418.92,248.31,33.19,65.4,3,26,175.15
1073,16,2022-10-01,29306966.16,29306966.16,35.12,-22.11,36.6,1,65,35.71
1074,16,2022-11-01,24078738.76,24078738.76,-11.5,-17.84,61.5,2,86,17.7
1075,16,2022-12-01,10698501.58,10698501.58,-40.46,-55.57,44.3,1,35,-6.56
1076,16,2023-01-01,16969890.56,16969890.56,47.44,58.62,54.5,1,29,50.26
1077,16,2023-02-01,14078503.07,14078503.07,-45.25,-17.04,64.5,1,52,-1.35
1078,16,2023-03-01,55429463.92,55429463.92,118.51,293.72,52.2,2,20,91.99
1079,16,2023-04-01,28954496.36,17990934.48,55.99,-47.76,83.9,5,71,67.15
1080,16,2023-05-01,24534306.78,24534306.78,-53.5,-15.27,65.6,2,43,-5.86
1081,16,2023-06-01,29635753.48,18899212.12,177.83,20.79,63.3,3,75,132.02
1082,16,2023-07-01,5726677.18,5726677.18,-85.73,-80.68,41.1,2,40,-35.0
1083,16,2023-08-01,12761555.9,12761555.9,-54.82,122.84,45.4,2,21,-14.73
1084,16,2023-09-01,36234388.54,36234388.54,-3.69,183.93,71.9,2,82,26.55
1085,16,2023-10-01,5312320.44,5312320.44,-81.87,-85.34,48.7,2,73,-29.64
1086,16,2023-11-01,48885195.95,48885195.95,103.02,820.22,48.5,1,25,81.21
1087,16,2023-12-01,29175612.5,17131139.74,172.71,-40.32,78.2,4,50,134.91
1088,16,2024-01-01,19796608.34,19493472.96,16.66,-32.15,65.4,3,40,36.16
1089,16,2024-04-01,46654647.84,46654647.84,231.39,135.67,52.7,1,89,159.91
1090,16,2024-05-01,39661598.8,17198782.85,-28.45,-14.99,78.5,4,17,14.33
1091,16,2024-06-01,28732071.96,10611990.21,-0.77,-27.56,76.2,5,39,30.02
1092,17,2018-01-01,21848273.8,18951695.43,,,75.1,4,16,30.04
1093,17,2018-02-01,18363605.37,18363605.37,,-15.95,49.1,2,34,19.64
1094,17,2018-03-01,3719757.76,3719757.76,,-79.74,66.3,1,18,26.52
1095,17,2018-04-01,8257525.33,6463956.98,,121.99,66.8,4,21,26.72
1096,17,2018-05-01,30901838.72,30901838.72,,274.23,63.6,2,58,25.44
1097,17,2018-06-01,21450024.76,9650208.3,,-30.59,57.4,3,65,22.96
1098,17,2018-07-01,24168611.8,24168611.8,,12.67,64.2,2,37,25.68
1099,17,2018-08-01,6018540.12,3181382.4,,-75.1,66.8,3,65,26.72
1100,17,2018-09-01,39315280.71,39315280.71,,553.24,53.8,1,20,21.52
1101,17,2018-10-01,70087311.36,70087311.36,,78.27,64.4,1,76,25.76
1102,17,2018-11-01,8355259.8,8355259.8,,-88.08,65.8,2,15,26.32
1103,17,2018-12-01,7010753.88,7010753.88,,-16.09,74.2,2,37,29.68
1104,17,2019-01-01,5701528.07,5701528.07,-73.9,-18.67,55.0,2,51,-22.34
1105,17,2019-02-01,6244573.44,6244573.44,-65.99,9.52,64.9,1,78,-13.63
1106,17,2019-03-01,22086366.44,10498278.12,493.76,253.69,78.8,4,51,327.78
1107,17,2019-04-01,5810047.73,5810047.73,-29.64,-73.69,47.7,2,80,1.3
1108,17,2019-05-01,6122207.78,6122207.78,-80.19,5.37,51.7,2,56,-27.43
1109,17,2019-06-01,9121987.01,9121987.01,-57.47,49.0,57.7,2,72,-11.4
1110,17,2019-07-01,18689765.57,15591604.53,-22.67,104.89,89.5,6,81,22.2
1111,17,2019-08-01,4449059.62,4449059.62,-26.08,-76.2,66.1,2,83,10.79
1112,17,2019-09-01,13067029.6,13067029.6,-66.76,193.7,69.5,2,82,-12.26
1113,17,2019-10-01,21765604.87,21765604.87,-68.95,66.57,55.6,2,36,-19.13
1114,17,2019-11-01,24720922.27,10961479.62,195.87,13.58,60.7,3,23,141.8
1115,17,2019-12-01,14314019.2,14314019.2,104.17,-42.1,65.7,2,44,88.78
1116,17,2020-01-01,11370514.6,11370514.6,99.43,-20.56,52.0,1,36,80.46
1117,17,2020-02-01,5536326.26,5536326.26,-11.34,-51.31,56.2,2,74,15.68
1118,17,2020-03-01,45188194.86,45188194.86,104.6,716.21,48.9,1,44,82.32
1119,17,2020-04-01,7418339.04,7418339.04,27.68,-83.58,66.6,2,83,43.25
1120,17,2020-05-01,8379667.79,8379667.79,36.87,12.96,61.1,1,30,46.56
1121,17,2020-06-01,8668257.4,8668257.4,-4.97,3.44,78.1,2,57,28.26
1122,17,2020-07-01,5415618.93,6843463.68,-71.02,-37.52,58.2,3,37,-19.33
1123,17,2020-09-01,9139871.25,9139871.25,105.43,68.77,58.4,1,34,86.62
1124,17,2020-10-01,12797565.88,5193463.45,-2.06,40.02,71.4,3,41,27.32
1125,17,2020-11-01,32521091.36,32521091.36,49.42,154.12,53.6,2,37,51.09
1126,17,2020-12-01,12215931.4,12215931.4,-50.58,-62.44,63.0,2,32,-5.15
1127,17,2021-01-01,5720204.82,5720204.82,-60.04,-53.17,48.5,1,88,-16.62
1128,17,2021-02-01,16812795.83,16334099.04,47.86,193.92,76.7,3,73,59.4
1129,17,2021-03-01,48189295.47,48189295.47,770.42,186.62,53.2,1,37,483.53
1130,17,2021-04-01,13296937.76,13296937.76,-70.57,-72.41,64.0,1,56,-16.74
1131,17,2021-05-01,17684146.19,14083926.03,138.38,32.99,59.4,3,47,106.79
1132,17,2021-06-01,31029062.75,31029062.75,270.29,75.46,45.2,1,19,180.25
1133,17,2021-07-01,34748752.53,27823999.77,300.87,11.99,85.4,3,29,214.68
1134,17,2021-08-01,18800664.48,18800664.48,247.16,-45.9,67.2,2,52,175.18
1135,17,2021-09-01,6890614.17,6890614.17,-24.61,-63.35,54.6,1,90,7.07
1136,17,2021-10-01,3783185.38,3783185.38,-70.44,-45.1,46.1,1,46,-23.82
1137,17,2021-11-01,7813287.0,7813287.0,-75.97,106.53,62.8,2,85,-20.46
1138,17,2021-12-01,22057283.42,12505710.99,80.56,182.3,91.2,4,52,84.82
1139,17,2022-01-01,16588225.29,16588225.29,189.99,-24.79,59.2,2,77,137.67
1140,17,2022-02-01,21495265.1,21495265.1,27.85,29.58,53.3,2,62,38.03
1141,17,2022-03-01,26643128.12,22929845.19,-44.71,23.95,62.0,4,52,-2.03
1142,17,2022-04-01,6032067.71,6032067.71,-54.64,-77.36,45.7,2,45,-14.5
1143,17,2022-05-01,15700789.58,10424068.6,-11.22,160.29,54.9,3,25,15.23
1144,17,2022-06-01,21908182.02,15637901.85,-29.39,39.54,70.0,6,79,10.37
1145,17,2022-07-01,18954260.0,18954260.0,-45.45,-13.48,47.5,1,83,-8.27
1146,17,2022-08-01,6987804.3,4845885.87,-62.83,-63.13,73.2,3,66,-8.42
1147,17,2022-09-01,14077234.38,10470440.14,104.3,101.45,60.8,3,54,86.9
1148,17,2022-10-01,12410227.8,12410227.8,228.04,-11.84,54.3,1,61,158.54
1149,17,2022-11-01,36278847.4,26607547.05,364.32,192.33,45.9,3,49,236.95
1150,17,2022-12-01,4463950.7,4463950.7,-79.76,-87.7,50.7,2,73,-27.58
1151,17,2023-02-01,8734393.59,8734393.59,-47.35,95.67,65.5,2,84,-2.21
1152,17,2023-03-01,8888149.09,10421498.75,-58.65,1.76,61.2,4,21,-10.71
1153,17,2023-04-01,9118755.02,9118755.02,-65.77,2.59,53.2,2,22,-18.18
1154,17,2023-05-01,13735738.36,13735738.36,127.71,50.63,43.6,1,75,94.07
1155,17,2023-06-01,36624857.65,36624857.65,133.27,166.64,74.0,2,88,109.56
1156,17,2023-08-01,51227463.14,51227463.14,133.83,39.87,81.5,2,37,112.9
1157,17,2023-09-01,34041440.09,34041440.09,79.6,-33.55,69.6,1,49,75.6
1158,17,2023-10-01,25442912.66,20080952.63,264.1,-25.26,66.1,4,69,184.9
1159,17,2023-11-01,11094673.76,11094673.76,-21.19,-56.39,62.8,1,42,12.41
1160,17,2023-12-01,55043240.06,55043240.06,343.53,396.12,56.7,2,66,228.8
1161,17,2024-01-01,21221531.66,5265223.76,-41.5,-61.45,54.3,3,67,-3.18
1162,17,2024-03-01,5779439.16,5779439.16,29.47,-72.77,53.9,1,81,39.24
1163,17,2024-04-01,33168381.19,35871959.08,279.74,473.9,61.7,4,45,192.52
1164,17,2024-05-01,33887629.08,13393855.25,281.27,2.17,57.7,3,76,191.84
1165,17,2024-06-01,11080317.65,11080317.65,21.51,-67.3,60.2,2,59,36.99
1166,18,2018-01-01,10008597.41,10008597.41,,,68.3,2,61,27.32
1167,18,2018-02-01,36226585.25,36226585.25,,261.95,61.5,1,61,24.6
1168,18,2018-03-01,18056517.38,18056517.38,,-50.16,63.4,2,17,25.36
1169,18,2018-04-01,40950363.08,40950363.08,,126.79,49.4,1,50,19.76
1170,18,2018-05-01,15838144.58,15838144.58,,-61.32,60.9,2,58,24.36
1171,18,2018-06-01,4793092.74,4793092.74,,-69.74,43.3,1,84,17.32
1172,18,2018-07-01,21343052.59,21235179.81,,345.29,58.9,3,46,23.56
1173,18,2018-08-01,12828188.1,12828188.1,,-39.9,58.2,2,84,23.28
1174,18,2018-09-01,15723770.4,15723770.4,,22.57,47.9,1,78,19.16
1175,18,2018-10-01,10015618.12,10015618.12,,-36.3,63.2,2,61,25.28
1176,18,2018-12-01,18056875.91,11181766.08,,80.29,70.2,3,19,28.08
1177,18,2019-01-01,2443316.48,2443316.48,,-86.47,69.4,1,16,27.76
1178,18,2019-03-01,8917348.86,8917348.86,-10.9,264.97,58.1,1,78,16.7
1179,18,2019-04-01,28214649.3,28214649.3,-22.12,216.4,65.5,2,74,12.93
1180,18,2019-06-01,10607729.97,11763243.36,-41.25,-62.4,67.8,4,19,2.37
1181,18,2019-07-01,10721028.74,10721028.74,-73.82,1.07,88.7,2,89,-8.81
1182,18,2019-08-01,22156820.75,22156820.75,39.9,106.67,75.4,1,21,54.1
1183,18,2019-09-01,5723014.89,5723014.89,19.4,-74.17,68.5,2,39,39.04
1184,18,2019-10-01,21486422.87,16375886.6,0.67,275.44,45.5,3,29,18.6
1185,18,2019-11-01,42515791.0,42515791.0,231.42,97.87,74.5,1,71,168.65
1186,18,2020-01-01,11425685.2,11425685.2,-27.33,-73.13,47.6,2,33,2.64
1187,18,2020-04-01,3746935.96,3746935.96,-62.59,-67.21,71.4,2,27,-8.99
1188,18,2020-05-01,50030376.03,50030376.03,177.07,1235.23,46.8,1,24,124.96
1189,18,2020-06-01,28141400.04,28141400.04,1051.77,-43.75,63.9,2,44,656.62
1190,18,2020-08-01,12954415.4,12954415.4,45.27,-53.97,52.3,2,61,48.08
1191,18,2020-09-01,20530526.14,20530526.14,-27.23,58.48,53.0,1,90,4.86
1192,18,2020-10-01,12220373.6,12220373.6,15.2,-40.48,59.7,2,79,33.0
1193,18,2020-11-01,10110922.75,10110922.75,-5.69,-17.26,52.0,2,15,17.39
1194,18,2021-01-01,19138216.97,10325496.79,-13.62,89.28,64.7,3,51,17.71
1195,18,2021-03-01,12829338.97,15778956.6,124.17,-32.96,61.4,3,39,99.06
1196,18,2021-04-01,7007933.2,7007933.2,-67.38,-45.38,60.8,2,41,-16.11
1197,18,2021-05-01,8005333.56,8005333.56,-81.17,14.23,39.3,2,45,-32.98
1198,18,2021-06-01,11073024.6,11073024.6,-3.09,38.32,54.5,1,29,19.95
1199,18,2021-07-01,10069482.74,9927549.4,168.74,-9.06,59.0,3,62,124.84
1200,18,2021-08-01,7689796.07,7689796.07,-84.63,-23.63,51.4,2,68,-30.22
1201,18,2021-09-01,7394829.06,6823132.42,-73.72,-3.84,74.5,4,89,-14.43
1202,18,2021-10-01,19437796.23,8750097.27,50.05,162.86,61.0,3,68,54.43
1203,18,2021-11-01,51396315.48,51396315.48,150.34,164.41,44.4,1,48,107.96
1204,18,2021-12-01,39238668.7,39238668.7,221.09,-23.65,74.2,2,17,162.33
1205,18,2022-01-01,38327568.6,38327568.6,279.07,-2.32,60.0,1,29,191.44
1206,18,2022-02-01,15715899.29,15715899.29,-17.88,-59.0,59.4,2,21,13.03
1207,18,2022-03-01,18549724.44,18549724.44,44.59,18.03,69.7,1,25,54.63
1208,18,2022-04-01,8233963.96,8233963.96,17.49,-55.61,53.6,2,54,31.93
1209,18,2022-05-01,1744785.85,1744785.85,-78.2,-78.81,58.0,1,66,-23.72
1210,18,2022-06-01,47809528.64,47809528.64,331.77,2640.14,65.9,1,18,225.42
1211,18,2022-07-01,25089627.56,25089627.56,149.17,-47.52,61.6,2,26,114.14
1212,18,2022-08-01,25409988.06,21271346.53,230.44,1.28,90.2,3,40,174.34
1213,18,2022-09-01,4479557.3,4479557.3,-39.42,-82.37,58.0,1,41,-0.45
1214,18,2022-11-01,5197485.85,5197485.85,-73.26,16.03,58.3,1,56,-20.64
1215,18,2022-12-01,14707207.36,14707207.36,-71.38,182.97,67.7,1,38,-15.75
1216,18,2023-01-01,12942565.3,12942565.3,-67.02,-12.0,65.2,2,15,-14.13
1217,18,2023-02-01,22399493.94,22399493.94,-41.56,73.07,62.2,2,70,-0.06
1218,18,2023-03-01,11265358.24,11265358.24,-28.32,-49.71,61.1,2,36,7.45
1219,18,2023-04-01,71110931.55,71110931.55,283.35,531.24,52.3,1,37,190.93
1220,18,2023-05-01,31404108.72,31404108.72,281.4,-55.84,36.4,1,64,183.4
1221,18,2023-07-01,39270484.68,39270484.68,2150.73,25.05,65.5,2,21,1316.64
1222,18,2023-08-01,29162894.54,16927486.4,-39.0,-25.74,74.6,5,87,6.44
1223,18,2023-11-01,8860269.72,8860269.72,-64.69,-69.62,43.2,1,41,-21.53
1224,18,2023-12-01,12809047.01,13260676.06,-49.59,44.57,58.2,3,24,-6.47
1225,18,2024-01-01,30542695.5,30542695.5,581.82,138.45,51.7,2,64,369.77
1226,18,2024-02-01,5072119.26,5072119.26,-2.41,-83.39,73.3,2,50,27.87
1227,18,2024-03-01,12884322.82,10329321.5,-12.39,154.02,74.2,3,31,22.25
1228,18,2024-04-01,42066801.33,42066801.33,225.03,226.5,75.3,2,64,165.14
1229,18,2024-06-01,16913043.9,8117508.25,-24.49,-59.79,72.5,4,66,14.31
1230,19,2018-01-01,10504687.39,10504687.39,,,63.7,1,44,25.48
1231,19,2018-03-01,11546818.86,11546818.86,,9.92,65.1,2,44,26.04
1232,19,2018-05-01,6885150.18,8075417.07,,-40.37,52.6,3,29,21.04
1233,19,2018-07-01,8452803.02,8452803.02,,22.77,57.5,2,63,23.0
1234,19,2018-09-01,39160703.43,39160703.43,,363.29,55.6,1,27,22.24
1235,19,2018-10-01,14951089.2,14951089.2,,-61.82,67.2,1,52,26.88
1236,19,2018-11-01,9241805.43,9241805.43,,-38.19,48.2,1,21,19.28
1237,19,2018-12-01,12114204.0,12114204.0,,31.08,47.5,1,85,19.0
1238,19,2019-01-01,12331491.66,12331491.66,,1.79,50.1,1,34,20.04
1239,19,2019-02-01,13869296.83,11080981.94,,12.47,81.5,4,39,32.6
1240,19,2019-03-01,7868768.58,8871942.69,,-43.26,64.9,3,28,25.96
1241,19,2019-04-01,18721976.09,17721525.2,,137.93,76.5,4,15,30.6
1242,19,2019-05-01,20359738.0,20359738.0,93.82,8.75,66.7,1,23,82.97
1243,19,2019-06-01,25088994.5,11487625.75,117.28,23.23,65.5,3,75,96.57
1244,19,2019-07-01,58815205.02,58815205.02,754.23,134.43,54.3,1,25,474.26
1245,19,2019-09-01,13480067.62,13480067.62,59.47,-77.08,59.6,2,72,59.52
1246,19,2019-10-01,11499986.82,11499986.82,-70.63,-14.69,50.4,1,30,-22.22
1247,19,2019-11-01,15660016.88,17325758.87,4.74,36.17,75.5,4,89,33.04
1248,19,2019-12-01,22804727.1,22804727.1,146.76,45.62,60.8,2,52,112.38
1249,19,2020-01-01,16156473.36,11196756.78,33.37,-29.15,71.6,3,55,48.66
1250,19,2020-02-01,18891974.32,15773489.19,53.2,16.93,88.5,7,74,67.32
1251,19,2020-04-01,19389733.42,19389733.42,39.8,2.63,58.1,2,47,47.12
1252,19,2020-05-01,26480923.61,26480923.61,236.53,36.57,50.3,2,20,162.04
1253,19,2020-06-01,8532850.67,8532850.67,-54.42,-67.78,52.7,2,57,-11.57
1254,19,2020-08-01,12976938.93,12976938.93,-36.26,52.08,61.7,2,29,2.92
1255,19,2020-11-01,12697968.5,12697968.5,-49.39,-2.15,52.6,1,88,-8.59
1256,19,2020-12-01,18339170.99,18339170.99,-68.82,44.43,47.8,1,61,-22.17
1257,19,2021-01-01,1946118.2,1946118.2,-85.56,-89.39,56.1,1,18,-28.9
1258,19,2021-02-01,6884793.5,6884793.5,-40.13,253.77,74.2,2,85,5.6
1259,19,2021-03-01,32413565.39,32413565.39,106.98,370.8,72.3,2,24,93.11
1260,19,2021-04-01,32094747.06,32094747.06,40.74,-0.98,56.1,2,16,46.88
1261,19,2021-05-01,11023373.14,11023373.14,-31.77,-65.65,60.6,2,15,5.18
1262,19,2021-06-01,33481867.3,33481867.3,77.23,203.74,46.4,1,57,64.9
1263,19,2021-07-01,12220244.82,12220244.82,-36.98,-63.5,68.9,1,67,5.37
1264,19,2021-08-01,12794363.83,13422995.5,-51.68,4.7,89.3,4,71,4.71
1265,19,2021-09-01,5088832.5,5088832.5,-40.36,-60.23,60.9,1,44,0.14
1266,19,2021-10-01,5010584.78,5010584.78,-61.39,-1.54,58.6,2,60,-13.39
1267,19,2021-11-01,18117289.19,17314600.29,42.68,261.58,69.2,5,35,53.29
1268,19,2021-12-01,12385228.8,12385228.8,-32.47,-31.64,47.4,1,68,-0.52
1269,19,2022-01-01,31728525.92,31728525.92,1530.35,156.18,54.4,1,43,939.97
1270,19,2022-02-01,4846646.16,4846646.16,-29.6,-84.72,47.8,1,61,1.36
1271,19,2022-03-01,6860160.72,6860160.72,-78.84,41.54,36.3,2,62,-32.78
1272,19,2022-04-01,9315042.6,9315042.6,-70.98,35.78,52.0,2,26,-21.79
1273,19,2022-05-01,25894724.8,25894724.8,134.91,177.99,65.7,1,75,107.23
1274,19,2022-06-01,12489863.76,13774689.6,-62.7,-51.77,70.3,3,70,-9.5
1275,19,2022-07-01,27939140.93,12434355.03,128.63,123.69,80.4,3,45,109.34
1276,19,2022-09-01,40100190.3,42321132.12,213.42,43.53,79.8,4,61,159.97
1277,19,2022-10-01,21234447.05,21234447.05,317.28,-47.05,43.5,2,38,207.77
1278,19,2022-11-01,9445102.31,9533648.14,88.5,-55.52,71.2,3,48,81.58
1279,19,2022-12-01,37031810.1,13018785.75,104.4,292.07,64.1,3,29,88.28
1280,19,2023-01-01,5606593.62,5606593.62,-54.73,-84.86,69.7,2,45,-4.96
1281,19,2023-02-01,8095083.72,8095083.72,-74.49,44.39,50.6,2,18,-24.45
1282,19,2023-04-01,28651518.5,28651518.5,491.16,253.94,60.0,2,34,318.7
1283,19,2023-05-01,14329900.05,16334880.27,108.89,-49.99,74.3,3,38,95.05
1284,19,2023-06-01,26446752.42,26446752.42,183.91,84.56,58.9,1,82,133.91
1285,19,2023-07-01,3658540.56,3658540.56,-85.87,-86.17,57.6,2,63,-28.48
1286,19,2023-09-01,7502990.8,7502990.8,-39.93,105.08,47.1,1,76,-5.12
1287,19,2023-10-01,2730109.82,2730109.82,-90.23,-63.61,63.7,1,27,-28.66
1288,19,2023-11-01,32971749.57,32971749.57,-17.78,1107.71,70.5,1,21,17.53
1289,19,2023-12-01,24772593.47,12715264.8,16.66,-24.87,75.9,3,65,40.36
1290,19,2024-01-01,6963738.6,6963738.6,-26.27,-71.89,60.5,2,68,8.44
1291,19,2024-02-01,19016284.92,16334975.22,-48.65,173.08,63.4,3,56,-3.83
1292,19,2024-03-01,20989709.68,13234033.98,274.38,10.38,70.4,7,69,192.79
1293,19,2024-04-01,34017113.86,28026984.74,320.22,62.07,70.9,5,17,220.49
1294,19,2024-05-01,40504033.0,40504033.0,41.37,19.07,44.9,1,36,42.78
1295,19,2024-06-01,11328331.99,11328331.99,-20.95,-72.03,35.5,1,52,1.63
1296,20,2018-01-01,5449642.41,5449642.41,,,46.9,2,89,18.76
1297,20,2018-02-01,18173011.75,10574582.85,,233.47,46.0,3,36,18.4
1298,20,2018-03-01,6218769.46,6218769.46,,-65.78,70.7,2,39,28.28
1299,20,2018-04-01,17139657.23,10474195.03,,175.61,78.6,3,61,31.44
1300,20,2018-05-01,17789166.28,14638356.8,,3.79,68.5,3,72,27.4
1301,20,2018-07-01,16309625.63,11687982.81,,-8.32,66.9,3,71,26.76
1302,20,2018-08-01,8797900.81,9935470.53,,-46.06,67.8,3,71,27.12
1303,20,2018-09-01,31536266.13,21544168.8,,258.45,70.0,3,51,28.0
1304,20,2018-10-01,8891430.25,8891430.25,,-71.81,56.1,2,25,22.44
1305,20,2018-12-01,38524032.0,38524032.0,,333.27,49.2,1,53,19.68
1306,20,2019-01-01,17389142.83,13648567.31,,-54.86,73.1,3,89,29.24
1307,20,2019-02-01,13627158.18,13627158.18,,-21.63,58.1,2,20,23.24
1308,20,2019-03-01,42905127.59,42905127.59,687.3,214.85,44.9,1,62,430.34
1309,20,2019-04-01,48618602.36,48618602.36,167.53,13.32,52.6,2,75,121.56
1310,20,2019-05-01,26647424.69,9553831.48,328.5,-45.19,85.0,3,25,231.1
1311,20,2019-06-01,12781575.87,12781575.87,-25.43,-52.03,72.2,1,78,13.62
1312,20,2019-07-01,5014830.01,5014830.01,-71.81,-60.77,78.3,2,58,-11.77
1313,20,2019-08-01,7360609.0,7360609.0,-54.87,46.78,80.0,1,39,-0.92
1314,20,2019-09-01,9765087.78,9765087.78,10.99,32.67,50.3,1,34,26.71
1315,20,2019-10-01,14018626.24,14018626.24,-55.55,43.56,68.7,1,31,-5.85
1316,20,2019-11-01,8410598.15,8410598.15,-5.41,-40.0,56.8,2,78,19.47
1317,20,2019-12-01,12938305.28,12938305.28,-66.41,53.83,49.4,1,78,-20.09
1318,20,2020-01-01,8319048.67,8319048.67,-52.16,-35.7,72.5,2,59,-2.3
1319,20,2020-02-01,11898753.12,11898753.12,-12.68,43.03,55.0,1,35,14.39
1320,20,2020-03-01,4196903.85,4196903.85,-90.22,-64.73,40.3,1,65,-38.01
1321,20,2020-04-01,39122990.74,39122990.74,-19.53,832.19,54.8,2,30,10.2
1322,20,2020-05-01,27669424.52,27669424.52,3.84,-29.28,37.3,2,55,17.22
1323,20,2020-06-01,4045968.77,4045968.77,-68.35,-85.38,61.5,2,82,-16.41
1324,20,2020-07-01,6757852.5,6757852.5,34.76,67.03,62.0,1,74,45.66
1325,20,2020-08-01,12144662.28,12144662.28,65.0,79.71,70.7,1,81,67.28
1326,20,2020-11-01,12498401.68,12498401.68,27.99,2.91,67.2,1,82,43.67
1327,20,2020-12-01,30141563.14,9715596.88,115.01,141.16,85.1,3,29,103.05
1328,20,2021-01-01,12628113.39,12628113.39,50.15,-58.1,53.3,1,66,51.41
1329,20,2021-02-01,7398839.28,7398839.28,-42.81,-41.41,36.7,1,85,-11.01
1330,20,2021-03-01,25106255.82,9290897.78,201.79,239.33,82.4,3,46,154.03
1331,20,2021-04-01,11322303.13,6907964.94,-4.84,-54.9,53.2,3,27,18.38
1332,20,2021-05-01,24337105.63,24337105.63,479.88,114.95,74.6,2,76,317.77
1333,20,2021-06-01,5256848.16,5256848.16,-86.56,-78.4,38.5,1,28,-36.54
1334,20,2021-07-01,37223789.4,37223789.4,34.53,608.1,58.0,1,55,43.92
1335,20,2021-09-01,49729738.38,49729738.38,1129.12,33.6,45.0,1,29,695.47
1336,20,2021-10-01,5009391.36,5009391.36,-25.87,-89.93,60.2,1,26,8.56
1337,20,2021-11-01,23947600.8,23947600.8,97.19,378.05,55.4,2,23,80.47
1338,20,2021-12-01,9788042.25,9788042.25,-21.69,-59.13,63.5,2,48,12.39
1339,20,2022-01-01,18664943.43,12277784.39,-38.08,90.69,53.7,3,35,-1.37
1340,20,2022-02-01,54508164.06,54508164.06,331.64,192.03,45.9,1,48,217.34
1341,20,2022-03-01,23614696.85,12654109.68,219.17,-56.68,57.2,5,29,154.38
1342,20,2022-05-01,11973869.16,11973869.16,-52.31,-49.29,70.4,1,35,-3.23
1343,20,2022-06-01,11464677.88,11464677.88,1.26,-4.25,46.5,2,52,19.36
1344,20,2022-07-01,16909274.9,13624152.3,-30.52,47.49,79.1,5,79,13.33
1345,20,2022-08-01,21014657.97,11745603.1,299.76,24.28,60.9,3,54,204.22
1346,20,2022-09-01,43275463.98,43275463.98,16.26,105.93,42.4,2,61,26.72
1347,20,2022-11-01,11963450.18,11963450.18,-75.94,-72.36,47.2,2,54,-26.68
1348,20,2022-12-01,8898749.28,8898749.28,77.64,-25.62,55.1,2,68,68.62
1349,20,2023-01-01,43034348.2,53501694.27,79.7,383.6,70.1,4,71,75.86
1350,20,2023-02-01,13741468.55,13741468.55,40.39,-68.07,52.3,1,42,45.15
1351,20,2023-03-01,27619153.85,9792001.58,47.97,100.99,90.7,6,24,65.06
1352,20,2023-04-01,105359035.21,105359035.21,93.29,281.47,54.4,1,41,77.73
1353,20,2023-05-01,37084986.14,32364032.09,57.04,-64.8,67.9,3,71,61.38
1354,20,2023-06-01,9401564.64,9401564.64,-21.48,-74.65,49.8,1,24,7.03
1355,20,2023-07-01,26196108.48,15855985.2,128.49,178.64,60.3,3,75,101.21
1356,20,2023-08-01,13111590.54,13111590.54,-22.46,-49.95,51.6,1,48,7.16
1357,20,2023-09-01,21657320.89,11646935.11,3.06,65.18,80.3,5,26,33.96
1358,20,2023-10-01,5641062.64,5641062.64,-86.96,-73.95,58.4,2,88,-28.82
1359,20,2023-11-01,35673415.76,38221870.5,198.19,532.39,90.8,5,15,155.23
1360,20,2024-02-01,3381780.94,3381780.94,-62.0,-90.52,42.1,1,67,-20.36
1361,20,2024-03-01,27023124.05,9402650.0,-37.21,699.08,73.8,3,66,7.19
1362,20,2024-04-01,10017733.77,10017733.77,-27.1,-62.93,52.6,2,56,4.78
1363,20,2024-05-01,33428019.6,31564257.16,21.03,233.69,80.4,4,54,44.78
1364,20,2024-06-01,7905237.48,7905237.48,-92.5,-76.35,51.3,1,55,-34.98
1365,21,2018-01-01,9612604.96,9612604.96,,,54.8,2,21,21.92
1366,21,2018-02-01,7256647.17,2802524.0,,-24.51,68.2,3,84,27.28
1367,21,2018-03-01,19943464.76,19943464.76,,174.83,46.8,1,60,18.72
1368,21,2018-04-01,22104231.49,22104231.49,,10.83,50.6,2,75,20.24
1369,21,2018-06-01,20174207.51,10841950.12,,-8.73,80.3,4,15,32.12
1370,21,2018-07-01,7146334.33,8900470.84,,-64.58,57.4,3,39,22.96
1371,21,2018-08-01,11623494.44,11623494.44,,62.65,66.2,2,47,26.48
1372,21,2018-09-01,2232923.14,2232923.14,,-80.79,35.2,1,15,14.08
1373,21,2018-10-01,10917011.64,10917011.64,,388.91,57.5,1,30,23.0
1374,21,2018-11-01,4509287.26,4509287.26,,-58.69,63.2,2,26,25.28
1375,21,2018-12-01,9916500.3,6595832.88,,119.91,70.5,3,78,28.2
1376,21,2019-01-01,32161646.08,32161646.08,,224.32,55.2,2,66,22.08
1377,21,2019-02-01,9410431.37,8573211.99,-2.1,-70.74,66.2,3,26,25.22
1378,21,2019-03-01,13873200.6,13873200.6,91.18,47.42,58.9,1,74,78.27
1379,21,2019-04-01,4323115.2,4323115.2,-78.32,-68.84,32.2,2,18,-34.11
1380,21,2019-05-01,4926403.92,4926403.92,-77.71,13.95,53.0,1,64,-25.43
1381,21,2019-06-01,18451092.14,18451092.14,-8.54,274.53,56.6,2,28,17.52
1382,21,2019-07-01,12134589.6,12134589.6,69.8,-34.23,68.8,2,41,69.4
1383,21,2019-08-01,16421742.31,10479933.67,41.28,35.33,67.3,4,19,51.69
1384,21,2019-09-01,5468061.24,4789173.81,144.88,-66.7,61.8,3,29,111.65
1385,21,2019-10-01,18752783.64,12057203.46,71.78,242.95,65.8,4,28,69.39
1386,21,2019-11-01,34224852.74,34224852.74,658.99,82.51,44.0,2,31,412.99
1387,21,2019-12-01,32020244.18,13779607.95,222.9,-6.44,61.8,3,72,158.46
1388,21,2020-01-01,11959215.32,11959215.32,-62.82,-62.65,52.8,1,42,-16.57
1389,21,2020-02-01,20573351.24,20573351.24,118.62,72.03,51.9,1,83,91.93
1390,21,2020-03-01,19451460.79,16017160.0,40.21,-5.45,66.9,4,43,50.89
1391,21,2020-04-01,21467605.45,21467605.45,396.58,10.37,53.3,1,26,259.27
1392,21,2020-05-01,23823130.92,23823130.92,383.58,10.97,60.1,1,81,254.19
1393,21,2020-07-01,39383784.06,39383784.06,113.45,65.32,73.4,2,26,97.43
1394,21,2020-08-01,3789802.1,3789802.1,-68.77,-90.38,53.3,1,73,-19.94
1395,21,2020-09-01,11959436.16,12473482.8,-27.17,215.57,53.0,3,35,4.9
1396,21,2020-11-01,18698723.87,6430393.86,241.96,56.35,75.8,5,18,175.5
1397,21,2020-12-01,9298739.49,9298739.49,-50.41,-50.27,66.3,2,46,-3.73
1398,21,2021-01-01,4610065.59,4610065.59,-86.53,-50.42,65.2,1,55,-25.84
1399,21,2021-02-01,25352791.94,11169620.3,-20.82,449.94,79.1,5,75,19.15
1400,21,2021-03-01,34407721.67,29781821.96,187.71,35.72,64.5,5,90,138.43
1401,21,2021-04-01,9920454.61,4026394.1,-51.78,-71.17,78.6,5,63,0.37
1402,21,2021-06-01,15553016.5,15553016.5,-20.04,56.78,55.9,2,60,10.34
1403,21,2021-07-01,32931584.9,32931584.9,53.4,111.74,64.8,2,69,57.96
1404,21,2021-08-01,7363267.86,6978245.04,-69.09,-77.64,64.7,3,48,-15.57
1405,21,2021-09-01,17516233.63,14156128.8,-55.52,137.89,70.3,3,16,-5.19
1406,21,2021-10-01,28002461.12,28002461.12,638.89,59.87,53.3,2,18,404.65
1407,21,2021-11-01,3961820.84,3961820.84,-66.87,-85.85,48.0,1,23,-20.92
1408,21,2021-12-01,8325143.35,8325143.35,-55.48,110.13,47.6,2,87,-14.25
1409,21,2022-02-01,14563172.33,9126246.46,56.61,74.93,62.4,6,23,58.93
1410,21,2022-03-01,3757017.86,3757017.86,-18.5,-74.2,51.5,1,55,9.5
1411,21,2022-04-01,3233603.77,3233603.77,-87.25,-13.93,52.5,2,52,-31.35
1412,21,2022-05-01,4269999.52,4269999.52,-87.59,32.05,67.9,1,31,-25.39
1413,21,2022-06-01,14798387.68,14798387.68,49.17,246.57,73.4,2,66,58.86
1414,21,2022-07-01,10331059.62,10331059.62,-33.58,-30.19,33.8,1,22,-6.63
1415,21,2022-08-01,17679557.56,21166345.42,-46.31,71.13,81.9,3,71,4.97
1416,21,2022-09-01,7092161.55,7092161.55,-3.68,-59.88,68.6,1,85,25.23
1417,21,2022-10-01,4574964.43,4574964.43,-73.88,-35.49,62.1,1,34,-19.49
1418,21,2022-11-01,30350723.77,17299957.33,8.39,563.41,90.1,4,52,41.07
1419,21,2022-12-01,8523747.48,7445140.56,115.15,-71.92,95.5,5,24,107.29
1420,21,2023-01-01,14186267.36,14186267.36,70.4,66.43,70.9,1,30,70.6
1421,21,2023-02-01,13978511.1,13978511.1,-4.01,-1.46,55.4,1,68,19.75
1422,21,2023-03-01,16849951.8,16849951.8,348.49,20.54,60.1,2,50,233.13
1423,21,2023-04-01,13723004.22,13723004.22,324.39,-18.56,69.7,2,41,222.51
1424,21,2023-05-01,3995081.31,3995081.31,-6.44,-70.89,48.2,1,49,15.42
1425,21,2023-06-01,8048558.2,8048558.2,-45.61,101.46,53.1,1,37,-6.13
1426,21,2023-07-01,21170004.84,21170004.84,104.92,163.03,44.0,2,53,80.55
1427,21,2023-08-01,9873392.01,4543356.1,-44.15,-53.36,59.8,3,23,-2.57
1428,21,2023-09-01,4645624.64,4645624.64,-34.5,-52.95,57.2,1,30,2.18
1429,21,2023-11-01,7818887.6,7818887.6,70.91,68.31,53.5,1,47,63.95
1430,21,2023-12-01,19568132.79,13242429.78,-35.53,150.27,74.3,4,75,8.4
1431,21,2024-01-01,13680477.47,13680477.47,60.5,-30.09,78.7,1,55,67.78
1432,21,2024-02-01,13178091.87,13178091.87,-7.11,-3.67,57.7,1,52,18.81
1433,21,2024-03-01,18541690.41,10985162.16,32.64,40.7,57.8,3,65,42.7
1434,21,2024-04-01,38217314.92,30906360.33,126.81,106.12,55.5,3,70,98.29
1435,21,2024-05-01,35171272.59,17705532.16,156.29,-7.97,78.0,3,33,124.97
1436,21,2024-06-01,38252865.7,38252865.7,857.5,8.76,46.7,1,50,533.18
1437,22,2018-01-01,14839776.77,14839776.77,,,66.0,2,82,26.4
1438,22,2018-02-01,10819832.81,10819832.81,,-27.09,62.5,1,33,25.0
1439,22,2018-03-01,16097861.34,16097861.34,,48.78,67.9,2,31,27.16
1440,22,2018-05-01,5225730.06,5225730.06,,-67.54,45.4,1,44,18.16
1441,22,2018-06-01,28593298.48,16410910.77,,447.16,69.7,3,22,27.88
1442,22,2018-07-01,5696465.65,5696465.65,,-80.08,61.1,2,69,24.44
1443,22,2018-08-01,4849338.17,5560927.14,,-14.87,53.8,3,52,21.52
1444,22,2018-09-01,38458501.02,38458501.02,,693.07,45.0,1,31,18.0
1445,22,2018-10-01,9101299.1,9101299.1,,-76.33,61.3,1,24,24.52
1446,22,2018-11-01,11043982.8,10295997.4,,21.35,85.5,3,25,34.2
1447,22,2018-12-01,17457030.5,17457030.5,,58.07,59.5,1,69,23.8
1448,22,2019-01-01,13371806.02,7672547.88,,-23.4,80.5,7,80,32.2
1449,22,2019-03-01,27727817.64,25176792.75,86.85,107.36,44.3,3,48,69.83
1450,22,2019-04-01,9805613.82,9805613.82,-9.37,-64.64,68.9,2,66,21.94
1451,22,2019-06-01,9354104.09,9354104.09,-41.89,-4.6,67.0,2,22,1.67
1452,22,2019-07-01,17388071.83,17388071.83,232.74,85.89,67.3,2,43,166.56
1453,22,2019-08-01,2596525.26,2596525.26,-90.92,-85.07,58.2,1,81,-31.27
1454,22,2019-10-01,21298897.53,21298897.53,273.9,720.28,67.1,2,59,191.18
1455,22,2019-11-01,21378613.97,21378613.97,340.86,0.37,53.4,2,27,225.88
1456,22,2019-12-01,5966149.44,5607337.26,-84.49,-72.09,90.4,4,58,-14.53
1457,22,2020-01-01,4465791.2,4465791.2,-50.93,-25.15,66.0,2,34,-4.16
1458,22,2020-02-01,20033163.06,9488001.15,81.39,348.59,85.7,3,45,83.11
1459,22,2020-03-01,29371212.12,7586454.52,68.25,46.61,66.4,3,50,67.51
1460,22,2020-04-01,8714067.12,8714067.12,-34.83,-70.33,45.7,2,69,-2.62
1461,22,2020-05-01,4023167.28,4023167.28,-85.49,-53.83,56.6,2,65,-28.65
1462,22,2020-06-01,43748628.6,43748628.6,346.16,987.42,62.4,2,55,232.66
1463,22,2020-08-01,25188436.42,25188436.42,169.28,-42.42,71.8,2,33,130.29
1464,22,2020-09-01,4237536.96,4237536.96,-75.63,-83.18,58.5,1,23,-21.98
1465,22,2020-10-01,5089542.11,3836728.76,96.01,20.11,60.4,4,78,81.77
1466,22,2020-11-01,8625861.96,8625861.96,-59.5,69.48,46.1,2,51,-17.26
1467,22,2020-12-01,28444396.35,28444396.35,33.05,229.76,45.7,1,69,38.11
1468,22,2021-01-01,10651611.88,10651611.88,78.53,-62.55,71.3,2,47,75.64
1469,22,2021-03-01,10193272.31,12715370.31,128.25,-4.3,60.1,3,56,100.99
1470,22,2021-04-01,19695226.63,19695226.63,-1.69,93.22,55.7,2,39,21.27
1471,22,2021-05-01,10249270.73,7631213.49,-65.1,-47.96,57.5,4,44,-16.06
1472,22,2021-06-01,19407351.6,19407351.6,122.71,89.35,63.9,1,27,99.19
1473,22,2021-08-01,9663429.5,9663429.5,140.19,-50.21,72.2,2,70,112.99
1474,22,2021-10-01,4502362.32,2001660.2,-89.71,-53.41,64.7,3,49,-27.95
1475,22,2021-11-01,8382181.77,8382181.77,-66.72,86.17,68.7,1,89,-12.55
1476,22,2021-12-01,6109095.98,6109095.98,44.17,-27.12,63.2,1,55,51.78
1477,22,2022-01-01,18969104.05,20785692.45,272.71,210.51,73.8,4,16,193.15
1478,22,2022-02-01,11471959.63,11471959.63,32.99,-39.52,61.0,1,70,44.19
1479,22,2022-03-01,10259199.9,10259199.9,-63.93,-10.57,43.1,1,19,-21.12
1480,22,2022-04-01,48619873.92,48619873.92,356.46,373.91,62.6,1,56,238.92
1481,22,2022-06-01,23108900.46,23108900.46,126.71,-52.47,74.3,2,51,105.75
1482,22,2022-07-01,13011472.92,13011472.92,-33.94,-43.69,60.0,2,28,3.64
1483,22,2022-08-01,12866258.82,12866258.82,25.53,-1.12,53.0,2,27,36.52
1484,22,2022-09-01,13085556.4,13085556.4,-32.57,1.7,55.1,2,42,2.5
1485,22,2022-10-01,19825610.57,9237043.44,105.16,51.51,76.2,3,75,93.58
1486,22,2022-11-01,31011181.46,31011181.46,588.78,56.42,60.0,2,28,377.27
1487,22,2022-12-01,10531165.47,10531165.47,25.64,-66.04,50.7,1,43,35.66
1488,22,2023-02-01,7918851.87,6272260.91,29.62,-24.81,73.4,4,52,47.13
1489,22,2023-03-01,11519569.36,11519569.36,-39.27,45.47,61.6,2,69,1.08
1490,22,2023-04-01,10773194.44,10773194.44,-6.09,-6.48,59.1,2,45,19.99
1491,22,2023-05-01,9241867.51,10432394.37,-9.92,-14.21,71.4,3,28,22.61
1492,22,2023-06-01,22110190.24,14710536.75,-54.52,139.24,51.1,3,16,-12.27
1493,22,2023-07-01,17577815.31,11653018.4,-23.93,-20.5,94.2,5,78,23.32
1494,22,2023-08-01,12060094.69,5197833.3,-7.31,-31.39,60.3,3,84,19.73
1495,22,2023-09-01,7591984.12,7591984.12,-40.99,-37.05,49.0,1,20,-4.99
1496,22,2023-10-01,6343472.44,6080165.72,-51.52,-16.45,80.3,4,76,1.21
1497,22,2023-11-01,16644790.12,16644790.12,-16.04,162.39,59.7,1,83,14.26
1498,22,2023-12-01,70239145.55,74044733.76,126.5,321.99,72.9,3,69,105.06
1499,22,2024-01-01,31215546.72,31215546.72,196.41,-55.56,61.1,1,88,142.29
1500,22,2024-02-01,29604841.99,25192225.02,273.85,-5.16,42.3,3,56,181.23
1501,22,2024-03-01,39873592.5,39873592.5,246.14,34.69,45.7,1,72,165.96
1502,22,2024-04-01,12548389.22,14695595.72,16.48,-68.53,75.8,5,63,40.21
1503,23,2018-01-01,12526100.16,12526100.16,,,49.3,2,21,19.72
1504,23,2018-02-01,19241422.68,17796309.31,,53.61,65.1,3,29,26.04
1505,23,2018-04-01,19947264.06,19947264.06,,3.67,62.1,2,86,24.84
1506,23,2018-05-01,21810583.53,13732676.94,,9.34,64.2,3,82,25.68
1507,23,2018-06-01,5954245.78,5954245.78,,-72.7,48.7,1,44,19.48
1508,23,2018-07-01,3120812.64,3120812.64,,-47.59,46.4,1,16,18.56
1509,23,2018-08-01,36803293.84,36803293.84,,1079.29,58.4,1,50,23.36
1510,23,2018-09-01,16926497.6,23120019.84,,-54.01,61.4,5,28,24.56
1511,23,2018-10-01,34403745.7,34403745.7,,103.25,63.7,2,56,25.48
1512,23,2018-12-01,19872249.92,8720691.5,,-42.24,69.9,3,50,27.96
1513,23,2019-01-01,29777766.69,29425438.08,,49.85,61.2,3,51,24.48
1514,23,2019-02-01,27673078.48,27673078.48,,-7.07,63.5,2,77,25.4
1515,23,2019-03-01,9537169.4,9537169.4,-23.86,-65.54,55.0,2,54,7.68
1516,23,2019-04-01,11759872.0,11759872.0,-38.88,23.31,58.6,1,78,0.11
1517,23,2019-05-01,15893767.59,13608861.76,-20.32,35.15,56.3,3,45,10.33
1518,23,2019-06-01,9279357.7,9279357.7,-57.45,-41.62,56.7,2,45,-11.79
1519,23,2019-07-01,22022902.32,13442427.81,269.87,137.33,87.6,7,49,196.96
1520,23,2019-08-01,25118519.58,25118519.58,704.87,14.06,53.6,1,43,444.36
1521,23,2019-09-01,11156798.07,11156798.07,-69.69,-55.58,53.5,1,62,-20.41
1522,23,2019-10-01,23980369.47,23980369.47,41.67,114.94,72.5,2,75,54.0
1523,23,2020-01-01,9014568.87,9014568.87,-73.8,-62.41,50.5,2,46,-24.08
1524,23,2020-02-01,9558185.52,9558185.52,-51.9,6.03,44.4,1,70,-13.38
1525,23,2020-04-01,18295563.38,18295563.38,-38.56,91.41,64.0,2,76,2.46
1526,23,2020-05-01,14425272.84,14425272.84,-47.87,-21.15,41.4,1,19,-12.16
1527,23,2020-06-01,18937141.84,18937141.84,98.56,31.28,58.4,2,27,82.5
1528,23,2020-07-01,19596690.81,8139856.2,66.64,3.48,65.7,3,69,66.26
1529,23,2020-08-01,19486484.34,21023622.8,22.6,-0.56,68.4,3,79,40.92
1530,23,2020-09-01,11826634.76,12523895.6,27.45,-39.31,56.9,3,61,39.23
1531,23,2020-10-01,21678843.58,21678843.58,-1.56,83.31,56.4,2,34,21.62
1532,23,2020-11-01,16403346.93,16403346.93,-34.7,-24.33,60.2,1,61,3.26
1533,23,2020-12-01,38288368.16,50804333.94,243.18,133.42,64.2,3,45,171.59
1534,23,2021-01-01,24882414.08,24882414.08,3.76,-35.01,61.2,2,24,26.74
1535,23,2021-02-01,17809978.42,17809978.42,97.57,-28.42,66.9,2,76,85.3
1536,23,2021-03-01,14480983.49,9885364.8,51.5,-18.69,72.1,3,55,59.74
1537,23,2021-04-01,25548786.42,25548786.42,39.64,76.43,54.7,2,21,45.66
1538,23,2021-07-01,36106245.41,36106245.41,150.3,41.32,59.5,2,47,113.98
1539,23,2021-08-01,9783645.69,5770915.08,-48.34,-72.9,48.7,3,15,-9.52
1540,23,2021-09-01,11593987.02,11593987.02,-40.84,18.5,61.7,1,87,0.18
1541,23,2021-10-01,12004999.73,12539478.78,-38.39,3.55,65.8,3,42,3.29
1542,23,2021-11-01,13329652.41,13329652.41,12.71,11.03,81.2,2,75,40.11
1543,23,2022-01-01,5496340.26,5496340.26,-74.65,-58.77,48.2,1,17,-25.51
1544,23,2022-02-01,21426220.8,7989539.25,30.62,289.83,47.5,3,25,37.37
1545,23,2022-03-01,7964858.88,7964858.88,-79.2,-62.83,39.7,1,29,-31.64
1546,23,2022-04-01,46820865.9,46820865.9,88.17,487.84,54.1,1,81,74.54
1547,23,2022-06-01,14747886.21,14747886.21,-17.19,-68.5,60.6,1,56,13.93
1548,23,2022-07-01,25688838.19,14147472.78,77.4,74.19,65.0,3,65,72.44
1549,23,2022-08-01,38961329.12,38016770.25,52.5,51.67,77.0,4,86,62.3
1550,23,2022-11-01,27466596.9,25838679.64,-23.93,-29.5,75.4,4,88,15.8
1551,23,2023-01-01,48479308.0,48479308.0,395.51,76.5,55.3,1,72,259.43
1552,23,2023-02-01,20609535.01,20609535.01,77.76,-57.49,57.8,2,49,69.78
1553,23,2023-03-01,54729617.8,54729617.8,355.89,165.55,65.9,1,17,239.89
1554,23,2023-04-01,16030582.25,16030582.25,20.26,-70.71,49.9,2,60,32.12
1555,23,2023-05-01,24797843.48,24797843.48,351.17,54.69,74.3,2,36,240.42
1556,23,2023-06-01,23563091.08,22141152.31,9.97,-4.98,67.9,3,87,33.14
1557,23,2023-07-01,16777760.64,8468619.48,110.65,-28.8,72.6,7,17,95.43
1558,23,2023-08-01,19592174.83,5569568.89,-58.16,16.77,69.6,4,56,-7.06
1559,23,2023-09-01,14500609.2,14500609.2,-1.68,-25.99,64.3,1,60,24.71
1560,23,2023-10-01,33691071.12,29701374.24,31.15,132.34,74.6,4,19,48.53
1561,23,2023-11-01,40309057.92,43642669.56,3.46,19.64,68.8,4,59,29.6
1562,23,2023-12-01,11016519.2,11016519.2,-59.89,-72.67,72.4,2,76,-6.97
1563,23,2024-01-01,19671074.17,19671074.17,-59.42,78.56,68.7,2,88,-8.17
1564,23,2024-02-01,10385447.82,10385447.82,-49.61,-47.2,61.8,1,34,-5.05
1565,23,2024-03-01,24746371.64,21533644.73,-54.78,138.28,61.3,3,79,-8.35
1566,23,2024-04-01,17158688.69,16655414.71,7.04,-30.66,67.0,4,23,31.02
1567,23,2024-05-01,9603810.26,9603810.26,-61.27,-44.03,61.5,2,82,-12.16
1568,23,2024-06-01,35412677.96,40631286.18,50.29,268.74,71.1,4,49,58.61
1569,24,2018-01-01,24748707.17,24748707.17,,,82.0,2,72,32.8
1570,24,2018-02-01,3313930.62,3313930.62,,-86.61,41.0,1,34,16.4
1571,24,2018-05-01,12918702.02,12918702.02,,289.83,53.9,1,64,21.56
1572,24,2018-07-01,16699286.03,10778779.62,,29.26,57.6,3,65,23.04
1573,24,2018-08-01,3546438.4,3546438.4,,-78.76,62.2,1,79,24.88
1574,24,2018-10-01,16817059.24,16817059.24,,374.2,63.3,2,21,25.32
1575,24,2018-11-01,19189505.11,19189505.11,,14.11,64.7,2,65,25.88
1576,24,2018-12-01,10736342.94,10736342.94,,-44.05,34.9,1,41,13.96
1577,24,2019-01-01,5666392.36,5666392.36,,-47.22,63.7,2,37,25.48
1578,24,2019-02-01,7015604.8,7015604.8,,23.81,46.0,1,51,18.4
1579,24,2019-03-01,3276754.8,3276754.8,,-53.29,38.6,1,24,15.44
1580,24,2019-04-01,10187734.33,11195601.48,,210.91,76.4,3,69,30.56
1581,24,2019-05-01,18740327.01,10515695.67,-24.28,83.95,81.3,3,27,17.95
1582,24,2019-06-01,7553823.87,6847274.72,127.94,-59.69,73.2,4,26,106.04
1583,24,2019-07-01,11539851.3,11539851.3,-10.67,52.77,59.5,1,59,17.4
1584,24,2019-08-01,11788305.52,11788305.52,-29.41,2.15,49.6,2,49,2.19
1585,24,2019-10-01,10571096.32,10040711.31,198.08,-10.33,58.6,3,19,142.29
1586,24,2019-11-01,8143256.41,9855627.81,-51.58,-22.97,58.4,3,63,-7.59
1587,24,2020-01-01,12212000.34,12212000.34,-36.36,49.96,55.7,1,37,0.46
1588,24,2020-02-01,16378353.25,14356189.9,52.55,34.12,51.5,3,77,52.13
1589,24,2020-03-01,17490697.49,17490697.49,208.67,6.79,67.1,2,80,152.04
1590,24,2020-05-01,10446285.8,10446285.8,48.9,-40.28,60.7,1,18,53.62
1591,24,2020-06-01,13469796.32,13469796.32,311.07,28.94,55.1,1,80,208.68
1592,24,2020-07-01,45742611.91,45742611.91,349.0,239.59,56.4,1,83,231.96
1593,24,2020-08-01,23478958.09,14024930.55,25.29,-48.67,78.5,3,21,46.57
1594,24,2020-09-01,9535255.36,9535255.36,26.23,-59.39,68.7,2,65,43.22
1595,24,2020-10-01,22253303.01,17264903.7,92.84,133.38,81.3,4,79,88.22
1596,24,2020-11-01,8621305.96,8621305.96,-26.87,-61.26,69.2,2,40,11.56
1597,24,2020-12-01,16290263.86,20396249.25,54.1,88.95,66.7,3,26,59.14
1598,24,2021-01-01,27057492.66,27057492.66,232.27,66.1,68.3,2,30,166.68
1599,24,2021-02-01,78500654.96,78500654.96,542.82,190.13,64.9,1,34,351.65
1600,24,2021-03-01,82976088.0,82976088.0,406.62,5.7,59.5,1,30,267.77
1601,24,2021-04-01,13552778.39,13552778.39,-22.51,-83.67,39.2,2,73,2.17
1602,24,2021-05-01,12622287.66,12622287.66,20.83,-6.87,46.5,2,89,31.1
1603,24,2021-06-01,34542892.69,24223810.36,156.45,173.67,80.6,4,57,126.11
1604,24,2021-07-01,44197606.59,41108298.0,-3.38,27.95,45.0,3,32,15.97
1605,24,2021-10-01,10461626.0,10461626.0,-55.44,-76.33,50.6,2,85,-13.02
1606,24,2021-11-01,12844844.0,12844844.0,34.71,22.78,41.9,1,34,37.59
1607,24,2021-12-01,48492848.25,48492848.25,117.91,277.53,32.2,1,35,83.63
1608,24,2022-01-01,68230436.85,68230436.85,691.42,40.7,63.7,2,41,440.33
1609,24,2022-02-01,10342606.68,10342606.68,-36.51,-84.84,58.3,1,45,1.41
1610,24,2022-03-01,10746502.67,13957778.94,-60.28,3.91,59.6,3,25,-12.33
1611,24,2022-04-01,9193289.31,8168367.48,-88.29,-14.45,77.9,3,38,-21.81
1612,24,2022-05-01,14009853.54,13953105.24,-83.12,52.39,45.6,3,57,-31.63
1613,24,2022-06-01,18512480.88,18512480.88,36.6,32.14,49.8,1,64,41.88
1614,24,2022-07-01,12026033.83,12026033.83,-4.72,-35.04,53.4,2,77,18.53
1615,24,2022-08-01,5434264.08,5434264.08,-84.27,-54.81,72.5,1,78,-21.56
1616,24,2022-09-01,26393189.9,26393189.9,-40.28,385.68,60.6,2,32,0.07
1617,24,2022-11-01,34886315.9,34886315.9,233.47,32.18,63.9,2,59,165.64
1618,24,2022-12-01,20006510.46,7609230.72,55.76,-42.65,63.6,3,15,58.9
1619,24,2023-01-01,46529973.0,46529973.0,-4.05,132.57,48.0,1,42,16.77
1620,24,2023-02-01,28741365.83,12090157.71,-57.88,-38.23,71.6,3,81,-6.09
1621,24,2023-03-01,51962898.92,51962898.92,402.42,80.79,67.5,2,59,268.45
1622,24,2023-04-01,14484162.89,14484162.89,34.78,-72.13,78.1,2,69,52.11
1623,24,2023-05-01,37603869.98,37603869.98,309.04,159.62,44.0,2,30,203.02
1624,24,2023-06-01,28759726.56,28759726.56,105.28,-23.52,42.9,1,69,80.33
1625,24,2023-07-01,46944015.07,63267268.5,153.58,63.23,58.3,3,37,115.47
1626,24,2023-08-01,13903321.68,13903321.68,15.61,-70.38,69.6,1,73,37.21
1627,24,2023-09-01,13909910.09,8527665.9,155.97,0.05,62.4,4,29,118.54
1628,24,2023-11-01,12531932.49,12531932.49,-52.52,-9.91,72.8,2,48,-2.39
1629,24,2023-12-01,15371600.96,12898808.48,-55.94,22.66,54.8,4,26,-11.64
1630,24,2024-03-01,58102886.88,58102886.88,190.42,277.99,58.4,1,39,137.61
1631,24,2024-04-01,22217493.6,22217493.6,-52.25,-61.76,55.7,1,50,-9.07
1632,24,2024-06-01,42564005.68,42564005.68,48.09,91.58,48.0,2,37,48.05
1633,25,2018-01-01,16267573.08,16267573.08,,,63.9,2,78,25.56
1634,25,2018-02-01,23168450.88,12176834.9,,42.42,60.8,3,78,24.32
1635,25,2018-03-01,11687513.3,11687513.3,,-49.55,66.8,2,39,26.72
1636,25,2018-04-01,10771248.06,10771248.06,,-7.84,67.0,2,33,26.8
1637,25,2018-05-01,2988910.26,2988910.26,,-72.25,51.9,1,40,20.76
1638,25,2018-07-01,15581172.03,15581172.03,,421.3,55.6,1,55,22.24
1639,25,2018-08-01,8669693.01,8669693.01,,-44.36,74.7,2,77,29.88
1640,25,2018-11-01,16533075.22,11533010.25,,90.7,57.2,3,44,22.88
1641,25,2018-12-01,10599352.04,11467100.89,,-35.89,65.3,4,77,26.12
1642,25,2019-01-01,4816940.46,4816940.46,,-54.55,59.2,1,47,23.68
1643,25,2019-03-01,30861410.12,30861410.12,,540.68,64.5,2,38,25.8
1644,25,2019-04-01,13395032.1,13395032.1,,-56.6,36.6,1,27,14.64
1645,25,2019-05-01,7976299.18,7976299.18,-50.97,-40.45,53.9,2,54,-9.02
1646,25,2019-06-01,12187104.9,12187104.9,-47.4,52.79,54.8,2,34,-6.52
1647,25,2019-07-01,10926582.45,10926582.45,-6.51,-10.34,72.6,2,16,25.13
1648,25,2019-09-01,8075932.13,6437224.84,-25.02,-26.09,71.3,4,47,13.51
1649,25,2019-11-01,3805631.07,3805631.07,27.33,-52.88,38.7,1,38,31.88
1650,25,2020-01-01,20597079.3,26304960.0,32.19,441.23,76.1,3,19,49.75
1651,25,2020-02-01,14022533.76,14022533.76,61.74,-31.92,68.6,2,71,64.48
1652,25,2020-03-01,17063647.63,3908735.6,3.21,21.69,55.1,3,45,23.97
1653,25,2020-04-01,4534949.82,4534949.82,-57.21,-73.42,61.6,1,76,-9.69
1654,25,2020-05-01,8095169.94,8095169.94,68.06,78.51,53.0,1,48,62.04
1655,25,2020-06-01,14363978.28,14363978.28,-53.46,77.44,61.7,1,29,-7.4
1656,25,2020-07-01,9392563.6,9392563.6,-29.88,-34.61,73.1,1,62,11.31
1657,25,2020-08-01,23726553.93,19206739.4,197.46,152.61,66.3,3,80,145.0
1658,25,2020-09-01,10879692.58,9705802.88,-10.73,-54.15,48.6,3,73,13.0
1659,25,2020-10-01,23772435.67,14714431.16,117.57,118.5,66.0,5,23,96.94
1660,25,2020-11-01,8790120.74,8790120.74,8.84,-63.02,56.2,2,51,27.78
1661,25,2020-12-01,26294686.56,26294686.56,590.94,199.14,54.2,1,33,376.24
1662,25,2021-01-01,9468974.28,9468974.28,-54.03,-63.99,52.0,2,58,-11.62
1663,25,2021-02-01,17904326.94,17904326.94,27.68,89.08,59.1,2,21,40.25
1664,25,2021-03-01,10866001.08,10866001.08,-36.32,-39.31,47.0,2,57,-2.99
1665,25,2021-04-01,8838217.8,8838217.8,94.89,-18.66,49.4,1,87,76.69
1666,25,2021-05-01,24821008.05,24821008.05,206.62,180.84,52.6,1,32,145.01
1667,25,2021-07-01,11683666.8,11683666.8,-18.66,-52.93,61.6,1,57,13.44
1668,25,2021-09-01,8133950.84,4907486.22,-13.4,-30.38,46.2,3,43,10.44
1669,25,2021-10-01,23705255.73,14983108.48,-0.09,191.44,53.4,3,15,21.31
1670,25,2021-11-01,12707739.2,12707739.2,16.8,-46.39,51.9,1,88,30.84
1671,25,2021-12-01,8418174.0,8418174.0,-64.59,-33.76,46.3,1,61,-20.23
1672,25,2022-01-01,15961155.84,15961155.84,81.58,89.6,56.4,1,60,71.51
1673,25,2022-02-01,35441846.8,17260006.26,34.79,122.05,80.2,3,85,52.95
1674,25,2022-03-01,12988027.02,12988027.02,37.16,-63.35,47.5,2,77,41.3
1675,25,2022-04-01,29021461.7,29021461.7,62.09,123.45,45.9,2,78,55.61
1676,25,2022-05-01,4960316.16,4960316.16,-54.35,-82.91,54.2,1,43,-10.93
1677,25,2022-06-01,31937428.64,19175688.32,261.36,543.86,58.3,3,65,180.14
1678,25,2022-07-01,57362538.6,57362538.6,131.1,79.61,58.9,2,52,102.22
1679,25,2022-08-01,57986831.48,57986831.48,396.31,1.09,70.2,2,38,265.87
1680,25,2022-10-01,16429372.48,16429372.48,101.99,-71.67,61.8,1,77,85.91
1681,25,2022-11-01,16742308.72,16742308.72,-29.37,1.9,46.0,1,41,0.78
1682,25,2022-12-01,21539427.17,13155660.71,69.5,28.65,75.8,6,73,72.02
1683,25,2023-01-01,25144103.15,13221717.47,198.69,16.74,55.7,4,89,141.49
1684,25,2023-03-01,21552130.77,14173218.4,35.03,-14.29,47.0,3,59,39.82
1685,25,2023-04-01,43340872.12,43340872.12,22.29,101.1,41.6,2,73,30.01
1686,25,2023-05-01,43030097.28,43030097.28,231.31,-0.72,35.7,1,34,153.07
1687,25,2023-06-01,15546728.88,15546728.88,-46.43,-63.87,48.4,1,43,-8.5
1688,25,2023-07-01,29188430.04,11156907.09,488.44,87.75,66.4,3,81,319.62
1689,25,2023-08-01,37736270.2,16910978.76,18.16,29.29,77.7,5,27,41.98
1690,25,2023-09-01,25532209.83,25439843.61,-55.49,-32.34,68.6,4,69,-5.85
1691,25,2023-10-01,10837555.0,10837555.0,-81.31,-57.55,64.8,2,24,-22.87
1692,25,2023-11-01,20712415.59,15310672.27,26.07,91.12,47.0,3,31,34.44
1693,25,2023-12-01,5393130.42,5393130.42,-67.79,-73.96,64.6,2,89,-14.83
1694,25,2024-01-01,19249736.03,15174100.6,-10.63,256.93,69.2,3,34,21.3
1695,25,2024-02-01,19958875.37,18554097.76,-20.62,3.68,74.2,3,25,17.31
1696,25,2024-03-01,14885470.6,14471140.32,-30.93,-25.42,64.4,3,45,7.2
1697,25,2024-04-01,21404242.25,18043526.88,-50.61,43.79,76.0,5,56,0.03
1698,25,2024-05-01,45471616.06,48413665.32,5.67,112.44,75.8,4,28,33.72
1699,25,2024-06-01,46088915.17,46088915.17,196.45,1.36,40.1,2,28,133.91
1700,26,2018-01-01,8143514.25,8143514.25,,,56.9,1,24,22.76
1701,26,2018-03-01,4528816.53,4528816.53,,-44.39,47.7,1,45,19.08
1702,26,2018-04-01,11664151.39,5517957.77,,157.55,70.6,5,41,28.24
1703,26,2018-05-01,10369996.59,11597764.28,,-11.1,60.1,3,21,24.04
1704,26,2018-06-01,25101718.9,25101718.9,,142.06,61.3,2,28,24.52
1705,26,2018-08-01,6813351.82,6813351.82,,-72.86,69.6,2,18,27.84
1706,26,2018-10-01,21185973.08,20901024.1,,210.95,81.4,5,75,32.56
1707,26,2018-11-01,27101046.28,27101046.28,,27.92,71.0,2,57,28.4
1708,26,2018-12-01,30087940.42,30087940.42,,11.02,56.6,2,39,22.64
1709,26,2019-01-01,6733062.2,5949384.87,,-77.62,85.8,3,62,34.32
1710,26,2019-02-01,16921408.56,16921408.56,,151.32,70.1,1,20,28.04
1711,26,2019-03-01,20687955.18,20719474.84,,22.26,71.7,4,37,28.68
1712,26,2019-04-01,61352605.02,61352605.02,653.39,196.56,50.1,1,48,412.07
1713,26,2019-05-01,13609287.35,6836409.35,200.5,-77.82,65.2,4,66,146.38
1714,26,2019-06-01,24552696.87,24552696.87,110.5,80.41,43.3,2,88,83.62
1715,26,2019-07-01,14505316.76,14505316.76,39.88,-40.92,57.3,2,50,46.85
1716,26,2019-08-01,12126439.26,12898175.4,-51.69,-16.4,62.4,3,82,-6.05
1717,26,2019-09-01,16812146.16,16812146.16,146.75,38.64,62.9,1,51,113.21
1718,26,2019-10-01,5012174.38,3985766.95,-76.34,-70.19,47.0,3,28,-27.0
1719,26,2019-11-01,20003687.86,21359341.93,-26.19,299.1,79.3,4,36,16.01
1720,26,2019-12-01,12091510.08,5300140.09,-59.81,-39.55,83.7,3,42,-2.41
1721,26,2020-01-01,7553486.78,5717785.59,12.19,-37.53,66.8,3,32,34.03
1722,26,2020-02-01,18968034.44,13330982.99,12.09,151.12,56.6,3,31,29.89
1723,26,2020-03-01,20279948.89,20279948.89,-1.97,6.92,74.6,2,38,28.66
1724,26,2020-05-01,10883456.29,10883456.29,-82.26,-46.33,53.4,1,44,-28.0
1725,26,2020-06-01,31284217.52,31284217.52,129.87,187.45,46.3,2,36,96.44
1726,26,2020-08-01,2559886.8,2559886.8,-89.57,-91.82,53.3,1,19,-32.42
1727,26,2020-09-01,36504265.62,36504265.62,151.66,1326.01,48.1,1,86,110.24
1728,26,2020-10-01,15144541.28,15144541.28,24.89,-58.51,64.4,1,76,40.69
1729,26,2020-12-01,13708494.6,15374308.5,-18.46,-9.48,65.9,4,46,15.28
1730,26,2021-01-01,31184150.3,5986463.28,522.17,127.48,57.9,3,82,336.46
1731,26,2021-03-01,6327242.16,6327242.16,-68.37,-79.71,47.5,2,56,-22.02
1732,26,2021-04-01,15183701.72,15183701.72,25.57,139.97,53.1,2,75,36.58
1733,26,2021-05-01,11075229.84,12576973.27,46.62,-27.06,67.2,4,22,54.85
1734,26,2021-06-01,8378159.64,8378159.64,-55.83,-24.35,66.3,2,88,-6.98
1735,26,2021-07-01,24456192.66,24456192.66,20.59,191.9,39.9,1,53,28.31
1736,26,2021-08-01,6820750.04,5729242.54,-37.33,-72.11,58.4,6,41,0.96
1737,26,2021-09-01,16044425.98,12344915.58,-48.71,135.23,76.0,4,89,1.17
1738,26,2021-10-01,10395230.88,7413423.02,306.08,-35.21,57.9,3,28,206.81
1739,26,2021-11-01,8345648.76,8211910.08,-77.14,-19.72,79.3,3,46,-14.56
1740,26,2021-12-01,5320676.76,5320676.76,-64.87,-36.25,47.1,1,76,-20.08
1741,26,2022-01-01,8222609.32,8222609.32,-40.02,54.54,61.8,2,16,0.71
1742,26,2022-02-01,6846979.11,6846979.11,-78.04,-16.73,54.3,2,82,-25.1
1743,26,2022-04-01,5276331.53,5446927.54,-16.61,-22.94,60.3,3,60,14.15
1744,26,2022-05-01,5029785.59,5029785.59,-66.87,-4.67,46.9,2,86,-21.36
1745,26,2022-06-01,12578045.1,12494413.5,13.57,150.07,78.8,3,71,39.66
1746,26,2022-07-01,4667141.31,4667141.31,-44.29,-62.89,56.1,1,81,-4.13
1747,26,2022-08-01,3124484.76,3124484.76,-87.22,-33.05,58.3,1,41,-29.01
1748,26,2022-09-01,5699269.46,5699269.46,-16.44,82.41,68.9,1,76,17.7
1749,26,2022-10-01,2619031.29,2619031.29,-83.68,-54.05,64.7,1,36,-24.33
1750,26,2022-11-01,5920176.96,5920176.96,-43.05,126.04,56.1,1,30,-3.39
1751,26,2022-12-01,44749793.91,44749793.91,436.21,655.89,45.1,1,43,279.77
1752,26,2023-01-01,29390060.28,15313026.19,452.37,-34.32,46.8,3,29,290.14
1753,26,2023-02-01,8901517.65,8901517.65,8.26,-69.71,70.0,2,69,32.96
1754,26,2023-03-01,42013675.9,42013675.9,513.61,371.98,60.8,1,85,332.49
1755,26,2023-04-01,9505082.08,9505082.08,80.15,-77.38,51.7,1,38,68.77
1756,26,2023-05-01,9096552.96,9096552.96,80.85,-4.3,73.3,1,32,77.83
1757,26,2023-06-01,13075130.75,13075130.75,3.95,43.74,41.2,2,63,18.85
1758,26,2023-07-01,26316094.37,30827353.56,463.86,101.27,68.8,3,21,305.84
1759,26,2023-08-01,13963942.83,16496087.6,346.92,-46.94,53.9,3,81,229.71
1760,26,2023-10-01,8456011.79,7305385.2,48.37,-39.44,79.8,5,15,60.94
1761,26,2023-11-01,27464527.85,24253130.24,948.65,224.79,70.1,3,41,597.23
1762,26,2023-12-01,19152174.06,19152174.06,223.51,-30.27,68.0,2,72,161.31
1763,26,2024-01-01,26014712.84,16312865.4,-41.87,35.83,48.5,3,23,-5.72
1764,26,2024-02-01,16644143.75,16644143.75,-43.37,-36.02,63.8,1,62,-0.5
1765,26,2024-03-01,4960704.71,4960704.71,-44.27,-70.2,51.9,1,28,-5.8
1766,26,2024-04-01,7048134.95,5474055.18,-83.22,42.08,62.2,3,44,-25.05
1767,26,2024-06-01,19823599.96,10138813.05,108.56,181.26,85.1,5,24,99.18
1768,27,2018-01-01,18857641.99,13073322.36,,,89.9,5,72,35.96
1769,27,2018-02-01,8481213.8,8481213.8,,-55.03,59.0,2,84,23.6
1770,27,2018-03-01,5730599.28,5730599.28,,-32.43,47.6,1,53,19.04
1771,27,2018-04-01,9675260.19,9257183.06,,68.84,53.5,3,49,21.4
1772,27,2018-05-01,4474927.5,4474927.5,,-53.75,46.2,1,84,18.48
1773,27,2018-06-01,52833188.1,52833188.1,,1080.65,60.4,2,86,24.16
1774,27,2018-07-01,12959851.28,12959851.28,,-75.47,52.9,2,46,21.16
1775,27,2018-09-01,17602658.08,17602658.08,,35.82,65.1,1,84,26.04
1776,27,2018-10-01,3145079.44,3145079.44,,-82.13,60.1,1,15,24.04
1777,27,2018-11-01,9802590.57,8996763.95,,211.68,72.9,4,40,29.16
1778,27,2018-12-01,11152159.84,11152159.84,,13.77,54.1,1,71,21.64
1779,27,2019-01-01,13255842.64,13255842.64,,18.86,50.3,1,50,20.12
1780,27,2019-03-01,7640012.85,7640012.85,-59.49,-42.36,52.7,2,71,-14.61
1781,27,2019-04-01,20572813.95,20572813.95,142.57,169.28,47.9,2,44,104.7
1782,27,2019-05-01,10448154.75,10448154.75,82.32,-49.21,41.2,1,84,65.87
1783,27,2019-06-01,13354856.69,9192805.15,38.03,27.82,62.0,3,30,47.62
1784,27,2019-07-01,8637409.37,8637409.37,93.02,-35.32,54.7,2,27,77.69
1785,27,2019-08-01,9628874.41,9628874.41,-81.77,11.48,61.2,2,43,-24.58
1786,27,2019-09-01,5803739.1,5803739.1,-55.22,-39.73,49.4,1,41,-13.37
1787,27,2019-10-01,6796799.64,6796799.64,-61.39,17.11,53.9,1,72,-15.27
1788,27,2019-12-01,12752532.94,8458634.7,305.48,87.63,72.8,5,22,212.41
1789,27,2020-01-01,42088712.66,42088712.66,329.36,230.04,53.2,2,47,218.9
1790,27,2020-02-01,13777454.43,14143176.72,23.54,-67.27,84.3,3,88,47.84
1791,27,2020-03-01,12041750.08,12041750.08,-9.16,-12.6,62.2,1,49,19.38
1792,27,2020-04-01,8874757.11,9166226.79,16.16,-26.3,59.3,3,65,33.42
1793,27,2020-05-01,14287601.98,14638141.18,-30.55,60.99,61.3,4,36,6.19
1794,27,2020-06-01,12772318.19,13275651.83,22.24,-10.61,63.2,4,54,38.62
1795,27,2020-07-01,5568145.75,5616999.17,-58.31,-56.4,78.7,4,61,-3.51
1796,27,2020-08-01,11223380.48,11223380.48,29.94,101.56,60.5,1,55,42.16
1797,27,2020-10-01,44234972.72,44234972.72,359.4,294.13,53.8,2,54,237.16
1798,27,2020-11-01,24268879.53,24268879.53,318.16,-45.14,55.5,2,18,213.1
1799,27,2020-12-01,12365506.39,12365506.39,81.93,-49.05,37.0,2,71,63.96
1800,27,2021-01-01,7842471.0,7842471.0,-38.5,-36.58,66.2,1,77,3.38
1801,27,2021-02-01,4044176.55,4044176.55,-90.39,-48.43,51.7,1,16,-33.55
1802,27,2021-03-01,26668082.07,26668082.07,93.56,559.42,61.2,1,16,80.62
1803,27,2021-04-01,12644792.82,12644792.82,5.01,-52.58,40.2,1,56,19.09
1804,27,2021-06-01,9018970.5,9018970.5,1.62,-28.67,58.9,1,44,24.53
1805,27,2021-07-01,9624490.2,9624490.2,-32.64,6.71,69.3,1,60,8.14
1806,27,2021-08-01,21899698.05,21899698.05,71.46,127.54,54.6,1,56,64.72
1807,27,2021-09-01,47918989.44,47918989.44,760.59,118.81,61.7,1,79,481.03
1808,27,2021-10-01,25175443.88,25175443.88,124.31,-47.46,80.9,2,81,106.95
1809,27,2022-01-01,4179594.25,4179594.25,-90.55,-83.4,50.1,1,31,-34.29
1810,27,2022-02-01,10870487.76,10870487.76,-55.21,160.08,65.2,2,41,-7.05
1811,27,2022-03-01,44220026.61,49721554.04,257.61,306.79,50.6,3,48,174.81
1812,27,2022-04-01,11041691.76,11041691.76,40.79,-75.03,62.0,1,85,49.27
1813,27,2022-05-01,10592654.59,10592654.59,161.92,-4.07,73.3,2,27,126.47
1814,27,2022-06-01,24195053.4,24195053.4,-9.27,128.41,61.4,1,30,19.0
1815,27,2022-07-01,10799185.87,9952510.26,-14.6,-55.37,60.0,3,80,15.24
1816,27,2022-08-01,24977512.86,14060484.35,176.94,131.29,77.4,3,18,137.12
1817,27,2022-09-01,10812035.07,10812035.07,12.34,-56.71,73.1,2,86,36.64
1818,27,2022-10-01,16910733.58,16910733.58,-22.78,56.41,67.3,2,37,13.25
1819,27,2022-11-01,19522986.4,17875297.26,-59.26,15.45,58.2,3,87,-12.28
1820,27,2022-12-01,28956135.04,28956135.04,15.02,48.32,55.1,2,44,31.05
1821,27,2023-01-01,8338875.45,8338875.45,99.51,-71.2,56.9,1,81,82.47
1822,27,2023-02-01,3709297.8,3709297.8,-65.88,-55.52,72.4,1,56,-10.57
1823,27,2023-03-01,18815507.06,18815507.06,-57.45,407.25,59.4,2,22,-10.71
1824,27,2023-04-01,8496243.87,10370181.0,-23.05,-54.84,66.4,3,32,12.73
1825,27,2023-05-01,25244219.16,18552186.94,138.32,197.12,60.6,4,83,107.23
1826,27,2023-06-01,29450075.98,11424369.08,21.72,16.66,67.7,4,50,40.11
1827,27,2023-07-01,39299217.16,39299217.16,263.91,33.44,46.4,1,77,176.91
1828,27,2023-08-01,18879745.48,18879745.48,-24.41,-51.96,63.6,1,76,10.79
1829,27,2023-09-01,3905194.93,3905194.93,-63.88,-79.32,54.3,1,90,-16.61
1830,27,2023-10-01,7774774.5,7774774.5,-54.02,99.09,64.9,2,85,-6.45
1831,27,2023-12-01,17108991.0,17108991.0,-12.36,120.06,54.0,1,36,14.18
1832,27,2024-01-01,13961303.15,13961303.15,-51.78,-18.4,54.8,2,58,-9.15
1833,27,2024-02-01,77845045.11,77845045.11,833.52,457.58,17.6,1,80,507.15
1834,27,2024-03-01,47306577.24,47306577.24,1175.35,-39.23,63.3,1,77,730.53
1835,27,2024-04-01,17778857.22,17778857.22,-5.51,-62.42,58.9,2,60,20.25
1836,27,2024-05-01,10785629.67,8891491.0,26.95,-39.33,67.2,3,43,43.05
1837,27,2024-06-01,11548940.59,11548940.59,-54.25,7.08,73.3,1,74,-3.23
1838,28,2018-01-01,25184419.07,5424088.82,,,61.3,3,23,24.52
1839,28,2018-02-01,9228207.9,8069458.75,,-63.36,82.2,4,62,32.88
1840,28,2018-03-01,75952844.1,75952844.1,,723.05,42.6,1,69,17.04
1841,28,2018-04-01,17177732.0,17177732.0,,-77.38,71.1,1,52,28.44
1842,28,2018-05-01,19698996.51,19698996.51,,14.68,60.0,2,27,24.0
1843,28,2018-06-01,13373663.69,7697643.32,,-32.11,76.3,4,56,30.52
1844,28,2018-07-01,9465912.14,6311756.44,,-29.22,77.4,5,45,30.96
1845,28,2018-08-01,8079759.0,8079759.0,,-14.64,61.3,2,42,24.52
1846,28,2018-09-01,3932110.24,3932110.24,,-51.33,67.1,2,19,26.84
1847,28,2018-10-01,40977908.31,49701720.42,,942.14,57.9,3,72,23.16
1848,28,2018-11-01,14546897.75,14546897.75,,-64.5,51.3,1,17,20.52
1849,28,2018-12-01,32120506.95,32120506.95,,120.81,68.7,1,63,27.48
1850,28,2019-01-01,20282463.52,20282463.52,-19.46,-36.86,45.0,1,67,6.32
1851,28,2019-02-01,66932699.3,66932699.3,625.31,230.0,52.2,1,68,396.07
1852,28,2019-03-01,11828323.44,11560978.31,-84.43,-82.33,64.4,3,78,-24.9
1853,28,2019-04-01,16202969.25,16202969.25,-5.67,36.98,39.4,1,22,12.36
1854,28,2019-05-01,33564636.98,33564636.98,70.39,107.15,77.1,2,66,73.07
1855,28,2019-06-01,20279062.88,20279062.88,51.63,-39.58,52.2,2,42,51.86
1856,28,2019-07-01,15200198.58,15200198.58,60.58,-25.04,47.6,2,44,55.39
1857,28,2019-09-01,12288859.2,12288859.2,52.09,-19.15,52.9,2,26,52.41
1858,28,2019-10-01,6587825.19,6587825.19,67.54,-46.39,58.2,2,27,63.8
1859,28,2019-11-01,17138299.12,11757782.88,-58.18,160.15,74.9,3,88,-4.95
1860,28,2019-12-01,10704961.62,10704961.62,-26.41,-37.54,51.5,1,23,4.75
1861,28,2020-01-01,12020566.26,7368357.5,-62.58,12.29,69.0,3,70,-9.95
1862,28,2020-02-01,13411784.63,7134680.55,-33.87,11.57,71.9,3,26,8.44
1863,28,2020-03-01,34764132.0,34764132.0,-48.06,159.21,58.3,1,28,-5.52
1864,28,2020-04-01,29933111.0,13305714.9,153.06,-13.9,60.0,3,90,115.84
1865,28,2020-05-01,24284338.94,15117725.28,49.88,-18.87,85.5,4,57,64.13
1866,28,2020-06-01,26430770.55,26430770.55,-21.25,8.84,50.2,1,58,7.33
1867,28,2020-07-01,15409012.36,15409012.36,-24.02,-41.7,63.9,2,43,11.15
1868,28,2020-08-01,61390139.04,61390139.04,303.88,298.4,53.3,1,18,203.65
1869,28,2020-09-01,11469664.62,8372691.99,-6.67,-81.32,59.2,4,46,19.68
1870,28,2020-10-01,16432385.4,16432385.4,149.44,43.27,54.2,2,77,111.34
1871,28,2020-11-01,21885375.89,21885375.89,27.7,33.18,66.3,2,41,43.14
1872,28,2020-12-01,10043925.29,10757464.24,-6.18,-54.11,89.6,3,29,32.13
1873,28,2021-01-01,24521032.21,24521032.21,103.99,144.14,63.1,2,39,87.63
1874,28,2021-02-01,41343761.55,41343761.55,208.26,68.61,58.7,1,47,148.44
1875,28,2021-03-01,3386096.95,3386096.95,-90.26,-91.81,49.3,2,22,-34.44
1876,28,2021-04-01,30733194.07,11084346.73,2.67,807.63,94.1,4,44,39.24
1877,28,2021-05-01,35791572.05,10552608.9,47.39,16.46,59.5,3,77,52.23
1878,28,2021-06-01,57348117.64,57348117.64,116.97,60.23,70.3,2,78,98.3
1879,28,2021-07-01,14202779.76,14202779.76,-7.83,-75.23,48.5,1,24,14.7
1880,28,2021-08-01,7408621.31,7408621.31,-87.93,-47.84,60.0,2,74,-28.76
1881,28,2021-09-01,11319807.5,14074035.82,-1.31,52.79,59.0,3,16,22.81
1882,28,2021-10-01,49016386.58,49016386.58,198.29,333.01,46.5,1,42,137.57
1883,28,2021-11-01,55464186.54,55464186.54,153.43,13.15,63.4,1,77,117.42
1884,28,2021-12-01,10517745.07,10517745.07,4.72,-81.04,73.0,2,88,32.03
1885,28,2022-01-01,8310455.44,8310455.44,-66.11,-20.99,42.0,2,42,-22.87
1886,28,2022-04-01,34365228.47,34365228.47,-16.88,313.52,72.5,2,18,18.87
1887,28,2022-05-01,36505477.33,36505477.33,978.1,6.23,77.7,2,68,617.94
1888,28,2022-06-01,23302213.83,29471467.41,-24.18,-36.17,47.7,3,27,4.57
1889,28,2022-07-01,9925856.64,9925856.64,-72.27,-57.4,33.5,1,83,-29.96
1890,28,2022-08-01,3883070.72,3883070.72,-93.23,-60.88,56.9,1,89,-33.18
1891,28,2022-09-01,4420572.21,4420572.21,-68.88,13.84,51.3,2,32,-20.81
1892,28,2022-10-01,17918834.45,17918834.45,141.86,305.35,70.5,2,21,113.32
1893,28,2022-11-01,2457786.17,2457786.17,-78.29,-86.28,61.4,1,16,-22.41
1894,28,2022-12-01,17845986.56,6782156.68,-63.59,626.1,78.9,4,51,-6.59
1895,28,2023-01-01,3406473.63,3406473.63,-93.86,-80.91,58.0,1,62,-33.12
1896,28,2023-04-01,36860239.32,28712831.07,250.46,982.06,67.6,4,81,177.32
1897,28,2023-05-01,61272377.82,61272377.82,637.29,66.23,54.6,1,31,404.21
1898,28,2023-06-01,42468323.7,39095347.8,23.58,-30.69,60.2,4,20,38.23
1899,28,2023-08-01,18704075.44,18704075.44,-48.76,-55.96,67.1,1,76,-2.42
1900,28,2023-09-01,15153981.39,15153981.39,-34.97,-18.98,65.7,2,33,5.3
1901,28,2023-10-01,71001246.12,71001246.12,615.32,368.53,57.3,1,27,392.11
1902,28,2023-11-01,21012863.18,21012863.18,441.14,-70.4,53.8,2,65,286.2
1903,28,2023-12-01,4151294.18,4151294.18,-6.09,-80.24,66.8,2,38,23.07
1904,28,2024-01-01,15297367.48,15297367.48,-14.63,268.5,65.2,2,49,17.3
1905,28,2024-03-01,15337590.4,15337590.4,524.04,0.26,57.8,1,72,337.54
1906,28,2024-04-01,7843201.76,8003899.82,-56.05,-48.86,61.5,4,53,-9.03
1907,28,2024-05-01,36918284.4,36918284.4,983.77,370.7,65.0,1,31,616.26
1908,28,2024-06-01,20628376.48,17022593.16,-44.04,-44.12,57.4,3,53,-3.46
1909,29,2018-01-01,7501300.3,7501300.3,,,60.8,2,70,24.32
1910,29,2018-02-01,10701377.45,11138139.32,,42.66,50.7,3,86,20.28
1911,29,2018-03-01,18107176.31,8317921.22,,69.2,77.4,3,49,30.96
1912,29,2018-04-01,15231785.09,17737225.23,,-15.88,71.1,3,76,28.44
1913,29,2018-05-01,30081362.4,30081362.4,,97.49,41.9,2,46,16.76
1914,29,2018-06-01,16862119.26,7407741.01,,-43.94,50.4,3,33,20.16
1915,29,2018-07-01,13416303.51,8427340.3,,-20.44,67.4,4,61,26.96
1916,29,2018-08-01,7389737.96,7389737.96,,-44.92,63.7,2,56,25.48
1917,29,2018-09-01,6416133.9,6416133.9,,-13.18,48.3,2,22,19.32
1918,29,2018-10-01,7922212.27,4944591.54,,23.47,64.7,3,69,25.88
1919,29,2018-11-01,6610205.66,6610205.66,,-16.56,66.7,2,57,26.68
1920,29,2018-12-01,19086085.43,22803452.31,,188.74,88.7,5,32,35.48
1921,29,2019-01-01,16804994.26,16804994.26,124.03,-11.95,69.8,2,88,102.34
1922,29,2019-02-01,6826692.6,6826692.6,-36.21,-59.38,51.1,1,18,-1.29
1923,29,2019-03-01,8834001.47,8834001.47,-51.21,29.4,56.2,2,57,-8.25
1924,29,2019-04-01,24846919.7,12194861.04,63.13,181.26,52.3,3,43,58.8
1925,29,2019-05-01,13396279.05,13396279.05,-55.47,-46.08,60.4,1,64,-9.12
1926,29,2019-07-01,19830531.3,14901910.52,17.6,48.03,65.5,4,71,36.76
1927,29,2019-08-01,52666356.93,52666356.93,292.55,165.58,51.1,1,30,195.97
1928,29,2019-10-01,68103970.4,68103970.4,821.6,29.31,66.8,1,31,519.68
1929,29,2019-11-01,9910318.76,9910318.76,54.46,-85.45,62.8,2,18,57.8
1930,29,2019-12-01,10097740.8,10097740.8,27.46,1.89,49.5,1,72,36.28
1931,29,2020-02-01,36834373.04,36834373.04,457.23,264.78,44.4,2,35,292.1
1932,29,2020-03-01,3901454.24,3901454.24,-79.56,-89.41,62.1,2,19,-22.9
1933,29,2020-04-01,6883046.2,6883046.2,-59.04,76.42,46.6,2,59,-16.78
1934,29,2020-05-01,11743612.15,5961907.14,72.02,70.62,52.7,3,76,64.29
1935,29,2020-06-01,8120452.18,8120452.18,-8.08,-30.85,59.4,2,85,18.91
1936,29,2020-07-01,52569865.24,52569865.24,111.57,547.38,59.9,1,17,90.9
1937,29,2020-09-01,30535633.28,17556602.95,127.94,-41.91,62.6,3,44,101.8
1938,29,2020-10-01,18016120.83,7218120.94,-9.15,-41.0,71.7,4,55,23.19
1939,29,2020-11-01,20982103.0,14204399.34,-60.16,16.46,78.6,3,56,-4.66
1940,29,2020-12-01,12424671.44,8474829.5,-81.76,-40.78,68.9,4,16,-21.5
1941,29,2021-01-01,11403913.58,11403913.58,15.07,-8.22,59.1,2,83,32.68
1942,29,2021-03-01,32444255.6,32444255.6,221.3,184.5,63.6,2,27,158.22
1943,29,2021-04-01,2354621.2,2354621.2,-93.61,-92.74,72.3,1,87,-27.25
1944,29,2021-05-01,7635952.43,7095635.1,95.72,224.3,76.8,3,68,88.15
1945,29,2021-06-01,14983347.58,4964141.22,117.68,96.22,72.7,3,84,99.69
1946,29,2021-07-01,17586692.04,17586692.04,49.76,17.37,48.2,2,48,49.14
1947,29,2021-08-01,11719539.2,11719539.2,44.32,-33.36,65.0,1,50,52.59
1948,29,2021-09-01,16916406.41,11904051.55,-67.82,44.34,63.3,3,56,-15.37
1949,29,2021-11-01,6719152.08,6719152.08,-78.0,-60.28,60.9,1,70,-22.44
1950,29,2022-01-01,6007996.63,6007996.63,-66.65,-10.58,76.6,2,56,-9.35
1951,29,2022-02-01,18275800.53,18275800.53,-12.9,204.19,62.5,2,72,17.26
1952,29,2022-04-01,74077155.24,74077155.24,496.21,305.33,52.3,1,83,318.65
1953,29,2022-05-01,5551742.07,5497563.24,-51.32,-92.51,63.5,3,25,-5.39
1954,29,2022-06-01,8327522.82,7355681.85,-74.33,50.0,69.9,3,72,-16.64
1955,29,2022-07-01,28616810.03,25185790.22,1115.35,243.64,59.6,4,48,693.05
1956,29,2022-08-01,5931016.68,5132640.34,-22.33,-79.27,67.7,3,52,13.68
1957,29,2022-09-01,5102519.52,5102519.52,-65.95,-13.97,69.7,2,38,-11.69
1958,29,2022-10-01,11536132.9,11536132.9,-34.4,126.09,31.4,1,19,-8.08
1959,29,2022-11-01,9264177.85,8407902.5,-20.95,-19.69,71.1,5,55,15.87
1960,29,2023-01-01,7619405.37,7619405.37,-54.96,-17.75,63.9,2,48,-7.42
1961,29,2023-02-01,9149902.93,9149902.93,36.18,20.09,61.3,2,22,46.23
1962,29,2023-03-01,8198306.65,7726662.72,36.46,-10.4,64.2,4,61,47.56
1963,29,2023-04-01,33330045.07,32626016.34,82.37,306.55,68.5,4,25,76.82
1964,29,2023-05-01,42916027.51,42916027.51,-42.07,28.76,58.7,1,62,-1.76
1965,29,2023-06-01,9331305.75,9331305.75,68.08,-78.26,50.7,1,56,61.13
1966,29,2023-07-01,9719163.26,9719163.26,16.71,4.16,68.3,2,68,37.35
1967,29,2023-08-01,12966358.98,6451028.92,-54.69,33.41,75.0,4,76,-2.81
1968,29,2023-09-01,16966531.49,12945806.85,186.06,30.85,94.4,6,50,149.4
1969,29,2023-10-01,51104894.19,51104894.19,901.56,201.21,53.1,1,16,562.18
1970,29,2023-11-01,25257845.57,6222552.41,118.95,-50.58,67.1,3,87,98.21
1971,29,2024-01-01,39728447.35,37567224.0,328.84,57.29,74.0,3,37,226.9
1972,29,2024-02-01,18032234.22,18032234.22,136.66,-54.61,55.4,1,21,104.16
1973,29,2024-03-01,7448065.82,7448065.82,-18.6,-58.7,58.5,2,29,12.24
1974,29,2024-04-01,12370848.08,12370848.08,50.9,66.09,62.6,1,65,55.58
1975,29,2024-05-01,9119377.14,9119377.14,-72.64,-26.28,78.2,2,78,-12.3
1976,29,2024-06-01,11879413.78,11879413.78,-72.32,30.27,67.2,1,55,-16.51
1977,30,2018-01-01,4606588.12,4606588.12,,,72.7,1,46,29.08
1978,30,2018-02-01,10197118.84,10197118.84,,121.36,66.8,2,19,26.72
1979,30,2018-03-01,7320406.94,7320406.94,,-28.21,55.2,1,18,22.08
1980,30,2018-04-01,63908267.08,63908267.08,,773.02,51.6,1,24,20.64
1981,30,2018-05-01,5373840.78,5373840.78,,-91.59,71.6,1,43,28.64
1982,30,2018-06-01,9013502.48,9013502.48,,67.73,67.0,2,47,26.8
1983,30,2018-08-01,36240937.85,36240937.85,,302.07,43.7,1,25,17.48
1984,30,2018-09-01,10920081.92,10920081.92,,-69.87,59.6,1,53,23.84
1985,30,2018-11-01,3568362.48,3568362.48,,-67.32,43.5,1,19,17.4
1986,30,2018-12-01,16281432.42,16281432.42,,356.27,41.5,2,59,16.6
1987,30,2019-01-01,12036850.54,12036850.54,,-26.07,71.9,2,83,28.76
1988,30,2019-02-01,33689063.52,33689063.52,,179.88,67.5,1,21,27.0
1989,30,2019-05-01,20554420.19,28623424.1,346.2,-38.99,72.7,3,64,236.8
1990,30,2019-06-01,14759112.29,11534396.58,44.74,-28.19,79.9,3,76,58.8
1991,30,2019-07-01,8961771.8,8961771.8,22.42,-39.28,40.3,1,17,29.57
1992,30,2019-08-01,17906862.32,18583047.7,-71.98,99.81,58.6,3,88,-19.75
1993,30,2019-09-01,22943350.36,22943350.36,326.95,28.13,55.2,2,24,218.25
1994,30,2019-10-01,8569531.62,8569531.62,-4.93,-62.65,49.4,2,47,16.8
1995,30,2019-11-01,21792978.3,21792978.3,-39.87,154.31,68.9,1,49,3.64
1996,30,2020-01-01,56105043.4,56105043.4,413.78,157.45,42.9,1,70,265.43
1997,30,2020-03-01,25951468.06,11731654.88,627.27,-53.74,77.4,7,60,407.32
1998,30,2020-05-01,27009443.52,27009443.52,65.89,4.08,55.1,2,54,61.57
1999,30,2020-06-01,20700587.62,20700587.62,71.98,-23.36,58.8,2,81,66.71
2000,30,2020-07-01,2755179.56,2755179.56,-91.82,-86.69,66.6,2,47,-28.45
2001,30,2020-08-01,5688167.4,5688167.4,-72.33,106.45,73.9,2,15,-13.84
2002,30,2020-09-01,4252646.25,4252646.25,-71.19,-25.24,57.8,1,21,-19.59
2003,30,2020-10-01,72120472.24,72120472.24,704.76,1595.9,68.5,1,16,450.26
2004,30,2020-11-01,12637422.56,12637422.56,-29.43,-82.48,74.0,2,20,11.94
2005,30,2020-12-01,8451508.69,8451508.69,-63.16,-33.12,55.1,1,52,-15.86
2006,30,2021-01-01,19005457.27,13610734.62,121.78,124.88,51.9,3,19,93.83
2007,30,2021-02-01,10389191.82,10389191.82,-52.33,-45.34,52.2,1,17,-10.52
2008,30,2021-03-01,21554024.06,21554024.06,-61.58,107.47,67.9,1,52,-9.79
2009,30,2021-06-01,37552919.25,37552919.25,44.7,74.23,60.5,1,67,51.02
2010,30,2021-07-01,13884881.02,13507057.84,-48.59,-63.03,68.8,4,47,-1.63
2011,30,2021-08-01,2959768.32,2959768.32,-85.7,-78.68,49.6,1,60,-31.58
2012,30,2021-10-01,27088929.5,27088929.5,883.2,815.24,58.5,2,47,553.32
2013,30,2021-11-01,12462846.88,12462846.88,119.1,-53.99,64.0,1,74,97.06
2014,30,2021-12-01,13780177.13,13780177.13,224.04,10.57,60.9,2,64,158.78
2015,30,2022-01-01,10785659.5,10785659.5,-85.04,-21.73,45.8,1,82,-32.7
2016,30,2022-02-01,33497170.97,33497170.97,165.06,210.57,63.7,2,42,124.52
2017,30,2022-03-01,5146165.12,5146165.12,-39.11,-84.64,53.5,1,52,-2.07
2018,30,2022-04-01,28316708.94,28316708.94,48.99,450.25,47.4,2,83,48.35
2019,30,2022-05-01,13677984.62,13677984.62,31.66,-51.7,31.9,1,71,31.76
2020,30,2022-06-01,31190505.89,31190505.89,44.71,128.03,25.8,2,59,37.15
2021,30,2022-07-01,25829691.2,24881551.32,-31.22,-17.19,70.0,4,36,9.27
2022,30,2022-08-01,41615733.64,41615733.64,199.72,61.12,61.5,1,61,144.43
2023,30,2022-09-01,4902461.8,4902461.8,65.64,-88.22,64.2,1,67,65.06
2024,30,2022-10-01,36256480.08,38331086.66,33.84,639.56,69.5,3,17,48.1
2025,30,2022-12-01,29451367.78,12564832.56,136.31,-18.77,70.4,3,51,109.95
2026,30,2023-01-01,11674977.6,11674977.6,-15.28,-60.36,64.3,1,85,16.55
2027,30,2023-03-01,15964825.24,15964825.24,48.02,36.74,54.0,1,89,50.41
2028,30,2023-05-01,62413043.16,62413043.16,86.32,290.94,57.4,1,33,74.75
2029,30,2023-06-01,17101815.18,17101815.18,232.32,-72.6,51.6,1,51,160.03
2030,30,2023-08-01,37669818.94,30711899.37,33.03,120.27,71.9,3,65,48.58
2031,30,2023-09-01,7620920.34,7620920.34,-44.28,-79.77,42.7,1,69,-9.49
2032,30,2023-10-01,27335985.12,15298472.64,-12.36,258.7,67.0,3,32,19.38
2033,30,2023-12-01,7047467.69,7047467.69,-72.72,-74.22,67.1,2,55,-16.79
2034,30,2024-01-01,11103261.33,12199898.64,-73.32,57.55,78.7,3,71,-12.51
2035,30,2024-02-01,95784735.6,95784735.6,1853.81,762.67,53.6,1,69,1133.73
2036,30,2024-03-01,28862811.59,12809663.79,-20.39,-69.87,82.1,5,22,20.61
2037,30,2024-05-01,13507504.5,13507504.5,-54.14,-53.2,47.1,1,25,-13.64
2038,30,2024-06-01,6908094.98,6908094.98,-40.83,-48.86,59.5,2,39,-0.7
2039,31,2018-01-01,4654841.52,4654841.52,,,59.8,1,82,23.92
2040,31,2018-02-01,8314962.47,7382116.76,,78.63,73.4,3,20,29.36
2041,31,2018-05-01,11640594.24,11640594.24,,40.0,51.1,1,75,20.44
2042,31,2018-07-01,35673796.01,27231141.7,,206.46,73.6,3,57,29.44
2043,31,2018-10-01,17101731.78,12133933.0,,-52.06,55.2,3,25,22.08
2044,31,2018-11-01,18948220.51,12165449.52,,10.8,71.1,4,26,28.44
2045,31,2018-12-01,9211119.09,9211119.09,,-51.39,46.3,2,79,18.52
2046,31,2019-03-01,24646854.2,23135012.51,,167.58,63.7,4,29,25.48
2047,31,2019-04-01,10512328.38,10512328.38,,-57.35,51.6,1,36,20.64
2048,31,2019-05-01,7735705.81,7735705.81,,-26.41,77.5,2,28,31.0
2049,31,2019-06-01,3871083.35,3871083.35,,-49.96,76.3,2,64,30.52
2050,31,2019-07-01,52601424.12,52601424.12,,1258.83,45.4,1,60,18.16
2051,31,2019-08-01,9458010.52,9458010.52,103.19,-82.02,46.9,1,37,80.67
2052,31,2019-09-01,20323670.03,14142445.0,144.42,114.88,55.9,3,62,109.01
2053,31,2019-10-01,16818903.06,15103058.43,44.48,-17.24,73.9,5,22,56.25
2054,31,2019-11-01,8310858.31,8617222.4,-76.7,-50.59,57.2,3,86,-23.14
2055,31,2019-12-01,3778088.68,3778088.68,-77.91,-54.54,37.8,1,30,-31.63
2056,31,2020-01-01,37923547.5,37923547.5,100.14,903.78,38.5,1,62,75.48
2057,31,2020-03-01,11637550.84,12965712.13,26.34,-69.31,45.4,3,87,33.96
2058,31,2020-04-01,13685446.36,10482831.78,-44.47,17.6,65.8,4,57,-0.36
2059,31,2020-05-01,37764155.21,44185731.03,259.24,175.94,64.9,3,17,181.5
2060,31,2020-06-01,9706474.0,9706474.0,25.48,-74.3,55.0,1,54,37.29
2061,31,2020-07-01,16287539.39,13035918.66,320.75,67.8,54.9,3,45,214.41
2062,31,2020-08-01,2933499.74,2933499.74,-94.42,-81.99,48.2,1,28,-37.37
2063,31,2020-11-01,31915408.8,31915408.8,237.44,987.96,71.7,2,58,171.14
2064,31,2020-12-01,5707525.68,5707525.68,-71.92,-82.12,68.4,1,17,-15.79
2065,31,2021-01-01,24909060.46,22743315.49,48.1,336.42,87.0,4,71,63.66
2066,31,2021-02-01,25002870.17,25002870.17,200.85,0.38,55.2,2,24,142.59
2067,31,2021-04-01,15680783.69,15680783.69,315.05,-37.28,50.2,2,78,209.11
2068,31,2021-05-01,47012188.6,47012188.6,23.97,199.81,50.9,1,47,34.74
2069,31,2021-06-01,9226652.82,9226652.82,-20.72,-80.37,73.1,2,24,16.81
2070,31,2021-08-01,26647687.43,26647687.43,94.72,188.81,61.6,2,70,81.47
2071,31,2021-09-01,36800746.19,36800746.19,-2.55,38.1,43.5,2,50,15.87
2072,31,2021-10-01,22322922.96,22322922.96,129.98,-39.34,70.6,2,76,106.23
2073,31,2021-11-01,59279176.8,59279176.8,263.95,165.55,66.2,1,76,184.85
2074,31,2021-12-01,29679527.22,29679527.22,911.74,-49.93,61.0,2,64,571.44
2075,31,2022-01-01,16509730.98,16509730.98,-48.27,-44.37,59.2,1,39,-5.28
2076,31,2022-02-01,11395460.44,10634693.72,99.66,-30.98,75.8,3,27,90.12
2077,31,2022-03-01,39594643.2,39594643.2,58.96,247.46,49.8,1,20,55.3
2078,31,2022-04-01,10274439.93,10274439.93,-58.91,-74.05,82.0,2,44,-2.55
2079,31,2022-05-01,17719273.58,15360787.52,13.0,72.46,74.2,3,35,37.48
2080,31,2022-06-01,41462298.03,41462298.03,-11.81,134.0,55.8,1,46,15.23
2081,31,2022-07-01,25834786.6,25834786.6,180.0,-37.69,61.1,2,30,132.44
2082,31,2022-08-01,11534934.4,11534934.4,-56.71,-55.35,50.7,1,89,-13.75
2083,31,2022-09-01,6765186.98,5155766.64,-81.62,-41.35,65.1,3,73,-22.93
2084,31,2022-10-01,29845250.91,29845250.91,33.7,341.16,71.1,2,66,48.66
2085,31,2023-01-01,11936700.22,14014687.12,-79.86,-60.0,73.4,3,75,-18.56
2086,31,2023-02-01,9589286.17,9589286.17,-67.69,-19.67,47.5,1,22,-21.61
2087,31,2023-03-01,38435437.04,41515958.57,132.8,300.82,79.1,4,35,111.32
2088,31,2023-05-01,10900406.82,10900406.82,-4.34,-71.64,68.5,2,61,24.8
2089,31,2023-06-01,50709021.84,50709021.84,28.07,365.2,40.3,1,54,32.96
2090,31,2023-07-01,37652403.85,44550698.3,266.47,-25.75,84.5,5,63,193.68
2091,31,2023-11-01,39195379.68,39195379.68,121.2,4.1,67.2,2,27,99.6
2092,31,2023-12-01,14787543.5,14787543.5,-64.33,-62.27,69.4,1,67,-10.84
2093,31,2024-01-01,12419264.11,12419264.11,-51.93,-16.02,44.1,1,80,-13.52
2094,31,2024-03-01,22615030.57,28478699.86,96.06,82.1,57.2,3,47,80.52
2095,31,2024-04-01,11666177.28,11666177.28,72.44,-48.41,52.0,1,52,64.26
2096,31,2024-05-01,10339540.49,10339540.49,-65.36,-11.37,55.1,1,50,-17.18
2097,31,2024-06-01,18649594.0,18649594.0,56.24,80.37,22.0,1,63,42.54
2098,32,2018-01-01,11820997.27,10440930.48,,,77.8,4,90,31.12
2099,32,2018-03-01,25691823.67,24888262.72,,117.34,57.4,4,68,22.96
2100,32,2018-05-01,20492225.05,8572591.25,,-20.24,57.1,3,51,22.84
2101,32,2018-06-01,10946343.42,10350438.38,,-46.58,62.8,4,61,25.12
2102,32,2018-07-01,26438908.29,26438908.29,,141.53,50.2,2,79,20.08
2103,32,2018-08-01,11805733.02,11222237.04,,-55.35,71.0,3,38,28.4
2104,32,2018-09-01,17375164.13,6509898.96,,47.18,41.8,3,47,16.72
2105,32,2018-10-01,23884188.34,23455637.32,,37.46,62.0,3,54,24.8
2106,32,2018-11-01,18205737.54,11701984.69,,-23.77,75.8,5,25,30.32
2107,32,2018-12-01,12083361.49,12083361.49,,-33.63,69.1,2,84,27.64
2108,32,2019-01-01,21073340.15,13205028.69,,74.4,95.1,7,44,38.04
2109,32,2019-02-01,26427907.12,26427907.12,,25.41,66.9,1,38,26.76
2110,32,2019-03-01,13292092.16,13292092.16,12.44,-49.7,56.9,2,80,30.22
2111,32,2019-04-01,6009954.6,6009954.6,-76.61,-54.79,44.7,1,23,-28.09
2112,32,2019-06-01,25140693.76,25140693.76,22.68,318.32,57.0,2,26,36.41
2113,32,2019-07-01,18154384.0,18154384.0,65.85,-27.79,52.4,2,45,60.47
2114,32,2019-08-01,22976126.76,22976126.76,-13.1,26.56,52.6,2,71,13.18
2115,32,2019-09-01,10592789.78,6506885.49,-10.27,-53.9,82.7,5,31,26.92
2116,32,2019-10-01,29415997.6,29415997.6,69.3,177.7,62.9,1,49,66.74
2117,32,2019-11-01,25268698.8,25268698.8,5.8,-14.1,78.1,1,50,34.72
2118,32,2019-12-01,33273807.6,33273807.6,82.77,31.68,58.5,1,78,73.06
2119,32,2020-01-01,10617174.56,7483849.1,-12.13,-68.09,57.1,4,35,15.56
2120,32,2020-02-01,47028572.85,47028572.85,123.17,342.95,52.6,1,89,94.94
2121,32,2020-03-01,8257882.79,6189606.66,-68.75,-82.44,67.8,6,73,-14.13
2122,32,2020-04-01,30821037.6,29979111.28,131.87,273.23,67.3,4,56,106.04
2123,32,2020-06-01,7794677.2,7794677.2,29.7,-74.71,61.3,1,88,42.34
2124,32,2020-07-01,18136713.34,18231269.97,-27.86,132.68,67.4,3,26,10.24
2125,32,2020-08-01,29674825.0,30502943.9,63.46,63.62,62.5,4,49,63.08
2126,32,2020-09-01,3481105.56,3481105.56,-84.85,-88.27,38.7,1,53,-35.43
2127,32,2020-10-01,16842050.57,11194078.88,59.0,383.81,55.5,3,82,57.6
2128,32,2020-11-01,5120337.6,5120337.6,-82.59,-69.6,48.4,1,88,-30.19
2129,32,2020-12-01,26612707.34,26612707.34,5.32,419.75,62.0,1,54,27.99
2130,32,2021-01-01,12861546.58,5746145.67,-61.35,-51.67,58.8,3,17,-13.29
2131,32,2021-02-01,21720253.44,21720253.44,104.58,68.88,64.2,1,15,88.43
2132,32,2021-03-01,12922426.3,12922426.3,-72.52,-40.51,52.4,2,88,-22.55
2133,32,2021-04-01,5910351.26,6640583.6,-28.43,-54.26,73.3,3,54,12.26
2134,32,2021-05-01,8907664.09,8907664.09,-71.1,50.71,62.5,2,64,-17.66
2135,32,2021-06-01,24991275.75,28231593.36,220.62,180.56,68.2,3,58,159.65
2136,32,2021-07-01,15997467.09,13885597.72,-11.8,-35.99,88.2,6,84,28.2
2137,32,2021-08-01,7943376.17,7943376.17,-73.23,-50.35,53.8,2,47,-22.42
2138,32,2021-09-01,6779709.72,6779709.72,94.76,-14.65,65.5,2,66,83.06
2139,32,2021-10-01,13307638.58,13307638.58,-20.99,96.29,78.8,2,45,18.93
2140,32,2021-11-01,48984201.82,48984201.82,856.66,268.09,48.8,2,89,533.52
2141,32,2022-01-01,23406486.44,25414238.67,-12.05,-52.22,71.1,4,34,21.21
2142,32,2022-02-01,10339341.73,10339341.73,-19.61,-55.83,48.8,2,52,7.75
2143,32,2022-03-01,4640681.6,4640681.6,-78.63,-55.12,44.2,1,86,-29.5
2144,32,2022-04-01,9924198.99,9924198.99,-23.2,113.85,61.3,2,79,10.6
2145,32,2022-05-01,27482839.69,8684731.02,365.0,176.93,81.6,5,78,251.64
2146,32,2022-06-01,20662820.86,20662820.86,131.97,-24.82,73.8,2,86,108.7
2147,32,2022-07-01,3564456.34,3564456.34,-85.74,-82.75,63.7,1,17,-25.96
2148,32,2022-08-01,11867780.94,11867780.94,-25.81,232.95,57.5,1,76,7.51
2149,32,2022-09-01,13037525.49,14569371.34,64.13,9.86,69.0,3,46,66.08
2150,32,2022-10-01,14969243.33,14969243.33,120.79,14.82,55.5,1,76,94.67
2151,32,2022-11-01,6212286.08,6212286.08,-53.32,-58.5,56.1,1,65,-9.55
2152,32,2022-12-01,25559045.12,25559045.12,-47.82,311.43,37.5,1,76,-13.69
2153,32,2023-01-01,31124554.1,37559319.3,32.97,21.78,61.7,3,68,44.46
2154,32,2023-02-01,30293974.33,14697388.19,193.0,-2.67,97.2,6,47,154.68
2155,32,2023-03-01,32696613.72,35903179.4,604.56,7.93,63.3,3,88,388.06
2156,32,2023-04-01,38213286.77,32267074.84,285.05,16.87,70.1,3,75,199.07
2157,32,2023-05-01,14578763.02,14005034.45,-46.95,-61.85,54.6,3,41,-6.33
2158,32,2023-06-01,10082693.78,10082693.78,-51.2,-30.84,61.3,2,72,-6.2
2159,32,2023-07-01,14162244.99,14162244.99,297.32,40.46,42.2,1,82,195.27
2160,32,2023-08-01,13690237.0,8538633.21,15.36,-3.33,75.0,5,20,39.22
2161,32,2023-09-01,16361212.7,18638256.42,25.49,19.51,73.7,3,56,44.77
2162,32,2023-10-01,20128812.62,20128812.62,34.47,23.03,67.2,2,46,47.56
2163,32,2023-11-01,22867193.9,22867193.9,268.1,13.6,47.2,2,50,179.74
2164,32,2024-01-01,66918090.96,66918090.96,161.82,192.64,47.7,1,33,116.17
2165,32,2024-02-01,27668872.85,15248379.0,-11.1,-58.65,62.8,3,59,18.46
2166,32,2024-03-01,5594949.41,5594949.41,-81.53,-79.78,46.0,1,29,-30.52
2167,32,2024-04-01,21979258.03,25571804.16,-32.78,292.84,55.1,3,87,2.37
2168,32,2024-05-01,7655871.72,4854960.89,-79.97,-65.17,54.0,3,27,-26.38
