txn_id,property_id,sale_price,sale_date,price_per_sqft,transaction_type,sale_year,sale_month,sale_quarter
1,1,8976689.46,2020-12-30,17498.42,Resale,2020,12,4
2,1,12433421.97,2023-07-14,24236.69,Sale,2023,7,3
3,1,9845106.12,2020-11-06,19191.24,Sale,2020,11,4
4,1,12445595.46,2024-03-29,24260.42,Resale,2024,3,1
5,2,12020827.84,2019-08-16,6924.44,Resale,2019,8,3
6,3,2425765.41,2021-04-24,6573.89,Resale,2021,4,2
7,4,30228223.32,2018-07-03,6062.62,Resale,2018,7,3
8,4,46636451.28,2023-09-28,9353.48,Sale,2023,9,3
9,5,17879784.67,2023-10-15,10764.47,Resale,2023,10,4
10,5,17354659.52,2018-03-07,10448.32,Resale,2018,3,1
11,6,24473215.78,2021-03-25,7493.33,Sale,2021,3,1
12,7,2401568.4,2020-01-16,8516.2,Resale,2020,1,1
13,7,2078904.0,2018-02-22,7372.0,Resale,2018,2,1
14,8,28162389.04,2021-05-15,19707.76,Resale,2021,5,2
15,8,21962572.51,2020-12-15,15369.19,Resale,2020,12,4
16,8,36430568.75,2022-06-23,25493.75,Resale,2022,6,2
17,9,9901112.7,2018-04-06,5736.45,Resale,2018,4,2
18,10,4197187.98,2023-08-21,8040.59,Resale,2023,8,3
19,11,4960316.16,2022-05-26,8522.88,Resale,2022,5,2
20,11,4534949.82,2020-04-16,7792.01,Sale,2020,4,2
21,11,4816940.46,2019-01-20,8276.53,Resale,2019,1,1
22,11,4810678.14,2021-09-10,8265.77,Resale,2021,9,3
23,12,9657242.74,2019-07-06,18788.41,Sale,2019,7,3
24,12,13497547.48,2023-10-10,26259.82,Resale,2023,10,4
25,12,12894527.82,2023-12-15,25086.63,Resale,2023,12,4
26,12,10459822.9,2022-04-10,20349.85,Resale,2022,4,2
27,13,44174776.8,2020-08-31,17384.8,Sale,2020,8,3
28,13,46163134.71,2020-04-23,18167.31,Resale,2020,4,2
29,13,45467866.29,2018-08-03,17893.69,Resale,2018,8,3
30,13,41232908.64,2019-06-09,16227.04,Sale,2019,6,2
31,14,14102926.39,2018-12-28,7076.23,Sale,2018,12,4
32,15,12593168.65,2024-03-27,8702.95,Resale,2024,3,1
34,16,23323496.74,2021-02-08,17655.94,Resale,2021,2,1
35,16,15543916.38,2018-11-23,11766.78,Sale,2018,11,4
36,16,25532327.63,2020-05-27,19328.03,Sale,2020,5,2
37,16,30063648.25,2020-04-29,22758.25,Resale,2020,4,2
38,17,9489347.52,2020-11-16,5628.32,Resale,2020,11,4
39,18,19951465.22,2024-04-13,8009.42,Sale,2024,4,2
40,18,23248378.45,2024-05-21,9332.95,Resale,2024,5,2
41,19,10631756.25,2018-10-28,5670.27,Sale,2018,10,4
42,19,11899518.75,2020-11-29,6346.41,Resale,2020,11,4
43,19,17652225.0,2024-04-26,9414.52,Sale,2024,4,2
44,20,26429849.6,2020-08-13,7374.4,Resale,2020,8,3
45,20,25559045.12,2022-12-10,7131.43,Sale,2022,12,4
46,20,25571804.16,2024-04-16,7134.99,Sale,2024,4,2
47,21,7274436.75,2019-01-16,9386.37,Resale,2019,1,1
48,21,8007385.25,2023-04-27,10332.11,Sale,2023,4,2
49,21,5130988.25,2018-08-19,6620.63,Resale,2018,8,3
50,22,6642359.62,2019-06-01,9640.58,Resale,2019,6,2
51,22,7588714.9,2023-07-15,11014.1,Sale,2023,7,3
52,23,14500609.2,2023-09-23,8967.6,Resale,2023,9,3
53,23,12263053.11,2023-12-06,7583.83,Resale,2023,12,4
54,23,11593987.02,2021-09-20,7170.06,Resale,2021,9,3
55,24,56554792.14,2019-11-15,10061.34,Resale,2019,11,4
56,24,77239397.62,2023-12-31,13741.22,Sale,2023,12,4
57,25,11805896.57,2023-11-23,9201.79,Sale,2023,11,4
58,25,13021090.02,2024-01-07,10148.94,Sale,2024,1,1
59,26,5221520.82,2023-11-29,8133.21,Sale,2023,11,4
60,27,45587467.64,2020-10-02,18652.81,Resale,2020,10,4
61,27,37810317.48,2020-05-08,15470.67,Sale,2020,5,2
62,28,5936089.11,2023-09-20,11801.37,Resale,2023,9,3
63,28,5868812.86,2022-10-16,11667.62,Resale,2022,10,4
64,28,5411389.69,2022-09-27,10758.23,Resale,2022,9,3
65,28,5090279.52,2022-08-05,10119.84,Resale,2022,8,3
66,29,15144383.7,2022-06-24,9262.62,Resale,2022,6,2
67,30,5451547.86,2024-03-09,13167.99,Sale,2024,3,1
68,30,5606888.94,2023-05-19,13543.21,Resale,2023,5,2
69,30,3893570.64,2021-02-23,9404.76,Resale,2021,2,1
70,31,36479213.45,2021-10-03,19434.85,Sale,2021,10,4
71,31,38664060.22,2018-11-22,20598.86,Sale,2018,11,4
72,31,41656617.63,2022-01-03,22193.19,Sale,2022,1,1
73,31,31478678.98,2018-11-29,16770.74,Resale,2018,11,4
74,32,8006702.84,2021-11-12,9983.42,Resale,2021,11,4
75,32,7640910.64,2019-10-12,9527.32,Resale,2019,10,4
76,32,9542324.32,2021-01-29,11898.16,Resale,2021,1,1
77,33,12817272.39,2018-12-23,6865.17,Sale,2018,12,4
78,33,16884363.86,2021-04-07,9043.58,Resale,2021,4,2
79,33,14630092.05,2019-10-03,7836.15,Resale,2019,10,4
80,34,10830735.3,2021-08-16,19001.29,Sale,2021,8,3
81,34,9728275.5,2019-04-28,17067.15,Resale,2019,4,2
82,34,12034985.7,2022-10-05,21114.01,Resale,2022,10,4
83,34,10164621.9,2021-10-02,17832.67,Sale,2021,10,4
84,35,40754941.78,2022-07-23,20942.93,Resale,2022,7,3
85,35,48839618.24,2021-07-27,25097.44,Sale,2021,7,3
86,35,43271100.32,2022-01-07,22235.92,Resale,2022,1,1
87,36,62647633.92,2019-04-03,8662.56,Resale,2019,4,2
88,36,99263322.24,2022-12-10,13725.57,Resale,2022,12,4
89,36,64757714.56,2020-08-31,8954.33,Sale,2020,8,3
90,37,4707417.26,2024-05-06,8421.14,Sale,2024,5,2
91,38,193632656.4,2023-08-28,26852.4,Sale,2023,8,3
92,38,140098552.95,2018-09-07,19428.45,Sale,2018,9,3
93,38,158437568.15,2022-06-11,21971.65,Sale,2022,6,2
94,39,11263344.4,2018-12-18,7698.8,Resale,2018,12,4
95,40,30324510.84,2019-09-28,9884.13,Sale,2019,9,3
96,40,27944325.76,2021-02-24,9108.32,Sale,2021,2,1
97,40,20847827.0,2019-06-02,6795.25,Resale,2019,6,2
98,40,34995694.24,2024-01-27,11406.68,Sale,2024,1,1
99,41,4409846.18,2019-11-17,10782.02,Resale,2019,11,4
100,41,4329751.71,2022-04-12,10586.19,Resale,2022,4,2
101,41,5282558.11,2024-03-16,12915.79,Sale,2024,3,1
102,42,21684821.06,2022-11-21,11407.06,Sale,2022,11,4
103,42,13632109.02,2018-12-06,7171.02,Sale,2018,12,4
104,42,19204073.09,2021-01-29,10102.09,Sale,2021,1,1
105,43,59484080.62,2020-03-16,8177.63,Resale,2020,3,1
106,43,62707408.24,2024-03-17,8620.76,Sale,2024,3,1
107,44,7892749.35,2021-09-28,7900.65,Sale,2021,9,3
108,45,31534933.68,2020-09-18,10553.86,Resale,2020,9,3
109,45,35264286.36,2023-11-29,11801.97,Resale,2023,11,4
110,45,37535315.76,2022-06-28,12562.02,Resale,2022,6,2
111,45,29817939.24,2019-03-04,9979.23,Resale,2019,3,1
112,46,20114256.47,2020-12-05,17847.61,Resale,2020,12,4
113,46,23713139.38,2022-09-04,21040.94,Sale,2022,9,3
114,46,23995779.71,2021-11-14,21291.73,Sale,2021,11,4
115,47,14843461.86,2022-05-29,12952.41,Sale,2022,5,2
116,47,12062624.1,2022-11-27,10525.85,Resale,2022,11,4
117,48,3370889.28,2022-07-09,6384.26,Sale,2022,7,3
118,48,4697473.44,2023-07-24,8896.73,Sale,2023,7,3
119,48,3120812.64,2018-07-16,5910.63,Resale,2018,7,3
120,49,13233085.44,2022-06-07,9438.72,Resale,2022,6,2
121,49,17199203.24,2024-06-06,12267.62,Sale,2024,6,2
122,50,5709222.54,2019-09-20,7694.37,Resale,2019,9,3
123,51,17501520.08,2022-12-26,7504.94,Sale,2022,12,4
124,51,20879631.96,2023-08-16,8953.53,Resale,2023,8,3
125,51,16398367.48,2018-06-24,7031.89,Sale,2018,6,2
126,51,16598243.2,2018-12-17,7117.6,Resale,2018,12,4
127,52,7794677.2,2020-06-09,7151.08,Sale,2020,6,2
128,52,6603536.1,2018-03-22,6058.29,Resale,2018,3,1
129,52,8746868.5,2023-02-03,8024.65,Resale,2023,2,1
130,53,161866759.23,2024-02-27,26803.57,Sale,2024,2,1
131,53,124452074.34,2019-01-01,20608.06,Sale,2019,1,1
132,53,119308718.43,2022-05-02,19756.37,Sale,2022,5,2
133,54,41463148.29,2020-11-30,9846.39,Sale,2020,11,4
134,54,31830359.46,2022-02-27,7558.86,Resale,2022,2,1
135,54,42916027.51,2023-05-11,10191.41,Resale,2023,5,2
136,54,41125847.19,2021-03-27,9766.29,Resale,2021,3,1
137,55,49455329.04,2023-01-01,9219.86,Sale,2023,1,1
138,56,11393368.92,2021-11-07,9639.06,Sale,2021,11,4
139,56,13169276.64,2024-04-23,11141.52,Sale,2024,4,2
140,56,13394459.46,2023-08-30,11332.03,Sale,2023,8,3
141,56,15623132.28,2023-02-12,13217.54,Resale,2023,2,1
142,57,29672006.25,2022-02-25,19106.25,Sale,2022,2,1
143,57,23093047.88,2019-09-20,14869.96,Resale,2019,9,3
144,57,34418843.93,2021-05-09,22162.81,Sale,2021,5,2
145,58,8644340.43,2019-11-08,7937.87,Resale,2019,11,4
146,58,10554010.83,2020-04-23,9691.47,Sale,2020,4,2
147,58,7884556.02,2022-10-26,7240.18,Resale,2022,10,4
148,59,16851708.72,2023-10-31,23021.46,Sale,2023,10,4
149,59,19516906.08,2023-10-21,26662.44,Resale,2023,10,4
150,60,44936661.0,2021-01-19,7781.24,Resale,2021,1,1
151,60,45454851.75,2022-12-28,7870.97,Resale,2022,12,4
152,60,48492848.25,2021-12-06,8397.03,Resale,2021,12,4
153,60,41108298.0,2021-07-31,7118.32,Sale,2021,7,3
154,61,4528816.53,2018-03-18,7715.19,Resale,2018,3,1
155,61,4119254.89,2021-08-28,7017.47,Resale,2021,8,3
156,61,3762975.24,2020-12-14,6410.52,Sale,2020,12,4
157,61,4689437.34,2021-06-07,7988.82,Sale,2021,6,2
158,62,44523135.64,2024-01-09,6120.86,Resale,2024,1,1
159,62,62090063.86,2023-07-11,8535.89,Sale,2023,7,3
160,62,44192095.9,2021-10-09,6075.35,Resale,2021,10,4
161,62,66481377.66,2024-04-27,9139.59,Sale,2024,4,2
162,63,5424088.82,2018-01-11,7155.79,Resale,2018,1,1
163,63,5262725.78,2018-08-09,6942.91,Resale,2018,8,3
164,64,9139871.25,2020-09-14,7661.25,Resale,2020,9,3
165,64,8421184.19,2019-04-07,7058.83,Resale,2019,4,2
166,64,8379667.79,2020-05-12,7024.03,Resale,2020,5,2
167,64,12295821.52,2023-03-15,10306.64,Resale,2023,3,1
168,65,6568542.7,2018-07-28,6806.78,Sale,2018,7,3
169,66,3319940.61,2019-05-20,7528.21,Resale,2019,5,2
170,67,54729617.8,2023-03-09,9538.1,Resale,2023,3,1
171,67,45121910.6,2020-07-25,7863.7,Resale,2020,7,3
172,67,52113032.42,2020-12-12,9082.09,Sale,2020,12,4
173,68,17671557.8,2020-12-10,7996.18,Resale,2020,12,4
174,69,11039148.2,2019-12-10,7413.8,Resale,2019,12,4
175,69,11917077.49,2022-02-05,8003.41,Resale,2022,2,1
176,70,98843918.4,2022-07-02,10816.8,Resale,2022,7,3
177,70,79527008.82,2019-03-02,8702.89,Sale,2019,3,1
178,70,104932019.52,2021-11-04,11483.04,Resale,2021,11,4
179,71,49461888.2,2021-06-19,9457.34,Sale,2021,6,2
180,71,58883628.6,2022-05-31,11258.82,Resale,2022,5,2
181,71,62285900.5,2022-03-13,11909.35,Resale,2022,3,1
182,71,53669370.9,2020-05-26,10261.83,Resale,2020,5,2
183,72,11223380.48,2020-08-31,6997.12,Sale,2020,8,3
184,72,16550825.88,2024-01-07,10318.47,Resale,2024,1,1
185,73,12529404.04,2021-12-02,21022.49,Sale,2021,12,4
186,73,8295145.88,2021-11-10,13918.03,Resale,2021,11,4
187,73,11165243.48,2021-05-19,18733.63,Resale,2021,5,2
188,74,47024253.0,2023-08-17,9870.75,Sale,2023,8,3
189,74,45237228.96,2022-08-02,9495.64,Resale,2022,8,3
190,74,32921002.68,2018-07-01,6910.37,Sale,2018,7,3
191,75,21943903.97,2019-04-27,7538.27,Sale,2019,4,2
192,75,21271346.53,2022-08-09,7307.23,Sale,2022,8,3
193,75,20530526.14,2020-09-03,7052.74,Sale,2020,9,3
194,76,16133329.6,2022-12-24,12814.4,Sale,2022,12,4
195,76,14053952.61,2021-05-16,11162.79,Sale,2021,5,2
196,76,14845108.21,2023-03-20,11791.19,Sale,2023,3,1
197,77,10298879.52,2022-06-29,10909.83,Resale,2022,6,2
198,77,10275005.76,2019-01-29,10884.54,Resale,2019,1,1
199,77,12531911.52,2023-07-12,13275.33,Resale,2023,7,3
200,78,36999121.0,2021-04-06,8267.96,Sale,2021,4,2
201,78,39873592.5,2024-03-27,8910.3,Resale,2024,3,1
202,79,8902853.88,2024-05-31,9112.44,Resale,2024,5,2
203,79,7407741.01,2018-06-20,7582.13,Sale,2018,6,2
204,79,7715085.67,2023-08-08,7896.71,Resale,2023,8,3
205,80,13210715.1,2022-07-07,7748.22,Sale,2022,7,3
206,80,10448154.75,2019-05-18,6127.95,Resale,2019,5,2
207,80,13704090.95,2018-04-15,8037.59,Sale,2018,4,2
208,81,2658068.9,2019-02-17,8714.98,Sale,2019,2,1
209,81,2878080.65,2018-11-15,9436.33,Resale,2018,11,4
210,81,3190296.95,2021-11-26,10459.99,Sale,2021,11,4
211,81,3699448.7,2018-06-11,12129.34,Sale,2018,6,2
212,82,39192694.94,2018-05-25,6844.69,Resale,2018,5,2
213,82,37572809.54,2023-02-28,6561.79,Resale,2023,2,1
214,82,57757589.4,2024-06-11,10086.9,Sale,2024,6,2
215,82,46136844.18,2023-06-26,8057.43,Resale,2023,6,2
216,83,5948725.9,2023-12-07,11417.9,Resale,2023,12,4
217,83,5086496.95,2021-07-09,9762.95,Sale,2021,7,3
218,84,9498680.31,2019-10-02,7051.73,Sale,2019,10,4
219,84,11094605.91,2022-02-04,8236.53,Sale,2022,2,1
220,84,10985162.16,2024-03-01,8155.28,Resale,2024,3,1
221,84,10194796.44,2022-12-29,7568.52,Resale,2022,12,4
222,85,5768669.1,2021-12-16,8360.39,Sale,2021,12,4
223,85,4305468.9,2022-10-21,6239.81,Resale,2022,10,4
224,86,56475616.45,2022-02-16,9229.55,Resale,2022,2,1
225,86,85939335.73,2023-11-30,14044.67,Resale,2023,11,4
226,87,14710536.75,2023-06-27,8782.41,Sale,2023,6,2
227,88,11534396.58,2019-06-09,6952.62,Sale,2019,6,2
228,88,12024232.92,2023-12-28,7247.88,Sale,2023,12,4
229,88,13610734.62,2021-01-11,8204.18,Sale,2021,1,1
230,88,14544237.33,2020-05-25,8766.87,Sale,2020,5,2
231,89,41753977.26,2019-03-13,25122.73,Sale,2019,3,1
232,89,36708328.08,2018-01-30,22086.84,Sale,2018,1,1
233,89,31543712.94,2021-01-19,18979.37,Sale,2021,1,1
234,90,14833257.2,2023-04-02,11003.9,Resale,2023,4,2
235,91,6983587.84,2023-07-11,7493.12,Resale,2023,7,3
236,91,6568894.44,2020-07-17,7048.17,Resale,2020,7,3
237,92,6355183.38,2020-07-10,9822.54,Resale,2020,7,3
238,92,7236397.38,2023-05-20,11184.54,Resale,2023,5,2
239,92,9000727.56,2022-12-14,13911.48,Sale,2022,12,4
240,92,5786580.37,2021-01-02,8943.71,Sale,2021,1,1
241,93,58872700.1,2018-02-15,8951.3,Sale,2018,2,1
242,93,57896673.3,2023-02-12,8802.9,Sale,2023,2,1
243,94,5920176.96,2022-11-25,9024.66,Resale,2022,11,4
244,94,5239629.44,2024-04-15,7987.24,Sale,2024,4,2
245,94,6447496.0,2022-05-16,9828.5,Sale,2022,5,2
246,95,13634741.88,2021-11-04,7402.14,Sale,2021,11,4
247,95,12348768.0,2022-08-28,6704.0,Sale,2022,8,3
248,96,8003837.34,2020-12-19,7536.57,Sale,2020,12,4
249,96,8941678.92,2019-08-03,8419.66,Resale,2019,8,3
250,96,12192375.96,2022-10-24,11480.58,Sale,2022,10,4
251,96,10041454.26,2018-12-29,9455.23,Sale,2018,12,4
252,97,12965712.13,2020-03-14,7371.07,Sale,2020,3,1
253,97,13680921.53,2018-11-06,7777.67,Resale,2018,11,4
254,98,12997582.92,2021-08-13,6624.66,Sale,2021,8,3
256,99,2411276.76,2023-06-27,8736.51,Sale,2023,6,2
257,100,91011886.1,2021-06-07,12264.1,Resale,2021,6,2
258,100,91099231.27,2021-07-28,12275.87,Resale,2021,7,3
259,100,63136012.75,2020-12-17,8507.75,Resale,2020,12,4
260,101,49482529.2,2022-03-05,10430.55,Sale,2022,3,1
261,101,51973034.32,2020-01-11,10955.53,Resale,2020,1,1
262,101,46589970.08,2021-07-22,9820.82,Resale,2021,7,3
263,101,51018399.2,2021-03-19,10754.3,Sale,2021,3,1
264,102,32971749.57,2023-11-04,7723.53,Sale,2023,11,4
265,103,11670857.38,2018-12-16,6084.91,Sale,2018,12,4
266,103,14857480.12,2022-04-14,7746.34,Resale,2022,4,2
267,103,16761689.7,2020-02-08,8739.15,Sale,2020,2,1
268,104,13951438.8,2019-08-15,9555.78,Sale,2019,8,3
269,104,16962966.2,2020-04-24,11618.47,Sale,2020,4,2
270,104,15635870.0,2020-06-05,10709.5,Resale,2020,6,2
271,105,71369115.76,2023-10-03,10078.96,Resale,2023,10,4
272,105,53577536.78,2019-02-13,7566.38,Resale,2019,2,1
273,105,65286607.57,2023-07-28,9219.97,Sale,2023,7,3
274,105,50804333.94,2020-12-01,7174.74,Resale,2020,12,4
275,106,25268698.8,2019-11-11,10099.4,Sale,2019,11,4
276,106,17750864.34,2018-11-02,7094.67,Resale,2018,11,4
277,107,7718586.0,2020-03-23,5983.4,Sale,2020,3,1
278,107,10998114.3,2021-08-18,8525.67,Resale,2021,8,3
279,108,23831210.64,2019-02-04,6077.84,Sale,2019,2,1
280,109,3906864.0,2022-12-20,12522.0,Sale,2022,12,4
281,109,4151496.96,2024-01-28,13306.08,Sale,2024,1,1
282,110,16435404.56,2018-02-16,6350.62,Sale,2018,2,1
283,110,15029654.72,2018-01-07,5807.44,Resale,2018,1,1
284,110,21225792.56,2022-06-06,8201.62,Resale,2022,6,2
285,110,20185856.52,2023-04-04,7799.79,Resale,2023,4,2
286,111,8547368.94,2024-06-05,13397.13,Sale,2024,6,2
287,112,15051663.9,2023-06-03,12480.65,Resale,2023,6,2
288,112,15558714.54,2019-03-21,12901.09,Sale,2019,3,1
289,112,13356522.36,2023-03-20,11075.06,Resale,2023,3,1
290,112,11086323.84,2019-08-15,9192.64,Resale,2019,8,3
291,113,98888926.28,2023-06-03,11482.69,Resale,2023,6,2
292,114,4040460.45,2018-09-27,6906.77,Resale,2018,9,3
293,114,5151673.8,2020-01-30,8806.28,Sale,2020,1,1
294,114,5146964.55,2023-08-06,8798.23,Sale,2023,8,3
295,114,5064228.0,2018-06-21,8656.8,Resale,2018,6,2
296,115,18254778.5,2024-04-16,13095.25,Sale,2024,4,2
297,115,13941366.12,2021-05-12,10000.98,Sale,2021,5,2
298,115,14859050.26,2023-08-15,10659.29,Resale,2023,8,3
299,115,19193749.02,2024-06-10,13768.83,Sale,2024,6,2
300,116,16355146.5,2020-07-15,10114.5,Sale,2020,7,3
301,117,37401775.31,2021-05-03,21263.09,Resale,2021,5,2
302,117,36441255.77,2022-06-29,20717.03,Resale,2022,6,2
303,117,38971383.78,2022-10-25,22155.42,Resale,2022,10,4
304,117,34496505.37,2021-05-07,19611.43,Sale,2021,5,2
305,118,18389113.56,2022-07-02,10098.36,Sale,2022,7,3
306,119,14395778.4,2020-08-02,10947.36,Sale,2020,8,3
307,119,14367624.25,2022-05-04,10925.95,Resale,2022,5,2
308,119,15729648.65,2024-05-20,11961.71,Sale,2024,5,2
309,120,72869196.4,2018-03-05,18199.1,Sale,2018,3,1
310,120,84988423.52,2021-05-07,21225.88,Sale,2021,5,2
311,120,75279043.84,2021-10-09,18800.96,Sale,2021,10,4
312,120,72322770.52,2023-01-20,18062.63,Sale,2023,1,1
313,121,4405199.32,2024-03-12,11068.34,Sale,2024,3,1
314,122,17558642.11,2024-04-07,12051.23,Sale,2024,4,2
315,122,13386216.64,2020-02-09,9187.52,Resale,2020,2,1
316,122,19587092.08,2024-02-10,13443.44,Sale,2024,2,1
317,123,14915016.6,2023-03-18,8217.64,Sale,2023,3,1
318,123,18784887.0,2023-03-09,10349.8,Resale,2023,3,1
319,123,11662754.4,2019-12-19,6425.76,Sale,2019,12,4
320,123,14156128.8,2021-09-22,7799.52,Sale,2021,9,3
321,124,6289207.44,2020-10-16,7568.24,Resale,2020,10,4
322,125,40218583.75,2021-10-28,8695.91,Sale,2021,10,4
323,125,45279166.25,2022-07-03,9790.09,Sale,2022,7,3
324,126,34133157.81,2019-12-15,7392.93,Sale,2019,12,4
325,126,28144354.77,2022-10-01,6095.81,Sale,2022,10,4
326,127,7572143.18,2022-02-11,9200.66,Resale,2022,2,1
327,127,6580806.76,2023-10-08,7996.12,Sale,2023,10,4
328,127,5879660.14,2019-08-03,7144.18,Sale,2019,8,3
329,127,6986051.96,2020-03-26,8488.52,Resale,2020,3,1
330,128,8433687.68,2023-08-25,7314.56,Resale,2023,8,3
331,128,9558185.52,2020-02-26,8289.84,Sale,2020,2,1
332,129,9030305.7,2022-07-31,7718.21,Resale,2022,7,3
333,130,11943611.8,2020-09-07,12705.97,Resale,2020,9,3
334,130,8529719.8,2018-12-12,9074.17,Resale,2018,12,4
335,130,12025692.6,2021-06-29,12793.29,Resale,2021,6,2
336,130,10836987.4,2020-11-05,11528.71,Resale,2020,11,4
337,131,4292954.16,2021-11-14,7107.54,Sale,2021,11,4
339,132,14058841.86,2021-05-31,10764.81,Sale,2021,5,2
340,133,11156798.07,2019-09-09,6408.27,Sale,2019,9,3
341,134,59847071.05,2018-12-22,21412.19,Resale,2018,12,4
342,134,60536373.95,2022-02-14,21658.81,Resale,2022,2,1
343,135,85428610.96,2020-06-22,19433.26,Resale,2020,6,2
344,136,12865999.5,2019-02-14,15883.95,Resale,2019,2,1
345,136,19907499.6,2023-07-13,24577.16,Sale,2023,7,3
346,136,16283251.8,2023-06-14,20102.78,Sale,2023,6,2
347,136,17196575.4,2020-02-27,21230.34,Sale,2020,2,1
348,137,84584589.96,2022-08-10,23873.72,Resale,2022,8,3
349,137,58036820.1,2018-08-22,16380.7,Resale,2018,8,3
350,137,71094582.03,2018-10-29,20066.21,Sale,2018,10,4
351,138,8503406.74,2022-04-14,7794.14,Sale,2022,4,2
352,138,6890614.17,2021-09-13,6315.87,Sale,2021,9,3
353,138,10424068.6,2022-05-26,9554.6,Resale,2022,5,2
354,139,45881038.06,2024-03-24,7860.38,Resale,2024,3,1
355,139,45079034.26,2020-05-05,7722.98,Sale,2020,5,2
356,140,23366608.2,2022-04-27,23460.45,Resale,2022,4,2
357,140,19891195.68,2019-04-18,19971.08,Resale,2019,4,2
358,140,23222726.04,2022-07-12,23315.99,Resale,2022,7,3
359,140,20593007.16,2023-03-19,20675.71,Resale,2023,3,1
360,141,36226585.25,2018-02-08,7819.25,Resale,2018,2,1
361,142,2962737.96,2020-07-08,8739.64,Resale,2020,7,3
362,142,2959768.32,2021-08-22,8730.88,Resale,2021,8,3
363,142,2232633.66,2020-08-13,6585.94,Sale,2020,8,3
364,143,28157644.05,2020-08-26,8896.57,Sale,2020,8,3
365,143,34420197.9,2020-07-21,10875.26,Sale,2020,7,3
366,143,22934159.7,2019-12-27,7246.18,Resale,2019,12,4
367,143,36757012.35,2022-09-18,11613.59,Resale,2022,9,3
368,144,2449565.55,2023-08-10,7100.19,Resale,2023,8,3
369,144,2370515.7,2021-10-25,6871.06,Sale,2021,10,4
371,145,123731735.52,2023-12-25,24091.07,Sale,2023,12,4
372,145,123702511.68,2021-05-28,24085.38,Resale,2021,5,2
373,145,107865861.12,2020-06-08,21001.92,Sale,2020,6,2
374,146,55658789.28,2021-11-11,22406.92,Resale,2021,11,4
375,147,138805784.54,2021-10-28,21668.09,Resale,2021,10,4
376,148,6810273.0,2023-06-05,12658.5,Sale,2023,6,2
377,148,6647415.02,2023-02-07,12355.79,Resale,2023,2,1
378,149,32364032.09,2023-05-10,5696.89,Resale,2023,5,2
379,149,43399033.73,2019-04-26,7639.33,Sale,2019,4,2
380,149,42905127.59,2019-03-17,7552.39,Sale,2019,3,1
381,150,11075607.18,2024-06-17,11707.83,Resale,2024,6,2
382,150,8056268.44,2022-05-26,8516.14,Resale,2022,5,2
383,150,11390246.78,2023-01-16,12040.43,Resale,2023,1,1
384,150,10440339.8,2021-04-02,11036.3,Resale,2021,4,2
385,151,6078774.03,2021-10-30,7823.39,Resale,2021,10,4
386,151,5894508.48,2019-09-06,7586.24,Resale,2019,9,3
387,151,6506885.49,2019-09-14,8374.37,Sale,2019,9,3
388,151,8684731.02,2022-05-06,11177.26,Sale,2022,5,2
389,152,13612153.68,2023-09-08,8598.96,Resale,2023,9,3
390,152,12628113.39,2021-01-04,7977.33,Sale,2021,1,1
391,152,10385018.22,2020-04-12,6560.34,Sale,2020,4,2
392,153,4279903.25,2022-04-07,7575.05,Resale,2022,4,2
393,153,4479557.3,2022-09-04,7928.42,Sale,2022,9,3
394,153,5197485.85,2022-11-13,9199.09,Resale,2022,11,4
395,154,5444041.5,2022-07-29,8852.1,Sale,2022,7,3
396,154,5513770.2,2020-06-13,8965.48,Sale,2020,6,2
397,155,12543841.44,2024-02-23,20102.31,Resale,2024,2,1
398,155,9447815.52,2018-05-19,15140.73,Resale,2018,5,2
399,155,15769615.68,2022-12-11,25271.82,Resale,2022,12,4
400,155,16349193.12,2022-12-04,26200.63,Resale,2022,12,4
401,156,6480159.12,2018-06-17,6525.84,Sale,2018,6,2
403,156,6231323.25,2019-08-15,6275.25,Resale,2019,8,3
404,156,7520078.37,2020-07-01,7573.09,Resale,2020,7,3
405,157,25555462.94,2020-01-23,17984.14,Resale,2020,1,1
406,157,26146215.27,2018-10-13,18399.87,Sale,2018,10,4
407,157,31405350.48,2018-08-14,22100.88,Resale,2018,8,3
408,157,33549952.1,2020-09-03,23610.1,Resale,2020,9,3
409,158,8926930.99,2019-06-17,7558.79,Resale,2019,6,2
410,159,8798467.47,2020-02-07,7779.37,Sale,2020,2,1
411,159,9234332.25,2022-07-25,8164.75,Sale,2022,7,3
412,160,22718934.28,2020-04-06,10996.58,Sale,2020,4,2
413,160,20888747.52,2020-08-07,10110.72,Sale,2020,8,3
414,160,20974486.52,2020-09-17,10152.22,Sale,2020,9,3
415,161,84103819.8,2020-06-02,16407.3,Sale,2020,6,2
416,161,94479407.66,2020-10-30,18431.41,Resale,2020,10,4
417,162,29946254.52,2018-04-03,9812.01,Resale,2018,4,2
418,162,23838714.2,2018-04-23,7810.85,Resale,2018,4,2
419,162,38547584.04,2024-05-07,12630.27,Resale,2024,5,2
420,162,32286985.92,2020-07-17,10578.96,Sale,2020,7,3
421,163,20757185.0,2021-11-09,11220.1,Sale,2021,11,4
422,163,19901745.0,2020-02-21,10757.7,Resale,2020,2,1
423,163,22201202.5,2022-11-28,12000.65,Resale,2022,11,4
424,163,18176324.0,2021-08-16,9825.04,Sale,2021,8,3
425,164,9616063.6,2019-01-06,6113.2,Sale,2019,1,1
426,164,12813815.3,2023-09-03,8146.1,Resale,2023,9,3
427,164,13412514.83,2020-09-20,8526.71,Resale,2020,9,3
428,165,29002133.85,2018-05-16,7703.09,Resale,2018,5,2
429,166,97281020.7,2020-11-05,17642.55,Resale,2020,11,4
430,166,102414775.26,2021-03-22,18573.59,Resale,2021,3,1
431,166,91173879.72,2021-10-27,16534.98,Sale,2021,10,4
432,167,34485394.64,2019-04-22,5941.66,Sale,2019,4,2
433,168,68759583.75,2019-11-14,10685.25,Resale,2019,11,4
434,168,62461713.6,2021-12-04,9706.56,Resale,2021,12,4
435,168,48505871.7,2019-08-10,7537.82,Sale,2019,8,3
436,169,6197033.6,2020-10-11,9461.12,Resale,2020,10,4
437,169,7757636.6,2022-08-08,11843.72,Resale,2022,8,3
438,169,4875905.15,2019-06-25,7444.13,Resale,2019,6,2
439,170,10069698.32,2018-05-03,10029.58,Resale,2018,5,2
440,170,10163983.96,2024-04-01,10123.49,Resale,2024,4,2
441,170,11705746.44,2024-03-05,11659.11,Resale,2024,3,1
442,171,12136768.35,2018-04-23,17118.15,Sale,2018,4,2
443,171,11902188.61,2018-06-22,16787.29,Sale,2018,6,2
444,171,13422525.67,2019-06-17,18931.63,Sale,2019,6,2
445,171,14791576.31,2019-05-17,20862.59,Sale,2019,5,2
446,172,47735131.5,2023-05-23,23285.43,Sale,2023,5,2
447,173,14860828.17,2021-08-28,9848.13,Resale,2021,8,3
448,174,12015527.3,2020-05-05,21266.42,Sale,2020,5,2
449,174,14175205.9,2024-01-21,25088.86,Resale,2024,1,1
450,174,12719997.55,2024-05-06,22513.27,Resale,2024,5,2
451,174,10834920.25,2019-10-16,19176.85,Resale,2019,10,4
452,175,26445528.1,2018-11-09,8187.47,Resale,2018,11,4
453,175,27612947.0,2019-10-08,8548.9,Resale,2019,10,4
454,176,53965025.08,2022-08-02,9519.32,Sale,2022,8,3
455,176,56863528.09,2024-06-18,10030.61,Sale,2024,6,2
456,176,56356946.25,2023-04-26,9941.25,Resale,2023,4,2
457,177,16418339.73,2021-05-15,8254.57,Sale,2021,5,2
458,177,14324539.32,2022-10-16,7201.88,Sale,2022,10,4
459,177,16219738.08,2020-08-18,8154.72,Sale,2020,8,3
460,178,5653574.73,2024-01-29,11802.87,Sale,2024,1,1
461,178,6229212.98,2023-04-14,13004.62,Sale,2023,4,2
462,179,38620350.6,2021-08-20,20921.1,Sale,2021,8,3
463,180,4109147.52,2020-01-03,7553.58,Resale,2020,1,1
464,181,16298622.34,2021-10-18,22114.82,Sale,2021,10,4
465,181,15434180.3,2019-09-07,20941.9,Sale,2019,9,3
466,181,11303766.98,2019-08-26,15337.54,Sale,2019,8,3
467,182,8625633.18,2018-12-03,14594.98,Resale,2018,12,4
468,183,47012188.6,2021-05-03,8925.8,Resale,2021,5,2
469,183,45365882.41,2021-01-17,8613.23,Sale,2021,1,1
470,183,41462298.03,2022-06-20,7872.09,Resale,2022,6,2
471,184,6623104.41,2019-07-18,7191.21,Sale,2019,7,3
473,184,10331059.62,2022-07-21,11217.22,Resale,2022,7,3
474,184,7344431.61,2019-06-24,7974.41,Resale,2019,6,2
475,185,23861046.03,2018-03-15,9672.09,Sale,2018,3,1
476,185,26437309.46,2021-12-27,10716.38,Sale,2021,12,4
477,185,25487563.8,2022-07-20,10331.4,Resale,2022,7,3
478,186,5649623.4,2021-02-03,6464.1,Sale,2021,2,1
479,186,5603406.28,2018-07-28,6411.22,Sale,2018,7,3
480,186,6317656.56,2022-06-20,7228.44,Sale,2022,6,2
481,187,27219483.72,2023-12-30,10574.78,Resale,2023,12,4
482,187,22688497.26,2021-04-12,8814.49,Sale,2021,4,2
483,187,26723242.26,2020-04-06,10381.99,Sale,2020,4,2
484,187,30080458.98,2024-06-04,11686.27,Resale,2024,6,2
485,188,134744643.6,2019-08-04,20305.1,Sale,2019,8,3
486,188,171359901.72,2024-03-24,25822.77,Sale,2024,3,1
487,188,152194005.6,2022-06-18,22934.6,Sale,2022,6,2
489,189,18696887.24,2020-11-29,22152.71,Resale,2020,11,4
490,190,4464991.31,2019-09-21,6297.59,Sale,2019,9,3
491,190,5550378.14,2019-07-06,7828.46,Resale,2019,7,3
492,190,6410076.09,2023-06-12,9041.01,Sale,2023,6,2
493,190,4913561.43,2021-01-02,6930.27,Resale,2021,1,1
494,191,18971378.65,2023-03-01,9704.03,Sale,2023,3,1
495,192,10634693.72,2022-02-03,9152.06,Sale,2022,2,1
496,193,111369245.76,2024-05-05,26529.12,Resale,2024,5,2
497,194,9790557.5,2023-06-03,7389.1,Sale,2023,6,2
498,194,9615167.25,2018-04-24,7256.73,Sale,2018,4,2
499,194,10510218.0,2021-12-06,7932.24,Sale,2021,12,4
500,194,13393855.25,2024-05-29,10108.57,Sale,2024,5,2
501,195,3935003.8,2019-05-04,8390.2,Sale,2019,5,2
502,196,9976288.92,2019-06-02,18717.24,Sale,2019,6,2
503,196,12854275.72,2020-07-18,24116.84,Sale,2020,7,3
504,196,11287767.4,2024-05-03,21177.8,Resale,2024,5,2
505,197,48145987.37,2021-01-05,13666.19,Sale,2021,1,1
506,198,4521511.03,2021-10-26,6861.17,Sale,2021,10,4
507,198,4514354.29,2019-02-27,6850.31,Resale,2019,2,1
508,198,5429059.47,2024-01-03,8238.33,Resale,2024,1,1
509,198,4825988.8,2021-08-14,7323.2,Sale,2021,8,3
510,199,23403439.32,2022-10-25,11725.17,Sale,2022,10,4
511,200,58447787.76,2018-12-08,17000.52,Resale,2018,12,4
512,200,72296670.6,2019-11-07,21028.7,Sale,2019,11,4
513,200,78176647.62,2023-03-27,22738.99,Resale,2023,3,1
514,200,89490555.54,2023-02-26,26029.83,Resale,2023,2,1
515,201,22711889.2,2021-06-22,19853.05,Sale,2021,6,2
516,202,32852597.82,2024-04-18,25232.41,Resale,2024,4,2
517,202,28228596.9,2020-09-02,21680.95,Resale,2020,9,3
518,202,22690396.68,2019-10-12,17427.34,Resale,2019,10,4
520,203,31589475.84,2023-10-20,25312.08,Sale,2023,10,4
521,204,25375101.54,2019-12-30,18562.62,Resale,2019,12,4
522,205,79346713.08,2023-01-16,10721.08,Sale,2023,1,1
523,205,83504298.84,2022-11-14,11282.84,Resale,2022,11,4
524,205,73956268.74,2023-05-21,9992.74,Sale,2023,5,2
525,205,90557599.86,2020-11-22,12235.86,Resale,2020,11,4
526,206,12066881.94,2021-06-06,8687.46,Sale,2021,6,2
527,206,11352005.31,2021-11-04,8172.79,Resale,2021,11,4
528,207,41375599.81,2023-10-27,26337.11,Resale,2023,10,4
529,207,27379419.42,2019-11-06,17428.02,Resale,2019,11,4
530,207,30200715.48,2022-01-22,19223.88,Resale,2022,1,1
531,207,29506600.55,2019-03-28,18782.05,Resale,2019,3,1
532,208,22384553.04,2021-06-13,21565.08,Sale,2021,6,2
533,208,25835705.82,2023-10-25,24889.89,Sale,2023,10,4
534,208,16296506.58,2019-10-04,15699.91,Sale,2019,10,4
535,208,19780211.04,2020-07-16,19056.08,Resale,2020,7,3
537,210,6762481.42,2023-04-13,7808.87,Resale,2023,4,2
538,210,6582310.12,2018-07-27,7600.82,Sale,2018,7,3
539,210,6761087.16,2018-07-24,7807.26,Resale,2018,7,3
540,211,17602658.08,2018-09-27,6040.72,Resale,2018,9,3
541,212,9593846.41,2023-06-02,8745.53,Sale,2023,6,2
542,212,10013372.12,2023-05-12,9127.96,Resale,2023,5,2
543,212,9192805.15,2019-06-07,8379.95,Resale,2019,6,2
544,213,12183434.06,2022-07-19,10272.71,Resale,2022,7,3
545,213,8961771.8,2019-07-21,7556.3,Sale,2019,7,3
546,214,15272084.64,2020-12-07,9764.76,Sale,2020,12,4
547,214,11637426.84,2018-05-16,7440.81,Sale,2018,5,2
548,214,17680597.72,2022-08-17,11304.73,Sale,2022,8,3
549,215,29316306.32,2018-12-13,22481.83,Resale,2018,12,4
550,216,25184884.86,2019-02-15,22034.02,Resale,2019,2,1
551,217,42013675.9,2023-03-27,9290.95,Sale,2023,3,1
552,217,34774767.86,2019-03-22,7690.13,Sale,2019,3,1
553,218,5206156.71,2020-01-26,9247.17,Sale,2020,1,1
554,218,6013808.36,2022-06-11,10681.72,Resale,2022,6,2
555,218,5156747.83,2018-09-27,9159.41,Resale,2018,9,3
556,218,6706168.87,2023-07-06,11911.49,Resale,2023,7,3
558,219,25338562.2,2018-02-17,20078.1,Sale,2018,2,1
559,219,31375528.5,2023-11-07,24861.75,Resale,2023,11,4
560,219,21191945.7,2019-05-31,16792.35,Sale,2019,5,2
561,220,5088832.5,2021-09-13,6785.11,Resale,2021,9,3
562,220,5662260.0,2023-01-11,7549.68,Resale,2023,1,1
563,221,10427626.06,2019-10-09,9809.62,Sale,2019,10,4
564,221,8544032.58,2021-08-16,8037.66,Resale,2021,8,3
565,222,15876636.02,2023-05-26,11691.19,Resale,2023,5,2
566,222,14287966.14,2018-12-04,10521.33,Resale,2018,12,4
567,222,14783989.22,2020-10-17,10886.59,Sale,2020,10,4
568,222,12410069.42,2019-11-23,9138.49,Sale,2019,11,4
569,223,7586875.52,2019-11-01,8740.64,Resale,2019,11,4
570,223,11137498.96,2023-03-20,12831.22,Sale,2023,3,1
571,223,10042647.16,2022-07-08,11569.87,Resale,2022,7,3
572,223,7580981.8,2018-02-13,8733.85,Sale,2018,2,1
573,224,47369328.24,2019-08-10,8865.68,Sale,2019,8,3
574,224,65997751.17,2024-06-11,12352.19,Sale,2024,6,2
575,225,25848243.2,2022-11-06,7766.9,Resale,2022,11,4
576,226,37579668.57,2022-07-24,9497.01,Sale,2022,7,3
577,226,37552919.25,2021-06-30,9490.25,Resale,2021,6,2
578,226,24543688.2,2019-08-20,6202.6,Resale,2019,8,3
579,226,30711899.37,2023-08-24,7761.41,Resale,2023,8,3
580,227,67451627.32,2021-08-23,12337.96,Resale,2021,8,3
581,227,56203876.19,2020-11-30,10280.57,Sale,2020,11,4
582,228,28387606.26,2019-12-23,6412.38,Sale,2019,12,4
583,228,36724134.23,2019-05-27,8295.49,Resale,2019,5,2
584,228,41937502.24,2023-07-12,9473.12,Sale,2023,7,3
585,229,19739928.26,2022-11-09,10190.98,Resale,2022,11,4
586,230,10185968.31,2021-01-01,10320.13,Sale,2021,1,1
587,230,11272615.83,2020-03-15,11421.09,Resale,2020,3,1
588,230,8219232.63,2020-08-04,8327.49,Resale,2020,8,3
589,231,46771442.7,2021-02-09,8954.9,Resale,2021,2,1
590,232,37773437.13,2020-01-21,22444.11,Resale,2020,1,1
591,232,38293820.73,2019-12-16,22753.31,Resale,2019,12,4
592,233,30521584.2,2021-10-01,24070.65,Resale,2021,10,4
593,233,25259041.84,2020-03-22,19920.38,Sale,2020,3,1
594,234,10205496.98,2020-06-25,8663.41,Sale,2020,6,2
595,235,18767810.88,2023-05-26,8442.56,Sale,2023,5,2
596,236,58679383.54,2021-10-26,8375.59,Sale,2021,10,4
597,236,62816356.48,2020-05-02,8966.08,Sale,2020,5,2
598,236,74229410.72,2020-01-11,10595.12,Sale,2020,1,1
599,237,11073024.6,2021-06-24,7626.05,Sale,2021,6,2
600,237,10286940.84,2020-01-03,7084.67,Sale,2020,1,1
601,237,10076923.56,2021-04-15,6940.03,Resale,2021,4,2
602,237,8322326.76,2020-11-04,5731.63,Sale,2020,11,4
603,238,70331202.7,2020-02-21,8011.3,Resale,2020,2,1
604,238,68103970.4,2019-10-07,7757.6,Sale,2019,10,4
605,238,60637782.06,2020-09-17,6907.14,Sale,2020,9,3
606,239,22374772.65,2018-07-03,6551.91,Resale,2018,7,3
607,239,28328756.85,2018-10-25,8295.39,Resale,2018,10,4
608,239,27231141.7,2018-07-17,7973.98,Sale,2018,7,3
609,240,5170026.84,2019-06-25,5662.68,Resale,2019,6,2
610,240,6226678.26,2019-01-28,6820.02,Sale,2019,1,1
611,241,43343396.18,2019-01-03,22411.27,Resale,2019,1,1
612,241,40011346.26,2021-12-31,20688.39,Resale,2021,12,4
613,241,43795062.54,2023-12-29,22644.81,Resale,2023,12,4
614,241,39376839.54,2018-08-10,20360.31,Resale,2018,8,3
615,242,82729692.9,2021-01-24,9238.38,Sale,2021,1,1
616,243,13678238.1,2021-05-10,23623.9,Resale,2021,5,2
617,243,12516995.7,2022-05-30,21618.3,Resale,2022,5,2
618,244,14546897.75,2018-11-19,7556.83,Sale,2018,11,4
619,245,124536573.12,2022-03-05,13161.76,Sale,2022,3,1
620,245,89727199.8,2019-06-24,9482.9,Resale,2019,6,2
621,245,90759882.48,2020-08-10,9592.04,Sale,2020,8,3
622,246,5246233.89,2023-10-19,9697.29,Sale,2023,10,4
623,246,4642412.97,2019-01-09,8581.17,Sale,2019,1,1
624,246,5202607.65,2021-11-15,9616.65,Sale,2021,11,4
625,246,3962987.3,2021-12-01,7325.3,Sale,2021,12,4
626,247,9495058.48,2020-11-06,19497.04,Sale,2020,11,4
627,247,9988423.57,2023-04-11,20510.11,Sale,2023,4,2
628,247,10490413.43,2021-09-26,21540.89,Resale,2021,9,3
629,248,85607881.24,2022-01-06,19443.08,Resale,2022,1,1
630,248,78700190.66,2019-05-12,17874.22,Resale,2019,5,2
631,248,106543397.73,2022-11-06,24197.91,Sale,2022,11,4
632,249,8429704.32,2023-10-11,8845.44,Sale,2023,10,4
633,249,5721249.73,2021-02-11,6003.41,Resale,2021,2,1
634,250,32440725.36,2018-03-13,10695.92,Resale,2018,3,1
635,250,25160585.13,2019-05-08,8295.61,Resale,2019,5,2
636,251,14980431.58,2018-11-01,6192.82,Resale,2018,11,4
637,251,17875297.26,2022-11-07,7389.54,Sale,2022,11,4
638,252,11487625.75,2019-06-23,6343.25,Sale,2019,6,2
639,252,10504687.39,2018-01-04,5800.49,Resale,2018,1,1
640,252,13068501.98,2022-11-21,7216.18,Sale,2022,11,4
641,253,25588887.83,2018-06-20,6338.59,Resale,2018,6,2
642,253,39113443.38,2019-09-23,9688.74,Sale,2019,9,3
643,253,44066842.38,2021-07-11,10915.74,Resale,2021,7,3
644,254,5762293.71,2022-09-17,11017.77,Resale,2022,9,3
645,254,5037054.84,2023-03-02,9631.08,Sale,2023,3,1
646,254,4062548.94,2021-06-07,7767.78,Sale,2021,6,2
647,255,4442745.32,2022-09-27,7429.34,Sale,2022,9,3
648,255,5378932.26,2023-09-01,8994.87,Sale,2023,9,3
649,256,14708563.1,2019-03-24,10053.7,Sale,2019,3,1
650,257,111579978.37,2021-03-11,19957.07,Resale,2021,3,1
651,258,15230712.0,2018-07-25,9065.9,Sale,2018,7,3
653,259,12329665.92,2024-01-13,23351.64,Sale,2024,1,1
654,260,6917442.58,2021-02-25,8215.49,Resale,2021,2,1
655,261,6645746.03,2022-04-30,12329.77,Sale,2022,4,2
656,262,15021761.96,2022-07-28,8364.01,Resale,2022,7,3
658,263,6380635.86,2022-09-19,8473.62,Sale,2022,9,3
659,263,5083932.21,2021-12-06,6751.57,Sale,2021,12,4
660,264,34598407.48,2021-09-30,22364.84,Resale,2021,9,3
662,264,33795777.47,2022-04-07,21846.01,Resale,2022,4,2
663,264,33353722.22,2019-12-23,21560.26,Sale,2019,12,4
664,265,33137614.4,2023-05-17,9975.2,Sale,2023,5,2
665,266,26857362.51,2019-10-04,7800.57,Sale,2019,10,4
666,266,52344307.73,2024-03-19,15203.11,Sale,2024,3,1
667,266,37915280.04,2021-04-04,11012.28,Resale,2021,4,2
668,266,35355684.98,2019-09-25,10268.86,Sale,2019,9,3
669,267,101678024.07,2020-05-13,22946.97,Resale,2020,5,2
670,267,92635815.3,2022-09-17,20906.3,Resale,2022,9,3
671,267,87655149.75,2018-03-14,19782.25,Resale,2018,3,1
672,267,112065794.61,2023-10-14,25291.31,Sale,2023,10,4
673,268,13260676.06,2023-12-26,7137.07,Sale,2023,12,4
674,269,13656498.24,2022-06-28,9523.36,Resale,2022,6,2
675,270,180506369.82,2019-02-27,22072.19,Resale,2019,2,1
676,270,146942794.68,2021-11-20,17968.06,Resale,2021,11,4
677,270,205009048.08,2024-02-26,25068.36,Sale,2024,2,1
678,271,31897084.26,2023-03-06,22751.13,Sale,2023,3,1
679,271,33074820.34,2020-12-01,23591.17,Resale,2020,12,4
680,271,27253478.0,2023-05-24,19439.0,Resale,2023,5,2
682,272,12628414.36,2022-04-02,8498.26,Resale,2022,4,2
683,272,14720880.68,2023-01-15,9906.38,Resale,2023,1,1
684,272,12133933.0,2018-10-08,8165.5,Resale,2018,10,4
685,272,13204551.42,2023-07-06,8885.97,Sale,2023,7,3
686,273,25446033.84,2022-10-07,22012.14,Resale,2022,10,4
687,274,14838553.15,2022-11-01,10486.61,Sale,2022,11,4
688,274,13430557.4,2021-12-09,9491.56,Resale,2021,12,4
689,274,16306559.05,2022-07-06,11524.07,Sale,2022,7,3
690,275,65357758.76,2020-10-16,7712.74,Sale,2020,10,4
691,275,72399822.24,2023-08-26,8543.76,Sale,2023,8,3
692,275,69573912.72,2022-12-03,8210.28,Sale,2022,12,4
693,276,11296615.42,2018-03-08,19244.66,Sale,2018,3,1
694,276,10128039.3,2019-07-06,17253.9,Resale,2019,7,3
695,277,19146140.52,2022-10-22,21658.53,Resale,2022,10,4
696,277,19743309.04,2020-05-26,22334.06,Sale,2020,5,2
697,277,21299281.64,2023-04-08,24094.21,Resale,2023,4,2
698,278,3481105.56,2020-09-18,6852.57,Sale,2020,9,3
699,278,3971310.32,2020-03-30,7817.54,Sale,2020,3,1
700,278,4640681.6,2022-03-31,9135.2,Resale,2022,3,1
701,278,5410271.12,2024-04-01,10650.14,Resale,2024,4,2
702,279,8502215.65,2019-10-21,6265.45,Resale,2019,10,4
703,280,34290242.4,2022-03-01,7519.79,Resale,2022,3,1
704,281,16812146.16,2019-09-22,6801.03,Sale,2019,9,3
705,281,16921408.56,2019-02-28,6845.23,Sale,2019,2,1
706,281,20322386.16,2020-12-11,8221.03,Sale,2020,12,4
707,281,19650743.76,2019-07-22,7949.33,Resale,2019,7,3
708,282,7413423.02,2021-10-12,9301.66,Resale,2021,10,4
709,282,5517957.77,2018-04-08,6923.41,Sale,2018,4,2
710,282,5473030.88,2021-11-02,6867.04,Resale,2021,11,4
711,283,17923427.83,2023-09-09,25279.87,Sale,2023,9,3
712,284,165376977.5,2024-05-15,24947.5,Resale,2024,5,2
713,284,149024029.98,2022-07-03,22480.62,Resale,2022,7,3
714,285,11094673.76,2023-11-02,7148.63,Resale,2023,11,4
715,285,10441980.16,2019-07-08,6728.08,Resale,2019,7,3
716,286,9497612.81,2019-02-03,16347.01,Resale,2019,2,1
717,286,12390388.57,2020-05-28,21325.97,Sale,2020,5,2
718,286,11108720.0,2020-04-08,19120.0,Resale,2020,4,2
719,286,10982724.34,2020-10-15,18903.14,Sale,2020,10,4
721,288,15299520.94,2021-04-07,9278.06,Sale,2021,4,2
722,289,5084200.0,2019-10-07,9244.0,Resale,2019,10,4
723,289,5601865.5,2020-07-14,10185.21,Sale,2020,7,3
724,289,5867053.5,2023-07-08,10667.37,Resale,2023,7,3
725,290,115896672.5,2022-11-28,17899.1,Resale,2022,11,4
726,291,12149728.89,2021-01-16,19884.99,Resale,2021,1,1
727,291,13029489.46,2022-05-07,21324.86,Sale,2022,5,2
728,291,14799684.77,2023-09-29,24222.07,Resale,2023,9,3
729,292,38197219.5,2022-01-11,7716.61,Sale,2022,1,1
730,292,38221870.5,2023-11-08,7721.59,Resale,2023,11,4
731,293,10593851.06,2019-08-19,6081.43,Resale,2019,8,3
732,293,13000789.88,2019-09-28,7463.14,Resale,2019,9,3
733,294,4506072.2,2022-07-14,7850.3,Sale,2022,7,3
734,294,4654841.52,2018-01-18,8109.48,Sale,2018,1,1
735,294,4335818.06,2019-06-06,7553.69,Sale,2019,6,2
736,295,8266739.0,2019-06-16,7354.75,Sale,2019,6,2
737,296,14179647.44,2018-06-09,8731.31,Resale,2018,6,2
738,296,18561589.2,2022-04-15,11429.55,Resale,2022,4,2
739,296,16969890.56,2023-01-24,10449.44,Sale,2023,1,1
740,297,5246750.08,2022-01-12,7452.77,Sale,2022,1,1
741,297,6121815.04,2022-02-20,8695.76,Sale,2022,2,1
742,298,7015604.8,2019-02-23,7361.6,Sale,2019,2,1
743,298,6172533.35,2023-09-08,6476.95,Sale,2023,9,3
744,298,6871730.39,2021-10-11,7210.63,Sale,2021,10,4
746,299,20443729.62,2018-06-27,19035.13,Sale,2018,6,2
747,299,25646980.38,2020-01-07,23879.87,Sale,2020,1,1
748,299,24291119.82,2024-06-30,22617.43,Sale,2024,6,2
749,300,38570865.45,2023-11-30,8599.97,Resale,2023,11,4
750,300,41343761.55,2021-02-02,9218.23,Resale,2021,2,1
751,300,33744063.6,2018-05-18,7523.76,Resale,2018,5,2
752,300,34764132.0,2020-03-04,7751.2,Resale,2020,3,1
753,301,23644995.2,2021-08-29,18022.1,Sale,2021,8,3
754,302,226758527.71,2022-05-21,25418.51,Resale,2022,5,2
756,302,153741213.23,2021-05-25,17233.63,Resale,2021,5,2
757,302,198882365.33,2019-09-29,22293.73,Sale,2019,9,3
758,303,70644520.94,2019-10-18,18007.78,Resale,2019,10,4
759,303,92192069.2,2024-03-24,23500.4,Sale,2024,3,1
760,304,45965743.08,2024-01-08,9828.04,Resale,2024,1,1
761,304,31363213.68,2020-02-23,6705.84,Sale,2020,2,1
762,304,36504265.62,2020-09-27,7805.06,Resale,2020,9,3
763,305,11839722.03,2023-03-08,6816.19,Sale,2023,3,1
764,305,14083926.03,2021-05-14,8108.19,Resale,2021,5,2
765,306,29257805.07,2020-07-16,9941.49,Sale,2020,7,3
766,307,18082715.4,2023-12-24,10802.1,Sale,2023,12,4
767,308,63133031.48,2022-04-07,21868.04,Resale,2022,4,2
768,308,54294192.28,2019-05-14,18806.44,Resale,2019,5,2
769,309,32196344.88,2020-10-15,22546.46,Resale,2020,10,4
770,310,56034658.26,2022-04-19,23406.29,Sale,2022,4,2
771,311,77226547.53,2020-12-16,8084.01,Resale,2020,12,4
772,312,11220024.25,2023-08-16,10989.25,Sale,2023,8,3
773,313,25452183.6,2019-05-28,20072.7,Resale,2019,5,2
774,314,25375786.56,2019-08-09,5684.54,Resale,2019,8,3
775,314,56412103.68,2023-06-15,12637.12,Resale,2023,6,2
776,314,46654647.84,2024-04-13,10451.31,Sale,2024,4,2
777,314,45544004.64,2021-03-31,10202.51,Sale,2021,3,1
778,315,65962542.85,2020-06-21,7931.05,Resale,2020,6,2
779,316,50881511.94,2021-02-24,6256.18,Sale,2021,2,1
780,317,70087311.36,2018-10-13,7349.76,Sale,2018,10,4
781,317,64722929.92,2019-03-31,6787.22,Sale,2019,3,1
782,318,7382116.76,2018-02-09,8220.62,Resale,2018,2,1
783,318,5604965.78,2018-12-18,6241.61,Sale,2018,12,4
784,318,5213689.22,2019-10-04,5805.89,Resale,2019,10,4
785,319,53949114.45,2022-12-28,8649.85,Sale,2022,12,4
786,320,13766853.87,2021-07-01,11368.17,Resale,2021,7,3
787,320,11776502.71,2018-06-07,9724.61,Resale,2018,6,2
788,320,11673252.85,2022-08-24,9639.35,Sale,2022,8,3
789,321,11085462.0,2018-07-15,7245.4,Resale,2018,7,3
790,321,17230095.0,2023-01-31,11261.5,Sale,2023,1,1
791,321,17255584.8,2021-04-27,11278.16,Resale,2021,4,2
792,322,3328705.35,2018-10-11,6863.31,Sale,2018,10,4
793,322,4196903.85,2020-03-21,8653.41,Sale,2020,3,1
794,323,15266821.05,2021-12-19,7889.83,Resale,2021,12,4
795,323,12444642.9,2021-01-18,6431.34,Resale,2021,1,1
796,323,20137080.6,2023-04-25,10406.76,Sale,2023,4,2
797,324,18212530.05,2023-02-18,11974.05,Resale,2023,2,1
798,324,18398304.99,2023-04-19,12096.19,Resale,2023,4,2
799,325,48143717.16,2023-02-07,25553.99,Resale,2023,2,1
800,326,7081185.0,2020-06-30,11608.5,Sale,2020,6,2
801,327,57558639.53,2020-12-23,20104.31,Resale,2020,12,4
802,327,76452864.88,2023-11-22,26703.76,Resale,2023,11,4
803,327,54948442.43,2018-01-16,19192.61,Sale,2018,1,1
804,327,53177419.26,2020-10-08,18574.02,Sale,2020,10,4
805,328,13548714.85,2022-05-30,10847.65,Resale,2022,5,2
806,328,12072933.92,2018-12-31,9666.08,Sale,2018,12,4
807,329,21789648.0,2021-05-15,7017.6,Sale,2021,5,2
808,329,22329421.2,2018-01-18,7191.44,Resale,2018,1,1
809,329,20565594.9,2018-03-11,6623.38,Sale,2018,3,1
810,329,22373139.6,2019-11-19,7205.52,Resale,2019,11,4
811,330,14492993.68,2021-12-07,9687.83,Sale,2021,12,4
812,330,10920081.92,2018-09-25,7299.52,Sale,2018,9,3
813,330,12462846.88,2021-11-25,8330.78,Resale,2021,11,4
814,330,12856594.08,2022-06-13,8593.98,Sale,2022,6,2
815,331,2988910.26,2018-05-29,6886.89,Sale,2018,5,2
816,332,136994772.42,2023-12-27,24276.94,Resale,2023,12,4
817,333,16361224.08,2021-04-24,24714.84,Resale,2021,4,2
818,333,11703683.36,2019-01-23,17679.28,Sale,2019,1,1
819,333,12900930.22,2021-08-12,19487.81,Sale,2021,8,3
820,334,3878126.4,2018-06-03,8079.43,Resale,2018,6,2
821,334,3695443.2,2021-03-28,7698.84,Sale,2021,3,1
822,334,3447129.6,2018-09-09,7181.52,Resale,2018,9,3
823,334,3870518.4,2022-12-11,8063.58,Resale,2022,12,4
824,335,4250610.0,2023-03-16,6747.0,Resale,2023,3,1
825,335,5701676.4,2024-04-18,9050.28,Resale,2024,4,2
826,335,6035891.4,2023-10-27,9580.78,Resale,2023,10,4
827,335,5283860.4,2023-09-15,8387.08,Resale,2023,9,3
828,336,21798353.5,2023-03-30,19239.5,Sale,2023,3,1
829,337,44608071.87,2022-07-19,8165.49,Sale,2022,7,3
830,337,32288296.68,2018-04-14,5910.36,Sale,2018,4,2
831,338,14293353.94,2023-04-04,5793.82,Sale,2023,4,2
832,338,15879856.97,2018-10-22,6436.91,Resale,2018,10,4
833,338,22141152.31,2023-06-15,8974.93,Sale,2023,6,2
834,338,23792216.73,2023-05-23,9644.19,Resale,2023,5,2
835,339,76574080.73,2020-03-19,8814.79,Sale,2020,3,1
836,339,60876150.51,2018-06-01,7007.73,Resale,2018,6,2
837,339,81628611.68,2023-12-02,9396.64,Sale,2023,12,4
838,340,20901024.1,2018-10-30,5920.97,Resale,2018,10,4
840,342,36461701.26,2018-05-30,7488.54,Resale,2018,5,2
841,343,89500981.15,2019-11-29,18239.45,Sale,2019,11,4
842,344,42014212.47,2021-03-19,11488.71,Resale,2021,3,1
843,344,35207950.35,2018-12-19,9627.55,Resale,2018,12,4
844,344,45689241.48,2021-09-30,12493.64,Resale,2021,9,3
845,345,10389191.82,2021-02-18,8110.22,Sale,2021,2,1
846,345,9143701.14,2020-08-09,7137.94,Sale,2020,8,3
847,345,10971662.52,2023-10-27,8564.92,Resale,2023,10,4
848,345,13507504.5,2024-05-01,10544.5,Resale,2024,5,2
849,346,9106150.8,2022-03-13,6203.1,Sale,2022,3,1
851,346,13735738.36,2023-05-21,9356.77,Sale,2023,5,2
852,347,14024930.55,2020-08-17,7520.07,Resale,2020,8,3
853,347,13607282.45,2020-09-25,7296.13,Sale,2020,9,3
854,348,35923352.58,2021-06-28,6965.94,Sale,2021,6,2
855,349,6546144.87,2022-07-14,17740.23,Resale,2022,7,3
856,349,6872606.55,2020-05-28,18624.95,Resale,2020,5,2
857,349,7346103.66,2019-04-03,19908.14,Resale,2019,4,2
858,349,8027668.8,2023-02-13,21755.2,Sale,2023,2,1
859,350,13978511.1,2023-02-05,9362.7,Sale,2023,2,1
860,351,4574964.43,2022-10-18,7137.23,Sale,2022,10,4
861,351,4610065.59,2021-01-23,7191.99,Resale,2021,1,1
862,351,4789173.81,2019-09-16,7471.41,Sale,2019,9,3
863,352,109742037.44,2023-11-25,22341.62,Resale,2023,11,4
864,352,100232552.8,2021-09-11,20405.65,Sale,2021,9,3
865,352,86483963.04,2019-09-21,17606.67,Resale,2019,9,3
866,353,5779439.16,2024-03-16,7960.66,Resale,2024,3,1
867,353,5214734.58,2019-01-14,7182.83,Resale,2019,1,1
868,353,4992912.54,2018-11-17,6877.29,Sale,2018,11,4
869,353,5720204.82,2021-01-25,7879.07,Sale,2021,1,1
870,354,40024046.72,2023-05-27,21669.76,Resale,2023,5,2
871,355,8572591.25,2018-05-17,6830.75,Resale,2018,5,2
872,355,10467440.45,2018-01-25,8340.59,Resale,2018,1,1
873,355,9035749.0,2022-01-30,7199.8,Sale,2022,1,1
874,355,14005034.45,2023-05-11,11159.39,Sale,2023,5,2
875,356,14623717.32,2023-03-10,9208.89,Sale,2023,3,1
876,356,11528276.56,2019-05-01,7259.62,Sale,2019,5,2
877,356,15360787.52,2022-05-11,9673.04,Sale,2022,5,2
879,357,18043526.88,2024-04-01,11096.88,Sale,2024,4,2
880,357,17260006.26,2022-02-28,10615.01,Resale,2022,2,1
881,358,92814357.6,2021-05-23,9338.4,Resale,2021,5,2
882,358,58264107.63,2020-05-04,5862.17,Resale,2020,5,2
883,358,75952844.1,2018-03-05,7641.9,Sale,2018,3,1
884,358,98311717.89,2021-04-27,9891.51,Resale,2021,4,2
886,359,4322415.9,2020-08-03,16753.55,Sale,2020,8,3
887,359,5835642.66,2020-10-23,22618.77,Sale,2020,10,4
888,360,8035730.01,2019-02-10,11595.57,Resale,2019,2,1
889,360,7761225.78,2022-06-17,11199.46,Sale,2022,6,2
890,360,6385676.22,2022-01-23,9214.54,Resale,2022,1,1
891,360,7268627.52,2019-06-01,10488.64,Sale,2019,6,2
892,361,100631425.79,2018-04-08,20276.33,Sale,2018,4,2
893,361,108923655.82,2022-05-15,21947.14,Sale,2022,5,2
894,361,76569362.52,2018-01-30,15428.04,Sale,2018,1,1
895,362,5033431.6,2019-04-01,10664.05,Sale,2019,4,2
896,363,15675013.98,2021-08-31,19280.46,Resale,2021,8,3
897,364,12446912.94,2022-08-28,8444.31,Sale,2022,8,3
898,365,39459778.48,2020-02-28,23929.52,Resale,2020,2,1
899,365,26626468.96,2020-10-30,16147.04,Sale,2020,10,4
900,365,34890234.58,2019-07-25,21158.42,Sale,2019,7,3
901,365,32419735.76,2020-08-04,19660.24,Sale,2020,8,3
902,366,26919024.44,2024-03-27,23949.31,Sale,2024,3,1
903,367,9769985.28,2023-12-15,8971.52,Resale,2023,12,4
904,367,7964858.88,2022-03-18,7313.92,Sale,2022,3,1
905,368,16311588.21,2023-05-13,10050.27,Sale,2023,5,2
906,368,12857146.32,2020-03-16,7921.84,Sale,2020,3,1
907,368,16766076.9,2018-10-29,10330.3,Sale,2018,10,4
908,368,15630187.89,2020-12-16,9630.43,Resale,2020,12,4
909,369,6183427.32,2023-07-16,9722.37,Resale,2023,7,3
910,370,16028436.25,2022-08-18,10510.45,Resale,2022,8,3
911,370,13937661.25,2021-07-22,9139.45,Resale,2021,7,3
912,371,25906655.16,2019-07-22,8000.82,Sale,2019,7,3
913,372,22436048.7,2023-12-13,12160.46,Sale,2023,12,4
914,373,19943464.76,2018-03-27,6315.22,Resale,2018,3,1
915,373,23823130.92,2020-05-23,7543.74,Sale,2020,5,2
916,374,34633508.56,2021-03-23,18791.92,Sale,2021,3,1
917,374,48614948.88,2023-05-23,26378.16,Resale,2023,5,2
918,374,38318863.51,2018-09-16,20791.57,Sale,2018,9,3
919,374,36196704.3,2018-04-30,19640.1,Sale,2018,4,2
920,375,3549801.42,2022-08-21,7700.22,Resale,2022,8,3
921,375,3198911.27,2019-04-22,6939.07,Resale,2019,4,2
922,376,10237480.42,2022-10-01,26521.97,Sale,2022,10,4
923,376,9459099.84,2021-07-21,24505.44,Sale,2021,7,3
924,377,103322653.14,2023-03-10,14499.39,Resale,2023,3,1
925,377,68589959.06,2021-01-26,9625.31,Sale,2021,1,1
926,377,64329181.14,2020-09-25,9027.39,Sale,2020,9,3
927,377,72988268.78,2020-07-11,10242.53,Sale,2020,7,3
928,378,8204011.68,2020-01-06,21144.36,Resale,2020,1,1
929,378,7276633.48,2019-07-28,18754.21,Sale,2019,7,3
930,379,83668943.27,2023-02-04,22305.77,Sale,2023,2,1
931,379,82453844.33,2019-12-18,21981.83,Resale,2019,12,4
932,379,74796815.5,2020-09-11,19940.5,Resale,2020,9,3
933,379,64592820.16,2020-12-01,17220.16,Resale,2020,12,4
934,380,17552128.89,2020-02-03,17499.63,Resale,2020,2,1
935,380,20819973.1,2020-01-28,20757.7,Resale,2020,1,1
936,381,14877530.85,2020-11-23,13712.01,Resale,2020,11,4
937,381,11207800.45,2023-11-01,10329.77,Resale,2023,11,4
938,381,10523556.05,2020-10-14,9699.13,Resale,2020,10,4
940,382,23452402.95,2019-04-21,17971.19,Sale,2019,4,2
941,382,29233148.4,2021-06-20,22400.88,Sale,2021,6,2
942,382,32231151.0,2020-06-23,24698.2,Sale,2020,6,2
943,383,2750159.72,2020-11-20,8929.09,Sale,2020,11,4
944,383,3469866.4,2023-10-30,11265.8,Sale,2023,10,4
945,383,3080837.76,2021-08-05,10002.72,Resale,2021,8,3
946,383,2947211.96,2023-05-16,9568.87,Sale,2023,5,2
947,384,87305160.0,2021-07-23,25240.0,Resale,2021,7,3
948,384,57888198.27,2018-08-17,16735.53,Resale,2018,8,3
949,384,59058101.25,2019-11-15,17073.75,Resale,2019,11,4
950,385,9712811.4,2018-08-02,17040.02,Sale,2018,8,3
951,385,13456223.7,2021-12-30,23607.41,Sale,2021,12,4
952,385,11022933.6,2019-09-15,19338.48,Sale,2019,9,3
953,385,10399536.0,2020-12-27,18244.8,Resale,2020,12,4
954,386,15469215.6,2023-04-01,8864.88,Sale,2023,4,2
955,386,13195428.25,2019-04-22,7561.85,Resale,2019,4,2
956,387,22158036.57,2022-06-14,8037.01,Resale,2022,6,2
957,387,17415665.73,2018-04-03,6316.89,Sale,2018,4,2
958,388,32016482.4,2020-02-19,8167.47,Resale,2020,2,1
959,388,32411775.2,2023-09-15,8268.31,Resale,2023,9,3
961,390,40143286.26,2021-08-01,9654.47,Resale,2021,8,3
962,390,46124652.42,2024-05-14,11092.99,Resale,2024,5,2
963,391,9265359.87,2020-07-20,8986.77,Resale,2020,7,3
964,391,12257744.58,2024-05-28,11889.18,Sale,2024,5,2
965,391,11509413.85,2022-01-10,11163.35,Resale,2022,1,1
966,391,10611990.21,2024-06-29,10292.91,Resale,2024,6,2
967,392,9547582.44,2018-10-04,6575.47,Sale,2018,10,4
968,392,11287688.28,2020-11-09,7773.89,Resale,2020,11,4
969,392,9178324.32,2021-01-08,6321.16,Sale,2021,1,1
970,393,4319810.56,2018-09-21,8437.13,Resale,2018,9,3
971,394,4269999.52,2022-05-23,8608.87,Resale,2022,5,2
972,394,2802524.0,2018-02-18,5650.25,Sale,2018,2,1
973,395,80126297.1,2019-08-31,18356.54,Resale,2019,8,3
974,395,110148985.35,2022-05-29,25234.59,Resale,2022,5,2
976,395,87680758.95,2019-02-28,20087.23,Sale,2019,2,1
977,396,48804998.0,2024-03-25,11991.4,Resale,2024,3,1
978,396,36491620.0,2019-10-19,8966.0,Sale,2019,10,4
979,396,45509315.5,2020-05-01,11181.65,Sale,2020,5,2
980,397,63141469.75,2024-02-03,13904.75,Sale,2024,2,1
981,398,171215698.2,2022-06-18,19222.6,Sale,2022,6,2
982,398,177841793.64,2018-05-12,19966.52,Sale,2018,5,2
983,398,202159863.18,2024-06-25,22696.74,Sale,2024,6,2
984,399,13293728.28,2024-04-07,8538.04,Sale,2024,4,2
985,399,13907466.54,2023-09-26,8932.22,Resale,2023,9,3
986,399,13659420.87,2020-07-03,8772.91,Sale,2020,7,3
987,400,4793092.74,2018-06-11,6741.34,Resale,2018,6,2
988,401,13054802.76,2018-12-07,9304.92,Sale,2018,12,4
989,401,16319681.97,2022-12-13,11631.99,Sale,2022,12,4
990,402,21781433.16,2021-12-17,11215.98,Resale,2021,12,4
991,402,23444464.86,2024-02-10,12072.33,Resale,2024,2,1
992,402,19931503.38,2019-09-04,10263.39,Sale,2019,9,3
993,402,16094402.68,2018-01-11,8287.54,Resale,2018,1,1
994,403,5101670.6,2018-01-27,7546.85,Sale,2018,1,1
995,403,6784221.08,2023-01-14,10035.83,Sale,2023,1,1
996,404,13366651.62,2019-07-19,8042.51,Resale,2019,7,3
997,404,14204399.34,2020-11-03,8546.57,Sale,2020,11,4
998,404,15230900.4,2022-11-25,9164.2,Sale,2022,11,4
999,405,11536132.9,2022-10-27,9902.26,Sale,2022,10,4
1000,405,7355681.85,2022-06-09,6313.89,Resale,2022,6,2
1001,405,8990479.75,2018-09-29,7717.15,Sale,2018,9,3
1002,405,11904051.55,2021-09-02,10218.07,Resale,2021,9,3
1003,406,12509358.84,2019-01-10,6375.82,Sale,2019,1,1
1004,406,11630127.78,2018-03-17,5927.69,Resale,2018,3,1
1005,406,14721533.46,2018-11-27,7503.33,Sale,2018,11,4
1006,407,24277017.98,2021-05-28,18877.93,Resale,2021,5,2
1007,408,3406348.65,2019-06-12,6826.35,Resale,2019,6,2
1008,408,3778088.68,2019-12-10,7571.32,Sale,2019,12,4
1009,409,33392091.24,2018-02-22,5876.82,Sale,2018,2,1
1010,410,25817284.9,2018-02-13,19890.05,Resale,2018,2,1
1011,410,22415655.24,2019-07-06,17269.38,Sale,2019,7,3
1012,410,27300107.12,2020-09-12,21032.44,Resale,2020,9,3
1013,410,24161595.04,2018-06-06,18614.48,Sale,2018,6,2
1014,411,23796588.0,2018-01-12,21594.0,Sale,2018,1,1
1015,411,26679552.24,2021-01-17,24210.12,Sale,2021,1,1
1016,412,13068439.6,2020-03-19,7341.82,Resale,2020,3,1
1017,412,12471819.2,2021-09-17,7006.64,Sale,2021,9,3
1018,412,18649594.0,2024-06-10,10477.3,Sale,2024,6,2
1019,413,11879413.78,2024-06-05,8773.57,Sale,2024,6,2
1020,413,12370848.08,2024-04-13,9136.52,Sale,2024,4,2
1021,413,8768950.82,2019-04-04,6476.33,Resale,2019,4,2
1022,413,12710350.04,2022-06-12,9387.26,Sale,2022,6,2
1023,414,81221356.35,2022-09-25,20588.43,Resale,2022,9,3
1024,415,35695475.65,2024-04-05,8802.83,Resale,2024,4,2
1025,415,31029062.75,2021-06-05,7652.05,Sale,2021,6,2
1026,415,30170659.8,2020-10-15,7440.36,Sale,2020,10,4
1027,415,28450204.4,2018-01-06,7016.08,Resale,2018,1,1
1028,416,39468785.4,2021-02-14,20621.1,Resale,2021,2,1
1029,416,31386767.28,2018-09-21,16398.52,Sale,2018,9,3
1030,416,33187611.6,2022-05-15,17339.4,Sale,2022,5,2
1031,417,2433971.3,2022-05-21,8786.9,Resale,2022,5,2
1032,417,2473211.12,2023-03-17,8928.56,Sale,2023,3,1
1033,417,1773686.4,2018-05-06,6403.2,Resale,2018,5,2
1034,417,2305194.0,2021-04-03,8322.0,Resale,2021,4,2
1035,418,20913620.84,2019-02-13,10519.93,Resale,2019,2,1
1036,419,20355773.15,2023-06-30,13261.09,Resale,2023,6,2
1037,420,18583047.7,2019-08-08,6053.11,Resale,2019,8,3
1038,420,21792978.3,2019-11-28,7098.69,Sale,2019,11,4
1039,420,25406399.0,2019-06-15,8275.7,Resale,2019,6,2
1040,421,3943135.06,2019-05-03,8841.11,Resale,2019,5,2
1041,422,10699162.16,2021-07-25,9578.48,Sale,2021,7,3
1042,423,88040370.56,2024-06-05,14264.48,Resale,2024,6,2
1043,423,49341498.52,2019-02-09,7994.41,Sale,2019,2,1
1044,423,66994344.32,2019-05-16,10854.56,Resale,2019,5,2
1045,423,56890101.4,2019-10-28,9217.45,Resale,2019,10,4
1046,424,27377454.78,2019-10-17,8811.54,Sale,2019,10,4
1047,424,21770220.81,2019-10-29,7006.83,Sale,2019,10,4
1048,424,28478699.86,2024-03-13,9165.98,Sale,2024,3,1
1049,425,16807296.18,2023-08-24,8954.34,Sale,2023,8,3
1050,425,13930230.58,2023-02-11,7421.54,Resale,2023,2,1
1051,425,12224976.08,2021-05-30,6513.04,Sale,2021,5,2
1052,426,13884812.48,2021-01-15,22540.28,Sale,2021,1,1
1053,426,14635784.24,2021-06-07,23759.39,Resale,2021,6,2
1054,426,14751561.44,2022-07-16,23947.34,Sale,2022,7,3
1055,427,12041750.08,2020-03-23,6660.26,Resale,2020,3,1
1056,427,13385274.88,2018-07-11,7403.36,Sale,2018,7,3
1057,427,11152159.84,2018-12-23,6168.23,Sale,2018,12,4
1058,428,70326947.04,2019-10-14,10006.68,Resale,2019,10,4
1059,428,84769838.44,2021-08-01,12061.73,Resale,2021,8,3
1060,428,73966115.72,2020-01-14,10524.49,Resale,2020,1,1
1061,429,16334975.22,2024-02-04,10397.82,Sale,2024,2,1
1062,429,12434355.03,2022-07-05,7914.93,Sale,2022,7,3
1063,429,11139552.54,2020-06-24,7090.74,Sale,2020,6,2
1064,429,12764594.94,2022-12-29,8125.14,Resale,2022,12,4
1065,430,21270924.81,2020-09-01,6107.07,Sale,2020,9,3
1066,431,34112628.44,2022-01-09,21240.74,Sale,2022,1,1
1067,431,36159266.66,2023-04-13,22515.11,Sale,2023,4,2
1068,431,37975026.32,2024-02-05,23645.72,Resale,2024,2,1
1069,432,5256848.16,2021-06-21,7916.94,Sale,2021,6,2
1070,433,14721965.52,2020-06-20,16578.79,Resale,2020,6,2
1071,433,16268213.28,2021-09-07,18320.06,Resale,2021,9,3
1072,434,27701083.0,2020-01-12,8268.98,Sale,2020,1,1
1073,434,19505475.5,2021-08-28,5822.53,Resale,2021,8,3
1074,434,31804397.5,2024-04-27,9493.85,Resale,2024,4,2
1075,435,15226053.94,2021-08-08,10143.94,Resale,2021,8,3
1076,435,17899139.81,2023-07-25,11924.81,Sale,2023,7,3
1077,435,16996888.71,2019-03-15,11323.71,Sale,2019,3,1
1078,435,17285245.82,2023-01-14,11515.82,Sale,2023,1,1
1079,436,20341919.87,2021-06-05,8245.61,Resale,2021,6,2
1080,437,7597184.4,2022-08-14,8116.65,Sale,2022,8,3
1081,437,7445140.56,2022-12-17,7954.21,Resale,2022,12,4
1082,437,6978245.04,2021-08-24,7455.39,Sale,2021,8,3
1083,437,6595832.88,2018-12-26,7046.83,Resale,2018,12,4
1084,438,9189140.66,2024-02-29,11165.42,Resale,2024,2,1
1085,439,18020268.9,2018-06-09,6049.1,Sale,2018,6,2
1086,439,24826449.78,2021-11-28,8333.82,Sale,2021,11,4
1087,439,23895661.23,2020-01-14,8021.37,Sale,2020,1,1
1088,439,18242889.57,2020-04-20,6123.83,Sale,2020,4,2
1089,440,35200612.27,2023-11-07,8439.37,Resale,2023,11,4
1090,440,23120019.84,2018-09-06,5543.04,Sale,2018,9,3
1091,440,37896121.02,2023-10-07,9085.62,Sale,2023,10,4
1092,440,25067251.19,2021-01-20,6009.89,Resale,2021,1,1
1093,441,23455637.32,2018-10-16,8617.06,Sale,2018,10,4
1094,441,23764938.18,2023-09-11,8730.69,Sale,2023,9,3
1095,441,17076276.46,2018-01-29,6273.43,Resale,2018,1,1
1096,441,21720253.44,2021-02-24,7979.52,Resale,2021,2,1
1097,442,11759872.0,2019-04-24,7349.92,Sale,2019,4,2
1098,443,15810422.64,2024-06-22,13547.92,Sale,2024,6,2
1099,443,13204453.29,2023-03-26,11314.87,Sale,2023,3,1
1100,443,10253880.51,2021-09-06,8786.53,Resale,2021,9,3
1101,443,8975070.24,2018-07-19,7690.72,Sale,2018,7,3
1102,444,67009296.06,2023-11-04,9412.74,Resale,2023,11,4
1103,444,75802542.48,2024-01-25,10647.92,Resale,2024,1,1
1104,445,11083980.72,2023-10-04,10320.28,Resale,2023,10,4
1105,445,10430720.22,2024-04-16,9712.03,Resale,2024,4,2
1106,446,95784735.6,2024-02-15,10625.04,Resale,2024,2,1
1107,447,25748599.46,2024-06-14,15048.86,Resale,2024,6,2
1108,447,21822282.21,2022-06-10,12754.11,Sale,2022,6,2
1109,448,22335418.47,2024-05-17,13594.29,Sale,2024,5,2
1110,449,35253496.92,2023-04-11,21135.19,Sale,2023,4,2
1111,450,82976088.0,2021-03-11,8556.0,Resale,2021,3,1
1112,450,78500654.96,2021-02-07,8094.52,Resale,2021,2,1
1113,450,88346355.5,2023-03-10,9109.75,Resale,2023,3,1
1114,450,85640322.56,2021-06-22,8830.72,Resale,2021,6,2
1115,451,38562781.92,2018-06-27,9387.24,Resale,2018,6,2
1116,452,92435755.05,2019-11-29,18845.21,Resale,2019,11,4
1117,452,81572308.2,2019-07-09,16630.44,Resale,2019,7,3
1118,452,100475197.2,2021-11-07,20484.24,Resale,2021,11,4
1119,452,101410531.65,2020-08-09,20674.93,Resale,2020,8,3
1120,453,13067360.58,2021-12-23,8535.18,Sale,2021,12,4
1121,453,13677984.62,2022-05-21,8934.02,Sale,2022,5,2
1122,453,13385089.01,2020-11-27,8742.71,Sale,2020,11,4
1123,453,13959275.25,2021-10-28,9117.75,Sale,2021,10,4
1124,454,55191998.4,2024-05-14,12148.8,Sale,2024,5,2
1125,454,47748928.92,2023-03-08,10510.44,Resale,2023,3,1
1126,454,53032210.77,2022-01-30,11673.39,Resale,2022,1,1
1127,455,62564458.32,2023-09-10,14853.86,Sale,2023,9,3
1128,455,51180096.24,2023-07-29,12151.02,Resale,2023,7,3
1129,455,45336704.4,2022-09-03,10763.7,Sale,2022,9,3
1130,455,50028409.08,2022-03-30,11877.59,Resale,2022,3,1
1131,456,89342563.2,2020-06-12,10800.6,Resale,2020,6,2
1132,456,79671106.24,2018-06-09,9631.42,Resale,2018,6,2
1133,456,97118574.08,2020-05-12,11740.64,Sale,2020,5,2
1134,457,26427907.12,2019-02-05,7763.78,Resale,2019,2,1
1135,457,35903179.4,2023-03-23,10547.35,Resale,2023,3,1
1136,457,25955500.0,2019-01-20,7625.0,Sale,2019,1,1
1137,457,33220282.76,2021-07-19,9759.19,Sale,2021,7,3
1138,458,12912066.64,2023-07-08,13394.26,Sale,2023,7,3
1139,459,59259401.04,2019-10-04,10595.28,Sale,2019,10,4
1140,459,61716517.8,2020-02-21,11034.6,Sale,2020,2,1
1141,459,83510928.69,2023-08-15,14931.33,Resale,2023,8,3
1142,459,67071479.72,2021-03-03,11992.04,Sale,2021,3,1
1143,460,133454387.43,2020-02-14,18105.33,Resale,2020,2,1
1144,460,161179814.25,2021-10-24,21866.75,Sale,2021,10,4
1145,461,36423037.36,2018-06-27,6777.64,Sale,2018,6,2
1146,461,52569865.24,2020-07-07,9782.26,Sale,2020,7,3
1147,461,45863220.72,2019-07-21,8534.28,Resale,2019,7,3
1148,462,12891694.52,2020-03-12,9751.66,Sale,2020,3,1
1149,462,10933058.98,2023-02-22,8270.09,Sale,2023,2,1
1150,462,12363317.56,2021-07-08,9351.98,Resale,2021,7,3
1151,463,14227426.08,2021-03-12,8881.04,Resale,2021,3,1
1152,464,2834927.64,2020-12-11,6342.12,Sale,2020,12,4
1153,464,3337543.38,2020-02-11,7466.54,Sale,2020,2,1
1154,465,72120472.24,2020-10-03,9262.84,Resale,2020,10,4
1155,465,62413043.16,2023-05-29,8016.06,Resale,2023,5,2
1156,466,6730091.95,2021-04-11,10598.57,Resale,2021,4,2
1157,467,11230073.4,2018-05-17,10283.95,Sale,2018,5,2
1158,467,13424523.84,2022-01-02,12293.52,Resale,2022,1,1
1159,467,15427688.64,2022-02-16,14127.92,Resale,2022,2,1
1160,468,57776357.88,2018-06-21,9003.64,Sale,2018,6,2
1161,468,54692347.68,2018-05-31,8523.04,Sale,2018,5,2
1162,468,62208130.59,2022-08-11,9694.27,Sale,2022,8,3
1163,468,71763428.61,2023-04-11,11183.33,Resale,2023,4,2
1164,469,25061491.2,2020-03-07,6315.9,Resale,2020,3,1
1165,470,30742493.76,2020-12-23,7907.02,Resale,2020,12,4
1166,470,58801451.04,2024-04-27,15123.83,Resale,2024,4,2
1167,470,45756588.96,2023-04-10,11768.67,Resale,2023,4,2
1168,471,14018626.24,2019-10-18,9032.62,Sale,2019,10,4
1169,472,13623745.78,2019-01-17,17158.37,Sale,2019,1,1
1170,472,17623552.54,2023-05-11,22195.91,Sale,2023,5,2
1171,473,31669588.56,2021-08-23,19263.74,Sale,2021,8,3
1172,473,33872647.2,2022-11-28,20603.8,Resale,2022,11,4
1173,473,34655848.8,2019-02-28,21080.2,Sale,2019,2,1
1174,473,33499229.04,2019-11-23,20376.66,Sale,2019,11,4
1175,474,6064506.56,2018-04-19,7735.34,Resale,2018,4,2
1176,474,7901238.24,2022-05-01,10078.11,Resale,2022,5,2
1177,475,72292502.46,2022-09-14,25285.94,Resale,2022,9,3
1178,475,50662223.34,2020-10-14,17720.26,Sale,2020,10,4
1179,475,54014458.02,2020-11-17,18892.78,Resale,2020,11,4
1180,476,4751692.47,2021-08-19,8380.41,Resale,2021,8,3
1181,476,6778502.01,2021-09-25,11955.03,Sale,2021,9,3
1182,476,4597094.25,2019-06-01,8107.75,Resale,2019,6,2
1183,477,4668088.5,2021-09-25,8365.75,Resale,2021,9,3
1184,477,4221576.9,2018-01-28,7565.55,Resale,2018,1,1
1185,478,12949107.6,2023-06-19,8441.4,Resale,2023,6,2
1186,478,12405289.26,2020-06-05,8086.89,Sale,2020,6,2
1187,478,12686226.02,2019-07-15,8270.03,Resale,2019,7,3
1188,478,13268793.2,2022-08-07,8649.8,Sale,2022,8,3
1189,479,64190749.48,2020-12-12,9164.87,Resale,2020,12,4
1190,480,11893810.6,2018-04-30,8915.9,Sale,2018,4,2
1191,481,8370982.8,2022-06-28,7750.91,Resale,2022,6,2
1192,481,6229364.4,2019-08-06,5767.93,Resale,2019,8,3
1193,482,17613107.4,2020-01-23,9388.65,Sale,2020,1,1
1194,483,17884883.36,2018-09-12,14991.52,Resale,2018,9,3
1195,483,22675792.41,2022-03-15,19007.37,Resale,2022,3,1
1196,484,29966360.0,2022-06-29,7491.59,Sale,2022,6,2
1197,485,6755579.4,2018-06-02,7800.9,Resale,2018,6,2
1198,485,9288863.22,2023-03-09,10726.17,Sale,2023,3,1
1199,485,4944591.54,2018-10-02,5709.69,Resale,2018,10,4
1200,485,7644182.0,2019-03-18,8827.0,Sale,2019,3,1
1201,486,12507730.96,2018-08-17,7783.28,Sale,2018,8,3
1202,487,58695423.2,2020-11-01,21966.85,Resale,2020,11,4
1203,487,49588285.28,2018-05-16,18558.49,Resale,2018,5,2
1204,488,53859130.65,2023-05-03,9794.35,Sale,2023,5,2
1205,488,35094727.98,2019-04-15,6382.02,Resale,2019,4,2
1206,488,33735980.07,2020-01-17,6134.93,Sale,2020,1,1
1207,488,47306577.24,2024-03-07,8602.76,Sale,2024,3,1
1208,489,5831517.42,2020-08-05,7652.91,Sale,2020,8,3
1209,489,6483073.14,2019-10-08,8507.97,Resale,2019,10,4
1210,490,11195601.48,2019-04-06,6038.62,Sale,2019,4,2
1211,490,14051521.62,2021-10-13,7579.03,Sale,2021,10,4
1212,491,11950940.43,2023-05-22,8282.01,Sale,2023,5,2
1213,492,28560840.0,2019-12-11,19040.56,Resale,2019,12,4
1214,492,20744250.0,2018-06-22,13829.5,Sale,2018,6,2
1215,493,13438422.24,2019-08-19,22509.92,Sale,2019,8,3
1216,493,14010091.53,2023-03-13,23467.49,Resale,2023,3,1
1217,494,5717785.59,2020-01-15,8702.87,Resale,2020,1,1
1218,494,4470852.15,2018-08-10,6804.95,Resale,2018,8,3
1219,494,5550960.15,2021-03-17,8448.95,Resale,2021,3,1
1220,495,5815575.56,2024-01-27,10809.62,Resale,2024,1,1
1221,495,4055056.64,2019-11-14,7537.28,Sale,2019,11,4
1222,495,3841788.06,2018-09-12,7140.87,Resale,2018,9,3
1223,495,3816066.28,2020-03-03,7093.06,Sale,2020,3,1
1224,496,16206728.23,2023-10-25,8516.41,Sale,2023,10,4
1225,496,11701984.69,2018-11-21,6149.23,Sale,2018,11,4
1226,497,11548940.59,2024-06-21,8676.89,Sale,2024,6,2
1227,497,12644792.82,2021-04-07,9500.22,Resale,2021,4,2
1228,497,14060484.35,2022-08-31,10563.85,Resale,2022,8,3
1229,497,9823898.04,2022-02-06,7380.84,Resale,2022,2,1
1230,498,4836294.71,2021-01-13,8651.69,Resale,2021,1,1
1231,498,4667141.31,2022-07-31,8349.09,Sale,2022,7,3
1232,499,18814717.56,2018-03-21,7589.64,Resale,2018,3,1
1233,499,18339170.99,2020-12-22,7397.81,Resale,2020,12,4
1234,499,17064989.78,2019-09-30,6883.82,Resale,2019,9,3
1235,499,17314600.29,2021-11-04,6984.51,Sale,2021,11,4
1236,500,53696163.74,2023-03-04,9549.38,Sale,2023,3,1
1237,500,71796488.28,2023-01-30,12768.36,Resale,2023,1,1
1238,500,59080636.08,2020-10-23,10506.96,Resale,2020,10,4
1239,501,24002275.64,2024-02-21,25588.78,Resale,2024,2,1
1240,501,15669712.1,2018-02-27,16705.45,Resale,2018,2,1
1241,501,16588661.32,2018-01-15,17685.14,Resale,2018,1,1
1242,501,22923594.4,2022-09-03,24438.8,Resale,2022,9,3
1243,502,32267074.84,2023-04-02,10172.47,Resale,2023,4,2
1244,502,19063973.76,2018-08-05,6010.08,Resale,2018,8,3
1245,502,20516464.28,2018-12-20,6467.99,Sale,2018,12,4
1246,502,24050897.0,2023-10-07,7582.25,Resale,2023,10,4
1247,503,18554097.76,2024-02-14,9749.92,Resale,2024,2,1
1248,503,15618701.23,2019-09-28,8207.41,Resale,2019,9,3
1249,504,141190803.6,2019-07-13,18441.85,Sale,2019,7,3
1250,505,17288937.57,2018-10-19,8284.11,Resale,2018,10,4
1251,505,20190514.54,2020-11-19,9674.42,Sale,2020,11,4
1252,505,29736849.07,2022-11-28,14248.61,Sale,2022,11,4
1253,505,21469553.36,2018-01-06,10287.28,Resale,2018,1,1
1254,506,4182009.65,2023-07-12,9191.23,Sale,2023,7,3
1255,506,3992420.25,2023-10-15,8774.55,Resale,2023,10,4
1256,507,3783185.38,2021-10-02,7658.27,Resale,2021,10,4
1257,508,18195111.12,2024-02-02,10908.34,Sale,2024,2,1
1258,508,14671361.04,2020-04-04,8795.78,Sale,2020,4,2
1259,508,17346282.6,2022-07-03,10399.45,Resale,2022,7,3
1260,508,15686706.0,2021-06-05,9404.5,Resale,2021,6,2
1261,509,49427249.44,2018-09-20,8343.56,Sale,2018,9,3
1262,509,68463312.56,2023-03-25,11556.94,Sale,2023,3,1
1263,509,56343341.72,2019-05-20,9511.03,Sale,2019,5,2
1264,510,128190891.22,2019-07-01,17659.58,Resale,2019,7,3
1265,510,155037794.59,2020-09-02,21358.01,Resale,2020,9,3
1266,510,150684209.34,2021-01-11,20758.26,Sale,2021,1,1
1267,511,6547445.72,2018-03-15,6667.46,Sale,2018,3,1
1268,511,7905237.48,2024-06-20,8050.14,Sale,2024,6,2
1269,511,9402650.0,2024-03-28,9575.0,Resale,2024,3,1
1270,511,8123732.48,2024-03-28,8272.64,Sale,2024,3,1
1271,512,65907591.48,2018-01-12,8351.19,Sale,2018,1,1
1272,512,69878214.52,2023-04-15,8854.31,Sale,2023,4,2
1273,512,71001246.12,2023-10-09,8996.61,Resale,2023,10,4
1274,512,76932794.4,2023-06-14,9748.2,Sale,2023,6,2
1275,513,13164118.84,2019-11-30,7561.24,Sale,2019,11,4
1276,513,16334880.27,2023-05-19,9382.47,Resale,2023,5,2
1277,513,14551382.46,2019-02-28,8358.06,Sale,2019,2,1
1278,514,9885364.8,2021-03-14,8279.2,Sale,2021,3,1
1279,514,9084369.9,2021-03-13,7608.35,Sale,2021,3,1
1280,514,8139856.2,2020-07-10,6817.3,Resale,2020,7,3
1281,514,10385447.82,2024-02-23,8698.03,Resale,2024,2,1
1282,515,54370312.75,2022-04-03,10225.75,Resale,2022,4,2
1283,515,32885910.85,2019-09-14,6185.05,Resale,2019,9,3
1284,515,41615733.64,2022-08-16,7826.92,Sale,2022,8,3
1285,515,36240937.85,2018-08-08,6816.05,Resale,2018,8,3
1286,516,3913841.26,2019-01-11,6678.91,Sale,2019,1,1
1287,517,4304940.59,2018-07-29,8558.53,Resale,2018,7,3
1288,518,7845566.63,2019-03-11,9028.27,Resale,2019,3,1
1289,519,17177732.0,2018-04-26,6749.6,Sale,2018,4,2
1290,519,18695010.1,2018-02-18,7345.78,Resale,2018,2,1
1291,519,14270094.95,2018-07-16,5607.11,Sale,2018,7,3
1292,520,56836432.8,2021-03-29,6655.32,Resale,2021,3,1
1293,520,65426135.6,2019-11-01,7661.14,Sale,2019,11,4
1294,520,70618370.2,2019-12-21,8269.13,Sale,2019,12,4
1295,521,8610859.84,2018-02-18,9239.12,Sale,2018,2,1
1296,522,8954899.94,2022-02-01,10750.18,Resale,2022,2,1
1297,522,9373174.23,2021-01-06,11252.31,Resale,2021,1,1
1298,522,6089088.39,2021-09-29,7309.83,Sale,2021,9,3
1299,522,9551877.72,2022-09-26,11466.84,Resale,2022,9,3
1300,523,154124313.66,2021-06-20,18573.67,Resale,2021,6,2
1301,523,173412931.68,2019-11-16,20898.16,Resale,2019,11,4
1302,523,116674111.98,2019-09-12,14060.51,Resale,2019,9,3
1303,523,154673309.34,2020-11-22,18639.83,Sale,2020,11,4
1304,524,7291768.2,2021-02-26,10567.78,Sale,2021,2,1
1305,525,18343072.17,2021-03-10,9649.17,Sale,2021,3,1
1306,525,19278953.48,2021-12-01,10141.48,Sale,2021,12,4
1307,525,23517689.22,2022-12-11,12371.22,Resale,2022,12,4
1308,525,17058699.54,2018-06-11,8973.54,Resale,2018,6,2
1309,526,12410756.82,2020-02-08,17908.74,Sale,2020,2,1
1310,527,2547621.16,2020-07-30,8724.73,Resale,2020,7,3
1311,527,2610894.64,2022-10-02,8941.42,Resale,2022,10,4
1312,527,2877408.88,2024-06-06,9854.14,Resale,2024,6,2
1313,527,2263105.12,2022-04-03,7750.36,Sale,2022,4,2
1315,528,12844844.0,2021-11-07,6836.0,Resale,2021,11,4
1316,528,10736342.94,2018-12-29,5713.86,Resale,2018,12,4
1317,528,13351272.08,2021-05-18,7105.52,Sale,2021,5,2
1318,529,20131509.42,2023-11-04,10518.03,Resale,2023,11,4
1319,529,21649120.02,2022-05-21,11310.93,Sale,2022,5,2
1320,529,22475317.26,2021-01-31,11742.59,Resale,2021,1,1
1321,530,24176001.9,2023-10-13,13210.93,Sale,2023,10,4
1322,531,42258666.16,2021-10-14,9089.84,Resale,2021,10,4
1323,531,30779866.75,2019-12-02,6620.75,Resale,2019,12,4
1324,532,5700466.98,2021-12-27,10695.06,Resale,2021,12,4
1325,533,15207328.83,2020-12-23,9312.51,Resale,2020,12,4
1326,533,9257183.06,2018-04-20,5668.82,Resale,2018,4,2
1327,533,14874033.53,2020-05-06,9108.41,Sale,2020,5,2
1328,534,10921621.23,2022-03-12,7096.57,Sale,2022,3,1
1329,534,12220244.82,2021-07-23,7940.38,Sale,2021,7,3
1330,534,13018785.75,2022-12-13,8459.25,Sale,2022,12,4
1331,535,6947275.92,2019-04-23,19514.82,Sale,2019,4,2
1332,536,51104894.19,2023-10-24,11533.49,Resale,2023,10,4
1333,537,9700647.36,2023-12-29,8144.96,Resale,2023,12,4
1334,538,39550932.8,2022-10-04,17928.8,Resale,2022,10,4
1335,538,46375237.92,2020-06-29,21022.32,Sale,2020,6,2
1336,538,38897758.26,2018-11-09,17632.71,Sale,2018,11,4
1337,538,52515991.88,2022-01-02,23805.98,Resale,2022,1,1
1338,539,213044682.36,2023-08-11,25876.92,Sale,2023,8,3
1339,540,95482223.8,2023-02-03,11652.7,Sale,2023,2,1
1340,541,7042795.76,2023-12-19,12312.58,Sale,2023,12,4
1341,541,5237106.16,2018-06-13,9155.78,Sale,2018,6,2
1342,541,6630252.2,2019-08-29,11591.35,Resale,2019,8,3
1343,542,172762262.56,2019-09-27,18231.56,Resale,2019,9,3
1344,542,203456447.96,2023-07-22,21470.71,Sale,2023,7,3
1345,542,188594952.88,2018-02-05,19902.38,Resale,2018,2,1
1346,543,3938942.84,2021-04-29,6814.78,Sale,2021,4,2
1347,543,5349968.0,2024-06-10,9256.0,Resale,2024,6,2
1348,543,5005537.8,2024-02-23,8660.1,Sale,2024,2,1
1349,544,61943097.59,2018-09-21,6420.97,Resale,2018,9,3
1350,544,105359035.21,2023-04-12,10921.43,Resale,2023,4,2
1351,545,2799962.16,2023-01-05,10447.62,Resale,2023,1,1
1352,545,2611413.44,2022-05-03,9744.08,Sale,2022,5,2
1353,545,2354621.2,2021-04-22,8785.9,Sale,2021,4,2
1354,546,5868823.17,2023-02-10,10729.11,Sale,2023,2,1
1355,546,6600714.64,2023-05-28,12067.12,Resale,2023,5,2
1356,547,23674370.05,2020-01-09,10785.59,Sale,2020,1,1
1357,547,22653914.55,2020-12-10,10320.69,Resale,2020,12,4
1358,547,19979614.35,2018-11-18,9102.33,Resale,2018,11,4
1359,547,21070353.75,2020-01-21,9599.25,Resale,2020,1,1
1360,548,246183589.47,2024-01-02,25283.31,Sale,2024,1,1
1361,548,193770389.54,2021-01-16,19900.42,Resale,2021,1,1
1362,548,201463982.72,2019-08-14,20690.56,Sale,2019,8,3
1363,549,21979500.69,2023-01-01,17739.71,Resale,2023,1,1
1365,549,25556667.15,2024-01-29,20626.85,Resale,2024,1,1
1366,549,25279502.85,2023-04-12,20403.15,Resale,2023,4,2
1367,550,47783920.56,2021-02-15,11141.04,Resale,2021,2,1
1368,550,53432705.12,2023-10-02,12458.08,Resale,2023,10,4
1369,550,62696173.1,2023-01-26,14617.9,Resale,2023,1,1
1370,551,14745951.48,2020-08-23,7538.83,Resale,2020,8,3
1371,552,15854462.3,2019-04-19,9493.69,Sale,2019,4,2
1372,553,13676595.62,2022-08-31,22832.38,Sale,2022,8,3
1373,553,15151010.16,2021-09-06,25293.84,Resale,2021,9,3
1374,554,71353950.56,2023-02-02,11747.44,Resale,2023,2,1
1375,554,41575132.98,2018-09-20,6844.77,Sale,2018,9,3
1376,555,2798700.22,2022-03-24,8584.97,Sale,2022,3,1
1377,555,2730109.82,2023-10-15,8374.57,Sale,2023,10,4
1378,555,2220731.56,2019-03-31,6812.06,Sale,2019,3,1
1379,556,3724741.28,2023-12-03,11151.92,Resale,2023,12,4
1380,556,2452364.94,2021-04-21,7342.41,Resale,2021,4,2
1381,556,1885065.94,2020-09-19,5643.91,Resale,2020,9,3
1382,557,59548152.51,2022-07-26,8367.03,Sale,2022,7,3
1383,557,52927634.43,2018-10-14,7436.79,Resale,2018,10,4
1384,557,58876663.56,2022-08-05,8272.68,Resale,2022,8,3
1385,558,197058968.85,2019-06-26,20229.85,Sale,2019,6,2
1386,558,191168780.97,2018-09-12,19625.17,Resale,2018,9,3
1387,559,10470440.14,2022-09-12,8167.27,Resale,2022,9,3
1388,560,40213975.32,2023-10-25,12481.06,Sale,2023,10,4
1389,560,36433344.96,2021-07-18,11307.68,Sale,2021,7,3
1390,560,23513479.38,2019-02-23,7297.79,Resale,2019,2,1
1391,561,12913693.35,2019-06-22,6984.15,Sale,2019,6,2
1392,562,3945007.94,2021-05-11,6222.41,Sale,2021,5,2
1393,562,4594376.1,2020-10-13,7246.65,Sale,2020,10,4
1394,562,4341200.88,2020-05-23,6847.32,Resale,2020,5,2
1395,562,4910279.28,2019-12-23,7744.92,Resale,2019,12,4
1396,563,17802372.87,2024-01-09,12598.99,Resale,2024,1,1
1397,564,14354893.63,2021-03-10,8105.53,Resale,2021,3,1
1398,564,14621145.77,2023-02-14,8255.87,Resale,2023,2,1
1399,565,13061309.67,2020-02-10,8199.19,Sale,2020,2,1
1400,565,8871942.69,2019-03-07,5569.33,Sale,2019,3,1
1401,565,9241805.43,2018-11-10,5801.51,Sale,2018,11,4
1402,565,16255784.43,2024-02-05,10204.51,Sale,2024,2,1
1403,566,25192225.02,2024-02-09,8377.86,Sale,2024,2,1
1404,566,19737045.9,2024-04-02,6563.7,Resale,2024,4,2
1405,566,31215546.72,2024-01-20,10380.96,Sale,2024,1,1
1406,566,27368541.27,2022-06-07,9101.61,Resale,2022,6,2
1407,567,16826760.67,2021-07-30,8964.71,Resale,2021,7,3
1408,568,36314095.95,2023-09-23,11832.55,Resale,2023,9,3
1409,568,43063256.61,2023-10-05,14031.69,Resale,2023,10,4
1410,568,39422962.26,2022-03-23,12845.54,Sale,2022,3,1
1411,569,18827467.3,2022-11-09,9557.09,Resale,2022,11,4
1412,569,16370975.8,2021-04-29,8310.14,Sale,2021,4,2
1413,569,16891784.7,2023-11-12,8574.51,Sale,2023,11,4
1414,570,34379714.07,2024-03-06,9063.99,Sale,2024,3,1
1415,570,26559496.32,2021-10-18,7002.24,Sale,2021,10,4
1416,571,11476296.39,2019-12-03,7305.09,Resale,2019,12,4
1417,572,52871090.91,2018-06-19,9632.19,Resale,2018,6,2
1418,572,55846403.36,2021-01-21,10174.24,Resale,2021,1,1
1419,572,68950677.29,2023-11-25,12561.61,Resale,2023,11,4
1420,572,50277703.08,2019-12-21,9159.72,Sale,2019,12,4
1421,573,20539413.3,2023-01-14,12917.87,Sale,2023,1,1
1422,573,15098385.6,2021-09-06,9495.84,Sale,2021,9,3
1423,573,12498163.2,2018-07-02,7860.48,Sale,2018,7,3
1424,574,43069404.36,2020-06-21,7069.83,Sale,2020,6,2
1425,575,135871850.43,2019-01-09,20977.59,Sale,2019,1,1
1426,575,112419151.59,2020-05-08,17356.67,Sale,2020,5,2
1427,575,131271431.64,2018-03-10,20267.32,Sale,2018,3,1
1428,575,116071013.73,2022-11-07,17920.49,Resale,2022,11,4
1429,576,4145695.3,2021-04-15,7442.9,Sale,2021,4,2
1430,576,3728151.39,2022-12-18,6693.27,Resale,2022,12,4
1431,576,3381780.94,2024-02-11,6071.42,Resale,2024,2,1
1432,576,4006489.86,2019-07-12,7192.98,Resale,2019,7,3
1433,577,14356189.9,2020-02-02,7124.66,Resale,2020,2,1
1434,577,11555783.2,2019-08-13,5734.88,Resale,2019,8,3
1435,577,15234064.95,2022-04-01,7560.33,Sale,2022,4,2
1436,578,26561095.2,2019-09-05,20091.6,Sale,2019,9,3
1437,578,29568169.28,2023-09-03,22366.24,Resale,2023,9,3
1438,579,14695595.72,2024-04-17,8629.24,Sale,2024,4,2
1439,579,12437451.78,2021-01-05,7303.26,Resale,2021,1,1
1440,579,10295997.4,2018-11-24,6045.8,Sale,2018,11,4
1441,579,12745575.57,2022-07-24,7484.19,Sale,2022,7,3
1442,580,5926148.8,2020-06-27,6734.26,Resale,2020,6,2
1443,580,6139592.8,2021-11-22,6976.81,Resale,2021,11,4
1444,581,19398060.16,2020-09-21,17698.96,Resale,2020,9,3
1445,581,23348066.08,2022-10-08,21302.98,Sale,2022,10,4
1446,581,20398631.44,2020-03-01,18611.89,Sale,2020,3,1
1447,581,22348174.32,2023-01-30,20390.67,Resale,2023,1,1
1448,582,35594462.49,2018-08-18,19654.59,Resale,2018,8,3
1449,583,16546530.0,2020-05-22,11571.0,Resale,2020,5,2
1450,583,16730799.8,2023-12-14,11699.86,Resale,2023,12,4
1451,583,16864461.9,2023-04-09,11793.33,Sale,2023,4,2
1452,584,7732485.02,2019-05-31,17494.31,Resale,2019,5,2
1453,585,29557752.66,2019-06-03,7772.22,Sale,2019,6,2
1454,585,40630719.58,2024-03-05,10683.86,Resale,2024,3,1
1455,586,9405429.93,2018-04-03,17646.21,Resale,2018,4,2
1456,586,9533291.3,2019-10-31,17886.1,Resale,2019,10,4
1457,586,9987135.47,2018-06-21,18737.59,Sale,2018,6,2
1458,586,11496074.46,2021-09-18,21568.62,Resale,2021,9,3
1459,587,42061156.44,2021-04-04,7209.66,Resale,2021,4,2
1460,587,52084726.86,2023-11-05,8927.79,Sale,2023,11,4
1461,587,57378556.8,2024-06-28,9835.2,Resale,2024,6,2
1462,588,7238372.16,2018-06-08,8151.32,Resale,2018,6,2
1463,588,11055706.56,2019-03-04,12450.12,Sale,2019,3,1
1464,588,8087087.04,2022-08-30,9107.08,Resale,2022,8,3
1465,588,9758267.52,2024-04-04,10989.04,Sale,2024,4,2
1466,589,14824172.81,2022-09-22,8286.29,Resale,2022,9,3
1467,589,18307159.02,2022-06-26,10233.18,Resale,2022,6,2
1468,589,12144662.28,2020-08-11,6788.52,Resale,2020,8,3
1469,590,14803512.75,2022-04-06,9732.75,Sale,2022,4,2
1470,590,17217643.95,2021-05-01,11319.95,Resale,2021,5,2
1471,590,17264825.37,2023-10-11,11350.97,Resale,2023,10,4
1472,591,18003478.5,2023-08-08,12634.02,Sale,2023,8,3
1473,591,14241991.5,2020-04-28,9994.38,Sale,2020,4,2
1474,591,12886517.25,2020-01-01,9043.17,Sale,2020,1,1
1475,591,17426310.75,2019-10-30,12228.99,Resale,2019,10,4
1476,592,3530283.8,2021-12-13,6854.92,Resale,2021,12,4
1477,592,7002794.9,2022-11-28,13597.66,Sale,2022,11,4
1478,592,5154078.8,2018-02-13,10007.92,Resale,2018,2,1
1479,593,10022524.2,2020-09-06,7138.55,Resale,2020,9,3
1480,593,14202779.76,2021-07-05,10115.94,Resale,2021,7,3
1481,594,9938744.4,2022-09-24,9323.4,Resale,2022,9,3
1482,594,10754618.16,2018-05-11,10088.76,Resale,2018,5,2
1483,595,6008158.6,2018-04-09,6750.74,Resale,2018,4,2
1484,595,7737615.5,2020-04-25,8693.95,Sale,2020,4,2
1485,595,6906195.3,2018-12-15,7759.77,Sale,2018,12,4
1486,595,7288468.1,2018-07-13,8189.29,Sale,2018,7,3
1487,596,84401770.86,2024-06-16,12257.01,Sale,2024,6,2
1488,596,59181176.12,2019-04-26,8594.42,Sale,2019,4,2
1490,597,2596525.26,2019-08-12,7273.18,Sale,2019,8,3
1491,597,2614225.32,2020-10-11,7322.76,Resale,2020,10,4
1492,597,3018617.07,2022-10-04,8455.51,Sale,2022,10,4
1493,598,47571497.12,2024-02-24,24985.03,Sale,2024,2,1
1494,598,38196429.6,2018-06-06,20061.15,Sale,2018,6,2
1495,598,35999270.72,2019-04-25,18907.18,Resale,2019,4,2
1496,599,24935756.88,2020-04-26,8792.58,Resale,2020,4,2
1497,599,21244844.68,2021-02-21,7491.13,Sale,2021,2,1
1498,600,4161168.5,2022-07-12,7364.9,Resale,2022,7,3
1499,600,4278920.15,2018-03-28,7573.31,Sale,2018,3,1
1500,600,5550927.25,2023-01-17,9824.65,Resale,2023,1,1
1501,601,15681934.62,2023-09-27,12505.53,Resale,2023,9,3
1502,601,10081859.04,2018-10-18,8039.76,Resale,2018,10,4
1503,602,5455582.22,2022-02-07,7122.17,Resale,2022,2,1
1504,602,7157887.0,2022-02-16,9344.5,Resale,2022,2,1
1505,602,6772481.76,2021-04-26,8841.36,Resale,2021,4,2
1506,602,6423315.98,2023-07-20,8385.53,Resale,2023,7,3
1507,603,22139821.12,2024-05-23,15679.76,Resale,2024,5,2
1508,603,16625678.72,2022-02-15,11774.56,Sale,2022,2,1
1509,603,13003093.88,2021-11-04,9208.99,Resale,2021,11,4
1510,604,14028131.0,2022-05-04,10790.87,Sale,2022,5,2
1511,604,15922452.0,2024-04-25,12248.04,Sale,2024,4,2
1512,605,189115414.2,2019-04-15,19277.82,Resale,2019,4,2
1514,605,184453604.1,2021-03-18,18802.61,Sale,2021,3,1
1515,605,201777475.5,2024-04-09,20568.55,Sale,2024,4,2
1516,606,31363769.64,2019-10-20,20459.08,Resale,2019,10,4
1517,606,27470148.93,2019-06-21,17919.21,Resale,2019,6,2
1518,606,37756042.38,2019-08-11,24628.86,Sale,2019,8,3
1519,607,32047707.01,2023-12-10,9406.43,Sale,2023,12,4
1520,607,20749277.33,2018-11-01,6090.19,Resale,2018,11,4
1521,607,29934958.17,2021-07-07,8786.31,Sale,2021,7,3
1522,607,24086536.04,2018-10-02,7069.72,Sale,2018,10,4
1523,608,7645051.02,2021-05-11,11427.58,Resale,2021,5,2
1524,609,6869172.52,2021-04-24,8138.83,Resale,2021,4,2
1525,609,7323177.0,2021-08-02,8676.75,Sale,2021,8,3
1527,609,6841767.84,2018-06-15,8106.36,Sale,2018,6,2
1528,610,63315034.95,2022-04-29,13116.85,Resale,2022,4,2
1529,610,106959176.04,2023-03-13,22158.52,Sale,2023,3,1
1530,610,70248634.29,2018-04-16,14553.27,Sale,2018,4,2
1531,610,96363476.61,2021-05-14,19963.43,Sale,2021,5,2
1532,611,20108425.32,2022-01-24,22121.48,Sale,2022,1,1
1533,611,14852896.38,2019-12-07,16339.82,Sale,2019,12,4
1534,612,3627115.52,2021-03-11,7084.21,Resale,2021,3,1
1535,612,4722498.56,2018-02-09,9223.63,Sale,2018,2,1
1536,613,12395940.0,2022-11-23,10078.0,Sale,2022,11,4
1537,613,9036416.4,2021-04-01,7346.68,Sale,2021,4,2
1538,614,17479211.75,2019-01-05,7683.17,Sale,2019,1,1
1539,614,17457030.5,2018-12-29,7673.42,Sale,2018,12,4
1540,614,14155687.0,2022-01-21,6222.28,Sale,2022,1,1
1541,615,63251702.8,2023-05-13,11057.99,Resale,2023,5,2
1542,615,59289172.8,2024-05-16,10365.24,Sale,2024,5,2
1543,615,46499138.4,2018-04-21,8129.22,Resale,2018,4,2
1544,616,37168867.81,2020-11-01,24277.51,Sale,2020,11,4
1545,616,29995566.34,2019-07-13,19592.14,Sale,2019,7,3
1546,616,31976603.79,2019-09-23,20886.09,Resale,2019,9,3
1547,616,32347136.41,2021-05-23,21128.11,Resale,2021,5,2
1548,617,6623335.98,2018-12-20,5983.14,Sale,2018,12,4
1549,618,4327399.25,2020-04-15,10900.25,Resale,2020,4,2
1550,619,29914099.14,2020-12-09,9018.42,Resale,2020,12,4
1551,619,31334272.69,2023-04-22,9446.57,Sale,2023,4,2
1552,620,106631026.88,2020-05-27,10671.64,Resale,2020,5,2
1553,620,81198988.8,2019-12-22,8126.4,Resale,2019,12,4
1554,621,26583036.48,2024-02-18,26556.48,Resale,2024,2,1
1555,621,20928297.39,2018-12-24,20907.39,Sale,2018,12,4
1556,621,24560616.08,2023-07-15,24536.08,Sale,2023,7,3
1557,621,16677020.36,2021-04-04,16660.36,Sale,2021,4,2
1558,622,16707856.08,2019-04-23,11412.47,Sale,2019,4,2
1559,623,3207130.5,2019-11-09,6108.82,Sale,2019,11,4
1560,624,18704075.44,2023-08-21,9523.46,Sale,2023,8,3
1561,624,17158603.84,2020-07-05,8736.56,Sale,2020,7,3
1562,625,21736516.44,2021-04-02,11995.87,Resale,2021,4,2
1563,626,37493680.77,2019-10-29,7479.29,Sale,2019,10,4
1564,627,35178848.04,2024-06-27,9653.91,Resale,2024,6,2
1565,628,32589311.0,2021-05-22,21370.04,Resale,2021,5,2
1566,628,34121570.0,2019-10-09,22374.8,Sale,2019,10,4
1567,628,30698692.25,2019-04-25,20130.29,Sale,2019,4,2
1569,629,9101299.1,2018-10-15,6921.14,Sale,2018,10,4
1570,629,9488001.15,2020-02-27,7215.21,Resale,2020,2,1
1571,630,24310520.34,2024-04-19,12524.74,Sale,2024,4,2
1572,630,21902651.61,2019-01-21,11284.21,Resale,2019,1,1
1573,630,15635279.07,2019-09-13,8055.27,Sale,2019,9,3
1574,630,24016478.25,2022-11-01,12373.25,Resale,2022,11,4
1575,631,68408237.4,2018-08-09,8322.17,Resale,2018,8,3
1576,631,66500786.4,2018-10-11,8090.12,Resale,2018,10,4
1577,631,83065566.0,2018-12-15,10105.3,Sale,2018,12,4
1578,631,74077160.4,2020-06-10,9011.82,Sale,2020,6,2
1579,632,29350596.0,2023-09-05,24458.83,Resale,2023,9,3
1580,633,21501796.41,2018-05-27,16943.89,Resale,2018,5,2
1581,633,16381546.38,2018-05-04,12909.02,Sale,2018,5,2
1582,633,27049610.61,2020-09-06,21315.69,Sale,2020,9,3
1583,634,40821546.9,2018-04-04,18272.85,Sale,2018,4,2
1584,634,36574132.06,2021-01-20,16371.59,Resale,2021,1,1
1585,635,147600160.2,2022-10-27,20448.9,Sale,2022,10,4
1586,635,132276851.46,2023-07-13,18325.97,Sale,2023,7,3
1587,635,158291461.8,2020-11-14,21930.1,Resale,2020,11,4
1588,636,49357218.24,2021-11-13,12388.86,Sale,2021,11,4
1589,636,51364437.12,2023-07-25,12892.68,Resale,2023,7,3
1590,636,47332111.2,2021-11-21,11880.55,Sale,2021,11,4
1591,636,41698615.68,2022-01-06,10466.52,Resale,2022,1,1
1592,637,5821925.52,2020-07-15,10741.56,Sale,2020,7,3
1593,637,6042140.12,2022-03-26,11147.86,Sale,2022,3,1
1594,638,21116522.67,2022-06-04,11408.17,Sale,2022,6,2
1595,639,49534776.72,2023-07-31,9420.84,Sale,2023,7,3
1596,639,41337817.62,2019-01-16,7861.89,Sale,2019,1,1
1597,640,9060062.85,2022-12-06,8274.03,Sale,2022,12,4
1598,640,7134680.55,2020-02-09,6515.69,Resale,2020,2,1
1599,640,8391740.55,2020-04-22,7663.69,Sale,2020,4,2
1600,641,47809528.64,2022-06-23,7847.92,Resale,2022,6,2
1601,641,40950363.08,2018-04-04,6721.99,Sale,2018,4,2
1602,641,51396315.48,2021-11-15,8436.69,Resale,2021,11,4
1603,641,37820476.24,2022-07-08,6208.22,Resale,2022,7,3
1604,642,4245983.2,2020-10-02,7208.8,Sale,2020,10,4
1605,642,4083637.13,2020-10-12,6933.17,Sale,2020,10,4
1606,642,6164462.22,2023-03-05,10465.98,Sale,2023,3,1
1607,642,4019907.33,2018-04-30,6824.97,Resale,2018,4,2
1608,643,15906342.48,2021-07-27,19932.76,Sale,2021,7,3
1609,644,7722583.6,2023-07-23,12455.78,Sale,2023,7,3
1610,645,3284378.24,2018-07-18,6037.46,Resale,2018,7,3
1611,645,3953101.12,2020-03-21,7266.73,Sale,2020,3,1
1612,645,4822434.88,2020-01-18,8864.77,Sale,2020,1,1
1613,646,7319935.61,2020-06-01,24481.39,Sale,2020,6,2
1614,646,6347429.14,2022-07-22,21228.86,Resale,2022,7,3
1615,646,6843491.07,2023-12-30,22887.93,Resale,2023,12,4
1616,647,7103524.18,2021-03-14,7646.42,Sale,2021,3,1
1617,647,5300140.09,2019-12-02,5705.21,Sale,2019,12,4
1618,647,9505082.08,2023-04-02,10231.52,Resale,2023,4,2
1620,649,12898175.4,2019-08-06,7025.15,Resale,2019,8,3
1621,649,15765530.04,2024-01-28,8586.89,Sale,2024,1,1
1622,650,12952134.03,2024-03-04,23678.49,Resale,2024,3,1
1623,650,11736853.19,2021-01-28,21456.77,Resale,2021,1,1
1624,650,10035130.72,2021-07-19,18345.76,Sale,2021,7,3
1625,651,40748410.2,2019-04-14,18030.27,Resale,2019,4,2
1626,651,45634326.8,2018-04-09,20192.18,Sale,2018,4,2
1627,652,8457734.08,2023-10-29,23757.68,Sale,2023,10,4
1628,652,8271061.92,2020-08-21,23233.32,Resale,2020,8,3
1629,652,8695040.12,2023-07-24,24424.27,Sale,2023,7,3
1630,653,53470880.19,2020-03-11,17525.69,Resale,2020,3,1
1631,653,69525882.9,2024-04-23,22787.9,Sale,2024,4,2
1632,653,59948366.76,2019-08-19,19648.76,Sale,2019,8,3
1633,653,61775946.27,2023-12-19,20247.77,Sale,2023,12,4
1634,654,10412424.66,2020-11-23,6661.82,Sale,2020,11,4
1635,655,37143034.5,2020-11-11,17275.83,Resale,2020,11,4
1636,655,50958289.5,2022-01-31,23701.53,Resale,2022,1,1
1637,655,45878979.0,2022-08-20,21339.06,Resale,2022,8,3
1638,655,52145691.5,2021-01-25,24253.81,Resale,2021,1,1
1639,656,6711287.37,2020-12-24,6496.89,Sale,2020,12,4
1640,656,5870745.6,2022-05-29,5683.2,Sale,2022,5,2
1641,656,8591946.51,2023-07-05,8317.47,Sale,2023,7,3
1642,656,8524522.6,2019-06-18,8252.2,Sale,2019,6,2
1643,657,80519078.1,2020-07-22,10121.82,Sale,2020,7,3
1644,657,77748828.9,2023-02-17,9773.58,Resale,2023,2,1
1645,657,68015409.1,2021-11-14,8550.02,Sale,2021,11,4
1646,657,111365863.4,2024-06-13,13999.48,Resale,2024,6,2
1647,658,4622196.75,2022-06-25,7279.05,Sale,2022,6,2
1648,658,5184622.6,2019-05-15,8164.76,Resale,2019,5,2
1649,658,5519826.4,2022-01-07,8692.64,Resale,2022,1,1
1650,658,3746334.9,2018-01-20,5899.74,Sale,2018,1,1
1651,659,38815636.97,2021-01-08,8744.23,Resale,2021,1,1
1652,660,53562815.57,2022-02-23,19845.43,Resale,2022,2,1
1653,661,25457315.55,2024-02-07,10114.15,Sale,2024,2,1
1654,661,23950312.14,2021-06-30,9515.42,Sale,2021,6,2
1655,662,8473662.57,2018-10-08,19660.47,Sale,2018,10,4
1656,662,10933577.83,2022-08-24,25367.93,Resale,2022,8,3
1657,662,7832675.06,2019-04-30,18173.26,Sale,2019,4,2
1658,662,7102039.55,2021-06-11,16478.05,Resale,2021,6,2
1659,663,1716802.9,2020-03-23,5920.01,Resale,2020,3,1
1660,664,61051444.69,2019-01-01,6469.37,Sale,2019,1,1
1661,665,3476867.52,2018-04-01,5913.04,Resale,2018,4,2
1662,665,5011576.92,2021-10-31,8523.09,Resale,2021,10,4
1663,665,5986463.28,2021-01-09,10181.06,Resale,2021,1,1
1664,665,5320676.76,2021-12-07,9048.77,Resale,2021,12,4
1665,666,29471467.41,2022-06-20,7504.83,Sale,2022,6,2
1666,666,31246117.98,2022-04-05,7956.74,Resale,2022,4,2
1667,667,4311604.08,2023-08-10,8554.77,Resale,2023,8,3
1668,667,3914346.24,2019-01-02,7766.56,Resale,2019,1,1
1669,668,8614044.21,2020-03-23,11980.59,Resale,2020,3,1
1670,669,6971927.4,2021-07-13,7239.8,Resale,2021,7,3
1671,669,8750097.27,2021-10-16,9086.29,Resale,2021,10,4
1672,669,9721388.7,2022-08-08,10094.9,Resale,2022,8,3
1673,670,4405893.1,2018-02-06,8622.1,Sale,2018,2,1
1674,671,34746754.9,2018-12-20,8594.3,Sale,2018,12,4
1675,672,12531087.84,2019-07-18,6591.84,Sale,2019,7,3
1676,672,16183897.36,2023-07-27,8513.36,Sale,2023,7,3
1677,672,13244438.09,2020-06-22,6967.09,Resale,2020,6,2
1678,672,17767810.56,2023-04-16,9346.56,Resale,2023,4,2
1679,673,17675313.93,2019-02-10,5609.43,Resale,2019,2,1
1680,673,21467605.45,2020-04-30,6812.95,Resale,2020,4,2
1681,674,42165645.86,2024-01-01,12723.49,Resale,2024,1,1
1682,674,32940132.66,2018-08-15,9939.69,Resale,2018,8,3
1683,675,136905756.4,2018-03-29,22741.82,Sale,2018,3,1
1684,675,102590371.8,2020-11-25,17041.59,Sale,2020,11,4
1685,675,135838651.2,2024-06-07,22564.56,Sale,2024,6,2
1686,675,97822953.2,2022-07-23,16249.66,Resale,2022,7,3
1687,676,22789904.1,2024-02-05,21219.65,Sale,2024,2,1
1688,677,6626633.4,2020-02-14,6175.8,Resale,2020,2,1
1689,678,22809894.36,2018-03-20,6562.11,Sale,2018,3,1
1690,678,27924932.64,2021-01-31,8033.64,Resale,2021,1,1
1691,678,34955698.8,2024-04-20,10056.3,Resale,2024,4,2
1692,679,49657949.54,2023-04-25,11280.77,Resale,2023,4,2
1693,679,41852147.06,2018-05-19,9507.53,Sale,2018,5,2
1694,680,8829248.67,2019-12-09,9670.59,Resale,2019,12,4
1695,680,9789414.25,2024-05-25,10722.25,Resale,2024,5,2
1696,680,8913801.6,2024-06-18,9763.2,Resale,2024,6,2
1697,680,9320086.6,2019-05-24,10208.2,Resale,2019,5,2
1698,681,243708160.41,2021-12-26,25436.61,Resale,2021,12,4
1700,682,8168400.0,2024-06-17,13614.0,Resale,2024,6,2
1701,682,7486476.0,2021-04-17,12477.46,Sale,2021,4,2
1702,682,5699028.0,2018-12-13,9498.38,Resale,2018,12,4
1703,682,6602928.0,2021-12-19,11004.88,Resale,2021,12,4
1704,683,14308037.76,2023-04-29,8562.56,Resale,2023,4,2
1705,683,11367010.92,2019-11-22,6802.52,Sale,2019,11,4
1706,684,11767952.56,2019-04-05,7391.93,Resale,2019,4,2
1707,685,39378997.2,2023-01-05,21938.16,Sale,2023,1,1
1708,686,30232225.8,2021-06-07,10432.1,Resale,2021,6,2
1709,686,26426282.4,2021-03-11,9118.8,Resale,2021,3,1
1710,686,30876654.06,2020-01-25,10654.47,Sale,2020,1,1
1711,687,8028370.53,2019-04-27,8442.03,Resale,2019,4,2
1712,687,9624899.82,2020-05-21,10120.82,Sale,2020,5,2
1713,687,9617424.96,2019-10-27,10112.96,Resale,2019,10,4
1714,688,7940711.02,2023-10-08,9044.09,Resale,2023,10,4
1715,688,6609478.64,2019-01-09,7527.88,Sale,2019,1,1
1716,688,5560927.14,2018-08-06,6333.63,Sale,2018,8,3
1717,689,17796309.31,2018-02-22,6879.13,Resale,2018,2,1
1718,689,21533644.73,2024-03-28,8323.79,Sale,2024,3,1
1720,689,21105004.7,2021-10-15,8158.1,Resale,2021,10,4
1721,690,4881294.5,2018-11-03,6732.82,Sale,2018,11,4
1722,690,5285532.75,2018-06-17,7290.39,Resale,2018,6,2
1723,690,6389548.25,2024-05-08,8813.17,Resale,2024,5,2
1724,690,5176036.0,2024-04-10,7139.36,Resale,2024,4,2
1725,691,20460292.04,2021-03-27,10503.23,Sale,2021,3,1
1726,692,15147527.85,2021-07-07,8486.01,Resale,2021,7,3
1727,692,13001208.15,2019-09-06,7283.59,Sale,2019,9,3
1728,693,21171892.74,2023-06-03,11493.97,Sale,2023,6,2
1729,693,17249151.12,2023-12-31,9364.36,Resale,2023,12,4
1730,694,113145269.52,2022-07-19,19571.92,Resale,2022,7,3
1731,694,149623495.14,2024-06-08,25881.94,Sale,2024,6,2
1732,694,93257068.65,2020-05-02,16131.65,Sale,2020,5,2
1733,695,47603261.04,2022-08-26,8348.52,Resale,2022,8,3
1734,695,49721554.04,2022-03-30,8720.02,Resale,2022,3,1
1735,696,4327215.75,2023-04-19,13314.51,Sale,2023,4,2
1736,696,3140686.25,2018-12-06,9663.65,Resale,2018,12,4
1737,696,4241831.75,2023-10-22,13051.79,Sale,2023,10,4
1738,696,3030950.0,2018-09-23,9326.0,Resale,2018,9,3
1739,697,6222552.41,2023-11-08,8176.81,Resale,2023,11,4
1740,698,26729207.47,2018-01-09,16674.49,Resale,2018,1,1
1741,699,7599648.96,2019-04-21,6118.88,Resale,2019,4,2
1742,700,39785829.12,2018-11-08,9638.04,Resale,2018,11,4
1743,701,1915377.73,2020-11-21,6673.79,Resale,2020,11,4
1744,701,2203850.04,2022-04-13,7678.92,Sale,2022,4,2
1745,701,1982768.2,2019-02-27,6908.6,Sale,2019,2,1
1746,701,2232923.14,2018-09-05,7780.22,Resale,2018,9,3
1747,702,58834005.75,2021-05-27,11457.45,Sale,2021,5,2
1748,702,49476135.8,2021-05-21,9635.08,Resale,2021,5,2
1749,702,52703945.45,2020-05-21,10263.67,Resale,2020,5,2
1750,703,7512161.46,2020-09-14,12077.43,Resale,2020,9,3
1751,703,7814627.62,2023-06-01,12563.71,Resale,2023,6,2
1752,704,2253692.1,2023-02-21,6829.37,Sale,2023,2,1
1753,704,1909416.3,2018-08-20,5786.11,Resale,2018,8,3
1754,704,2569957.5,2024-04-14,7787.75,Sale,2024,4,2
1755,704,2666796.0,2019-08-26,8081.2,Resale,2019,8,3
1756,705,42112336.84,2019-12-08,21956.38,Resale,2019,12,4
1757,705,33850628.56,2019-01-24,17648.92,Sale,2019,1,1
1758,706,24307401.91,2024-03-22,8154.11,Sale,2024,3,1
1759,707,21487398.9,2019-11-11,6926.95,Resale,2019,11,4
1760,707,26446752.42,2023-06-02,8525.71,Sale,2023,6,2
1761,708,8276495.92,2022-07-21,7677.64,Resale,2022,7,3
1762,708,7320406.94,2018-03-21,6790.73,Sale,2018,3,1
1763,708,8472433.2,2024-01-26,7859.4,Resale,2024,1,1
1764,708,10785659.5,2022-01-16,10005.25,Sale,2022,1,1
1765,709,3821006.72,2024-05-28,6972.64,Resale,2024,5,2
1766,709,3646260.48,2023-02-25,6653.76,Sale,2023,2,1
1767,710,4083627.46,2021-06-13,8070.41,Resale,2021,6,2
1768,710,3641079.86,2023-12-10,7195.81,Sale,2023,12,4
1769,710,3276754.8,2019-03-21,6475.8,Sale,2019,3,1
1770,710,3313930.62,2018-02-26,6549.27,Sale,2018,2,1
1771,711,7484010.25,2018-02-09,7567.25,Sale,2018,2,1
1772,711,8761135.62,2023-01-05,8858.58,Sale,2023,1,1
1773,711,9409187.76,2020-10-04,9513.84,Resale,2020,10,4
1774,711,8999425.28,2023-11-01,9099.52,Sale,2023,11,4
1775,712,77848414.74,2022-11-16,9211.74,Sale,2022,11,4
1776,712,60173739.81,2019-11-04,7120.31,Sale,2019,11,4
1777,712,89673983.55,2023-08-05,10611.05,Sale,2023,8,3
1778,712,84194862.21,2024-05-26,9962.71,Sale,2024,5,2
1779,713,22992813.65,2023-08-29,11761.03,Resale,2023,8,3
1780,713,20058084.95,2019-09-26,10259.89,Resale,2019,9,3
1781,713,22157598.55,2023-07-08,11333.81,Resale,2023,7,3
1782,714,24275142.87,2022-08-04,7797.99,Sale,2022,8,3
1783,714,21166345.42,2022-08-06,6799.34,Resale,2022,8,3
1784,714,18271940.28,2018-08-31,5869.56,Resale,2018,8,3
1785,714,29781821.96,2021-03-19,9566.92,Resale,2021,3,1
1786,715,16908728.76,2022-06-06,9547.56,Resale,2022,6,2
1787,715,18209705.36,2022-12-14,10282.16,Sale,2022,12,4
1788,715,19542081.79,2022-10-16,11034.49,Resale,2022,10,4
1789,716,33761719.44,2022-01-16,8617.08,Resale,2022,1,1
1790,716,30410223.06,2019-01-03,7761.67,Sale,2019,1,1
1791,716,33646686.96,2023-08-19,8587.72,Sale,2023,8,3
1792,716,37559319.3,2023-01-04,9586.35,Resale,2023,1,1
1793,717,15286192.59,2023-05-07,13303.91,Resale,2023,5,2
1794,717,11912786.04,2018-01-15,10367.96,Sale,2018,1,1
1795,717,11210126.58,2020-03-04,9756.42,Resale,2020,3,1
1796,717,13097565.9,2021-09-29,11399.1,Sale,2021,9,3
1797,718,16517919.04,2018-09-07,7762.18,Sale,2018,9,3
1798,718,21691725.44,2022-11-27,10193.48,Sale,2022,11,4
1799,719,11622055.5,2020-07-13,17320.5,Sale,2020,7,3
1800,719,13453100.43,2020-06-06,20049.33,Sale,2020,6,2
1801,719,13432527.57,2022-05-13,20018.67,Resale,2022,5,2
1802,719,11651284.26,2021-11-15,17364.06,Sale,2021,11,4
1803,720,8897598.16,2022-12-21,10643.06,Sale,2022,12,4
1804,720,6678895.96,2020-09-16,7989.11,Sale,2020,9,3
1805,720,8722297.32,2018-05-16,10433.37,Resale,2018,5,2
1806,721,19533457.25,2018-06-10,16795.75,Resale,2018,6,2
1807,721,26218299.84,2020-07-19,22543.68,Resale,2020,7,3
1808,721,19697882.19,2018-12-21,16937.13,Resale,2018,12,4
1809,722,53902742.86,2019-08-24,16344.07,Sale,2019,8,3
1810,722,79930921.64,2021-01-18,24236.18,Resale,2021,1,1
1811,722,74394898.84,2022-06-26,22557.58,Resale,2022,6,2
1812,723,64729011.3,2019-05-16,9100.1,Sale,2019,5,2
1813,723,55464186.54,2021-11-04,7797.58,Sale,2021,11,4
1814,723,61272377.82,2023-05-30,8614.14,Sale,2023,5,2
1815,724,9154113.84,2022-01-07,12505.62,Sale,2022,1,1
1816,725,54898857.6,2022-07-30,9733.84,Sale,2022,7,3
1817,725,45031734.0,2020-03-06,7984.35,Sale,2020,3,1
1818,725,71865500.4,2023-07-11,12742.11,Resale,2023,7,3
1819,725,42728922.0,2020-08-02,7576.05,Sale,2020,8,3
1820,726,14531835.84,2019-06-15,8086.72,Sale,2019,6,2
1821,726,18495460.77,2023-12-23,10292.41,Resale,2023,12,4
1822,726,19393349.79,2022-06-28,10792.07,Sale,2022,6,2
1823,727,42354686.32,2023-03-22,13832.36,Sale,2023,3,1
1824,727,30174785.2,2020-06-16,9854.6,Resale,2020,6,2
1825,728,25541181.9,2020-02-02,11974.3,Resale,2020,2,1
1826,728,22621488.84,2020-05-01,10605.48,Sale,2020,5,2
1827,729,176164622.37,2020-08-12,22780.89,Sale,2020,8,3
1828,730,11222237.04,2018-08-06,7325.22,Sale,2018,8,3
1829,730,15248379.0,2024-02-04,9953.25,Resale,2024,2,1
1830,730,12394201.72,2019-08-07,8090.21,Sale,2019,8,3
1831,730,11194078.88,2020-10-25,7306.84,Sale,2020,10,4
1832,731,4504250.52,2022-12-31,8101.17,Sale,2022,12,4
1833,731,4541880.6,2020-12-30,8168.85,Sale,2020,12,4
1834,732,19206739.4,2020-08-13,9666.2,Sale,2020,8,3
1835,732,12017594.57,2019-05-23,6048.11,Sale,2019,5,2
1836,733,4721241.6,2022-02-12,6566.4,Resale,2022,2,1
1837,733,4873712.74,2018-12-04,6778.46,Sale,2018,12,4
1838,733,7012931.87,2022-01-14,9753.73,Resale,2022,1,1
1839,734,38061661.95,2021-01-08,21370.95,Resale,2021,1,1
1840,735,44749793.91,2022-12-07,7462.03,Sale,2022,12,4
1841,735,55090660.89,2023-11-16,9186.37,Resale,2023,11,4
1842,736,8729429.22,2023-05-10,9266.91,Resale,2023,5,2
1843,737,12419264.11,2024-01-23,10238.47,Sale,2024,1,1
1844,737,10138290.39,2022-05-01,8358.03,Resale,2022,5,2
1845,737,10425189.15,2022-02-22,8594.55,Resale,2022,2,1
1846,737,10533000.59,2021-06-12,8683.43,Resale,2021,6,2
1847,738,16403247.05,2019-01-28,19550.95,Resale,2019,1,1
1848,738,18357437.46,2023-06-28,21880.14,Sale,2023,6,2
1849,739,12027348.27,2019-10-07,7744.59,Resale,2019,10,4
1850,739,13050635.5,2021-03-31,8403.5,Sale,2021,3,1
1851,739,9375383.35,2021-08-16,6036.95,Sale,2021,8,3
1852,739,10404540.92,2019-08-19,6699.64,Resale,2019,8,3
1853,740,10418027.83,2022-10-22,7554.77,Resale,2022,10,4
1854,740,9166226.79,2020-04-16,6647.01,Resale,2020,4,2
1855,741,37827149.22,2023-11-26,9684.37,Sale,2023,11,4
1856,741,35314302.24,2024-06-01,9041.04,Sale,2024,6,2
1857,742,4509739.89,2023-02-15,8305.23,Resale,2023,2,1
1858,742,4219620.42,2023-10-23,7770.94,Sale,2023,10,4
1859,743,149005471.08,2018-11-25,18799.58,Resale,2018,11,4
1860,743,154281412.98,2018-04-04,19465.23,Sale,2018,4,2
1861,744,6914093.25,2019-01-23,12024.51,Resale,2019,1,1
1862,744,6277643.0,2022-09-19,10917.64,Resale,2022,9,3
1864,745,9781277.18,2019-06-08,6473.38,Resale,2019,6,2
1865,745,10819832.81,2018-02-17,7160.71,Resale,2018,2,1
1866,746,5733156.8,2022-11-15,7312.7,Resale,2022,11,4
1868,746,6027125.44,2023-02-18,7687.66,Sale,2023,2,1
1869,746,5628406.56,2021-05-04,7179.09,Resale,2021,5,2
1870,747,6647494.29,2023-04-14,10179.93,Sale,2023,4,2
1871,747,7115838.95,2021-05-04,10897.15,Resale,2021,5,2
1872,747,6519819.73,2020-10-07,9984.41,Sale,2020,10,4
1873,747,8750147.76,2024-04-10,13399.92,Resale,2024,4,2
1874,748,27568622.28,2018-01-04,6625.48,Sale,2018,1,1
1875,749,39793629.5,2020-01-29,21510.07,Resale,2020,1,1
1876,749,33212865.0,2019-08-24,17952.9,Resale,2019,8,3
1877,749,35694732.5,2022-04-11,19294.45,Sale,2022,4,2
1878,750,15241460.15,2019-02-27,8918.35,Resale,2019,2,1
1879,750,14625075.12,2021-12-14,8557.68,Resale,2021,12,4
1880,751,127577589.36,2022-12-15,13554.78,Resale,2022,12,4
1881,751,96495306.44,2020-04-23,10252.37,Resale,2020,4,2
1882,752,25602985.44,2020-11-19,6585.13,Resale,2020,11,4
1883,752,28469568.96,2021-03-29,7322.42,Sale,2021,3,1
1884,753,4986677.78,2024-03-28,6720.59,Resale,2024,3,1
1885,753,7183843.66,2021-08-05,9681.73,Resale,2021,8,3
1886,754,25886870.09,2022-01-23,12949.91,Resale,2022,1,1
1887,754,22596735.98,2022-02-16,11304.02,Sale,2022,2,1
1888,754,18680694.98,2018-11-02,9345.02,Resale,2018,11,4
1889,754,15254189.09,2018-08-27,7630.91,Resale,2018,8,3
1890,755,38100027.77,2018-05-09,15418.87,Sale,2018,5,2
1891,755,37544052.77,2019-09-05,15193.87,Sale,2019,9,3
1892,756,12181004.22,2019-08-23,9355.61,Resale,2019,8,3
1893,757,28307115.0,2022-04-07,25161.88,Resale,2022,4,2
1894,757,21637046.25,2020-06-26,19232.93,Sale,2020,6,2
1895,758,20065846.01,2022-05-19,23251.27,Resale,2022,5,2
1896,758,19441655.37,2020-04-19,22527.99,Sale,2020,4,2
1897,758,13256939.98,2019-11-28,15361.46,Sale,2019,11,4
1898,759,7645775.95,2023-08-31,14291.17,Resale,2023,8,3
1899,759,6470766.15,2021-01-02,12094.89,Sale,2021,1,1
1900,759,5111925.0,2018-09-25,9555.0,Resale,2018,9,3
1901,760,12574180.08,2018-01-21,7776.24,Sale,2018,1,1
1902,760,13396279.05,2019-05-23,8284.65,Sale,2019,5,2
1903,760,11716490.94,2018-02-12,7245.82,Resale,2018,2,1
1904,760,18032234.22,2024-02-26,11151.66,Resale,2024,2,1
1905,761,31320958.4,2018-04-04,8511.13,Resale,2018,4,2
1906,761,39150084.8,2020-05-01,10638.61,Sale,2020,5,2
1907,761,47582179.2,2022-08-21,12929.94,Resale,2022,8,3
1908,761,26460451.2,2021-05-31,7190.34,Resale,2021,5,2
1909,762,4243169.18,2023-04-06,9578.26,Resale,2023,4,2
1910,762,4179594.25,2022-01-27,9434.75,Resale,2022,1,1
1911,763,31122317.1,2023-06-07,18602.7,Resale,2023,6,2
1912,764,17737225.23,2018-04-06,7236.73,Sale,2018,4,2
1913,765,9520401.11,2019-02-01,8631.37,Resale,2019,2,1
1914,765,12271636.07,2021-04-13,11125.69,Resale,2021,4,2
1915,765,13346818.41,2024-04-09,12100.47,Sale,2024,4,2
1916,765,8799700.91,2018-03-01,7977.97,Resale,2018,3,1
1917,766,11653018.4,2023-07-04,9575.2,Sale,2023,7,3
1918,766,8865771.98,2021-01-18,7284.94,Resale,2021,1,1
1919,766,10126790.87,2022-11-19,8321.11,Resale,2022,11,4
1921,767,18103810.97,2020-08-15,17942.33,Resale,2020,8,3
1922,767,24724182.85,2024-02-28,24503.65,Sale,2024,2,1
1923,768,23060481.5,2019-06-20,8972.95,Sale,2019,6,2
1924,768,26401944.1,2021-09-20,10273.13,Resale,2021,9,3
1925,768,36101895.1,2022-11-24,14047.43,Resale,2022,11,4
1926,769,35995617.08,2024-03-15,25821.82,Sale,2024,3,1
1927,770,163787002.08,2024-01-31,25401.21,Resale,2024,1,1
1928,770,160372334.72,2023-01-15,24871.64,Resale,2023,1,1
1929,770,129379893.76,2019-01-06,20065.12,Sale,2019,1,1
1930,770,112386963.52,2022-12-28,17429.74,Resale,2022,12,4
1931,771,28444396.35,2020-12-17,9286.45,Resale,2020,12,4
1933,772,24574701.9,2020-05-27,9470.02,Sale,2020,5,2
1934,772,24195053.4,2022-06-07,9323.72,Sale,2022,6,2
1935,772,21899698.05,2021-08-17,8439.19,Sale,2021,8,3
1936,773,5463228.27,2020-09-08,7013.13,Sale,2020,9,3
1937,773,8640379.77,2023-09-27,11091.63,Resale,2023,9,3
1938,774,8546249.52,2022-05-30,9309.64,Sale,2022,5,2
1939,774,7212395.52,2020-12-22,7856.64,Sale,2020,12,4
1940,774,7095635.1,2021-05-06,7729.45,Sale,2021,5,2
1941,775,152204123.58,2020-10-25,18575.07,Resale,2020,10,4
1942,775,175097586.0,2021-09-13,21369.0,Sale,2021,9,3
1943,775,138882482.26,2019-04-05,16949.29,Sale,2019,4,2
1944,776,33884127.75,2021-12-27,22972.29,Resale,2021,12,4
1945,777,61390139.04,2020-08-21,7232.58,Resale,2020,8,3
1946,778,44860751.04,2018-01-21,7844.16,Sale,2018,1,1
1947,779,18401925.5,2021-09-14,11872.21,Resale,2021,9,3
1948,779,17182928.0,2022-09-15,11085.76,Resale,2022,9,3
1949,780,104199295.06,2022-10-16,11937.14,Sale,2022,10,4
1950,780,99714334.86,2021-05-12,11423.34,Sale,2021,5,2
1951,780,72548115.64,2020-05-18,8311.16,Resale,2020,5,2
1952,780,117658889.32,2022-07-07,13479.08,Resale,2022,7,3
1953,781,44964541.44,2021-02-05,20588.16,Resale,2021,2,1
1954,781,52815715.68,2022-10-29,24183.02,Sale,2022,10,4
1955,781,42725657.52,2018-12-02,19563.03,Resale,2018,12,4
1956,781,27567758.4,2018-11-29,12622.6,Sale,2018,11,4
1957,782,2354681.35,2019-04-20,6346.85,Resale,2019,4,2
1958,782,2654686.79,2018-07-01,7155.49,Sale,2018,7,3
1959,783,11683666.8,2021-07-06,8321.7,Resale,2021,7,3
1960,783,14471140.32,2024-03-07,10307.08,Resale,2024,3,1
1961,783,12918007.44,2023-08-22,9200.86,Sale,2023,8,3
1962,783,15337927.8,2024-04-25,10924.45,Sale,2024,4,2
1963,784,20346454.8,2021-05-24,10765.32,Sale,2021,5,2
1964,785,6986704.2,2023-11-05,13699.42,Sale,2023,11,4
1965,785,4536225.6,2020-05-30,8894.56,Sale,2020,5,2
1966,785,5604420.6,2022-03-08,10989.06,Sale,2022,3,1
1967,786,78714240.08,2022-07-01,20730.64,Sale,2022,7,3
1968,786,75825406.54,2019-02-16,19969.82,Sale,2019,2,1
1969,786,85878647.5,2023-10-13,22617.5,Resale,2023,10,4
1970,786,78427072.97,2021-07-16,20655.01,Sale,2021,7,3
1971,787,11757782.88,2019-11-17,6792.48,Resale,2019,11,4
1972,788,33573845.82,2020-03-01,7406.54,Sale,2020,3,1
1973,788,33593383.05,2019-03-10,7410.85,Sale,2019,3,1
1975,788,27100495.17,2021-04-20,5978.49,Resale,2021,4,2
1976,789,7542052.35,2019-01-23,9607.71,Sale,2019,1,1
1977,789,5849443.2,2022-03-16,7451.52,Sale,2022,3,1
1978,789,8557551.9,2022-04-26,10901.34,Sale,2022,4,2
1979,789,7959381.9,2021-04-24,10139.34,Sale,2021,4,2
1980,790,50216612.88,2022-07-02,9244.59,Resale,2022,7,3
1981,790,34957636.0,2018-05-29,6435.5,Resale,2018,5,2
1982,791,2451265.0,2019-05-10,8817.5,Sale,2019,5,2
1983,791,2401350.1,2020-06-30,8637.95,Resale,2020,6,2
1984,791,2070702.46,2023-12-21,7448.57,Resale,2023,12,4
1985,792,16910978.76,2023-08-17,8789.49,Resale,2023,8,3
1986,793,7992940.6,2018-11-11,8282.84,Resale,2018,11,4
1987,793,6189500.35,2018-02-01,6413.99,Sale,2018,2,1
1988,793,7920305.05,2021-06-28,8207.57,Sale,2021,6,2
1989,793,8840365.0,2020-04-15,9161.0,Sale,2020,4,2
1990,794,10234050.56,2018-03-12,8416.16,Resale,2018,3,1
1991,794,13163917.44,2019-02-20,10825.59,Resale,2019,2,1
1992,794,9748915.2,2018-12-09,8017.2,Sale,2018,12,4
1993,795,30360128.26,2020-04-30,6587.14,Sale,2020,4,2
1994,795,47596267.29,2018-11-01,10326.81,Sale,2018,11,4
1995,796,7859490.1,2024-06-19,12884.41,Resale,2024,6,2
1996,796,6171754.3,2019-10-31,10117.63,Sale,2019,10,4
1997,796,4769956.0,2018-06-22,7819.6,Resale,2018,6,2
1998,797,3271589.34,2018-08-02,5709.58,Sale,2018,8,3
1999,798,15507099.58,2018-10-27,10242.47,Resale,2018,10,4
2000,798,18230770.44,2023-07-25,12041.46,Resale,2023,7,3
2001,798,17464126.26,2023-11-09,11535.09,Resale,2023,11,4
2002,798,17344172.04,2022-04-28,11455.86,Sale,2022,4,2
2003,799,5120337.6,2020-11-10,9259.2,Sale,2020,11,4
2004,799,5216885.87,2022-05-11,9433.79,Resale,2022,5,2
2005,799,3869551.14,2019-03-12,6997.38,Sale,2019,3,1
2006,799,3605338.8,2020-01-13,6519.6,Resale,2020,1,1
2007,800,98856126.0,2018-05-15,19270.2,Sale,2018,5,2
2008,800,82101699.9,2018-09-01,16004.23,Resale,2018,9,3
2009,801,9676954.8,2018-10-28,6006.8,Resale,2018,10,4
2010,801,15407877.87,2021-07-26,9564.17,Resale,2021,7,3
2011,801,13205028.69,2019-01-18,8196.79,Sale,2019,1,1
2012,802,27516333.13,2019-04-28,7208.89,Resale,2019,4,2
2014,804,6695496.0,2019-06-24,8369.37,Sale,2019,6,2
2015,805,65416718.92,2020-03-12,8807.96,Sale,2020,3,1
2016,805,56105043.4,2020-01-16,7554.2,Resale,2020,1,1
2017,806,21623793.65,2023-09-12,21953.09,Resale,2023,9,3
2018,806,18970814.35,2019-07-10,19259.71,Sale,2019,7,3
2019,806,20723021.0,2022-10-24,21038.6,Sale,2022,10,4
2020,807,104134193.38,2019-04-17,24144.26,Resale,2019,4,2
2021,807,87370036.81,2021-10-28,20257.37,Resale,2021,10,4
2022,808,2824808.4,2018-03-24,7846.69,Resale,2018,3,1
2024,810,94633771.56,2021-03-26,19789.58,Resale,2021,3,1
2025,811,13824638.01,2021-11-09,8393.83,Sale,2021,11,4
2026,812,21544168.8,2018-09-24,7026.8,Sale,2018,9,3
2027,813,21534714.36,2020-06-08,7228.84,Resale,2020,6,2
2028,814,84924113.47,2023-10-27,20667.83,Sale,2023,10,4
2029,815,46141060.15,2021-01-27,21117.19,Sale,2021,1,1
2030,815,45979872.7,2024-03-30,21043.42,Sale,2024,3,1
2031,815,43924224.7,2020-11-02,20102.62,Resale,2020,11,4
2032,815,53291756.7,2022-07-26,24389.82,Sale,2022,7,3
2033,816,5197833.3,2023-08-09,10191.83,Sale,2023,8,3
2034,817,142135570.5,2018-06-06,15650.25,Sale,2018,6,2
2035,817,187104003.66,2021-01-23,20601.63,Resale,2021,1,1
2036,817,208325731.42,2024-04-28,22938.31,Resale,2024,4,2
2037,818,7831762.47,2021-02-22,21937.71,Resale,2021,2,1
2038,818,5252501.73,2018-05-03,14712.89,Resale,2018,5,2
2039,818,5709890.13,2018-02-17,15994.09,Resale,2018,2,1
2040,819,5434264.08,2022-08-23,6423.48,Sale,2022,8,3
2041,820,35053986.69,2020-12-10,8340.23,Resale,2020,12,4
2042,820,43188094.62,2022-06-20,10275.54,Resale,2022,6,2
2043,820,61759680.57,2024-04-02,14694.19,Sale,2024,4,2
2044,820,53590603.68,2024-02-16,12750.56,Resale,2024,2,1
2045,821,9401564.64,2023-06-19,8515.91,Resale,2023,6,2
2046,822,3552903.36,2021-01-28,12336.47,Sale,2021,1,1
2047,822,3199351.68,2021-06-03,11108.86,Sale,2021,6,2
2048,823,40400592.75,2021-04-04,22457.25,Resale,2021,4,2
2049,824,89538621.65,2022-12-20,21053.05,Resale,2022,12,4
2050,824,79183119.54,2020-01-04,18618.18,Resale,2020,1,1
2051,824,72250474.36,2020-02-20,16988.12,Resale,2020,2,1
2052,824,92341731.42,2023-02-04,21712.14,Resale,2023,2,1
2053,825,18459938.44,2018-12-17,6764.36,Resale,2018,12,4
2054,825,22280401.99,2020-03-10,8164.31,Sale,2020,3,1
2055,825,20159859.83,2019-01-28,7387.27,Resale,2019,1,1
2056,825,21554024.06,2021-03-16,7898.14,Resale,2021,3,1
2057,826,67963332.36,2023-11-19,7525.56,Resale,2023,11,4
2058,826,65203820.0,2019-05-21,7220.0,Resale,2019,5,2
2059,827,33671542.08,2022-03-18,7578.56,Resale,2022,3,1
2060,827,30105590.28,2018-02-28,6775.96,Sale,2018,2,1
2061,827,27588719.64,2022-05-06,6209.48,Sale,2022,5,2
2062,828,17868621.06,2022-05-09,11610.54,Sale,2022,5,2
2063,828,15997997.34,2019-05-11,10395.06,Resale,2019,5,2
2064,828,18452117.52,2022-05-04,11989.68,Sale,2022,5,2
2065,828,18392681.34,2024-01-22,11951.06,Resale,2024,1,1
2066,829,11936305.3,2018-02-02,9988.54,Sale,2018,2,1
2067,829,10752299.3,2021-06-17,8997.74,Sale,2021,6,2
2068,829,12555052.4,2021-01-11,10506.32,Resale,2021,1,1
2069,829,14287348.3,2024-02-25,11955.94,Resale,2024,2,1
2070,830,12912239.56,2018-07-08,10119.31,Sale,2018,7,3
2071,830,10787508.16,2022-06-10,8454.16,Resale,2022,6,2
2072,830,12432004.2,2022-03-31,9742.95,Sale,2022,3,1
2073,830,18059406.64,2023-08-01,14153.14,Resale,2023,8,3
2074,831,36681692.46,2018-07-03,6374.99,Sale,2018,7,3
2075,831,56847103.32,2018-09-15,9879.58,Resale,2018,9,3
2076,831,61664121.96,2023-07-30,10716.74,Sale,2023,7,3
2077,832,3650258.7,2018-12-22,7213.95,Sale,2018,12,4
2078,832,4888638.04,2021-08-13,9661.34,Sale,2021,8,3
2079,833,13283322.18,2020-01-05,10434.66,Sale,2020,1,1
2080,833,15846520.41,2021-10-25,12448.17,Sale,2021,10,4
2081,833,12720516.15,2021-10-31,9992.55,Resale,2021,10,4
2082,834,10005993.62,2018-01-03,8611.01,Resale,2018,1,1
2083,835,40256487.04,2022-05-19,24427.48,Sale,2022,5,2
2084,835,36529699.84,2023-01-28,22166.08,Sale,2023,1,1
2085,835,33697776.64,2019-03-19,20447.68,Resale,2019,3,1
2086,836,184670672.64,2021-10-22,24257.28,Sale,2021,10,4
2087,837,22753508.04,2022-01-14,9584.46,Sale,2022,1,1
2088,838,6601481.2,2020-03-26,8170.15,Sale,2020,3,1
2089,838,7810992.56,2020-02-11,9667.07,Sale,2020,2,1
2090,838,9773317.52,2023-10-11,12095.69,Resale,2023,10,4
2091,839,33648478.28,2022-08-22,21666.76,Sale,2022,8,3
2092,839,33299876.37,2021-09-11,21442.29,Sale,2021,9,3
2093,839,34153700.24,2021-03-26,21992.08,Sale,2021,3,1
2094,840,4724789.16,2019-09-05,6454.63,Sale,2019,9,3
2095,840,4926403.92,2019-05-22,6730.06,Sale,2019,5,2
2096,841,7017987.82,2019-08-25,6368.41,Resale,2019,8,3
2097,842,13929932.0,2020-07-15,9502.0,Sale,2020,7,3
2098,842,12716670.4,2021-02-09,8674.4,Sale,2021,2,1
2099,842,15786562.36,2021-02-25,10768.46,Sale,2021,2,1
2100,843,33493752.0,2023-09-29,8889.0,Sale,2023,9,3
2101,843,26294686.56,2020-12-22,6978.42,Sale,2020,12,4
2102,843,41634516.0,2023-03-23,11049.5,Resale,2023,3,1
2103,843,34814963.52,2024-02-07,9239.64,Sale,2024,2,1
2104,844,8108553.06,2018-07-04,6723.51,Sale,2018,7,3
2105,844,7672547.88,2019-01-31,6361.98,Sale,2019,1,1
2106,844,9237043.44,2022-10-16,7659.24,Sale,2022,10,4
2107,845,31689484.21,2019-01-15,7158.23,Sale,2019,1,1
2108,845,35916693.7,2023-07-09,8113.1,Sale,2023,7,3
2109,846,78457108.98,2018-03-05,18007.14,Sale,2018,3,1
2110,847,38715505.0,2019-09-09,10463.65,Resale,2019,9,3
2111,847,33103752.0,2019-10-29,8946.96,Resale,2019,10,4
2112,847,33012473.0,2021-11-09,8922.29,Resale,2021,11,4
2113,847,35361344.0,2023-10-29,9557.12,Resale,2023,10,4
2114,848,79189580.85,2021-09-23,12453.15,Resale,2021,9,3
2115,848,82713611.47,2023-08-27,13007.33,Resale,2023,8,3
2116,849,5922622.75,2021-03-02,11455.75,Resale,2021,3,1
2117,849,4674098.77,2019-06-07,9040.81,Resale,2019,6,2
2118,849,4377702.67,2020-05-23,8467.51,Resale,2020,5,2
2119,849,5843987.05,2023-08-20,11303.65,Sale,2023,8,3
2120,850,30827353.56,2023-07-17,8998.06,Sale,2023,7,3
2121,850,24456192.66,2021-07-12,7138.41,Resale,2021,7,3
2122,851,7480372.3,2020-01-31,8302.3,Sale,2020,1,1
2123,851,7581815.89,2021-08-11,8414.89,Sale,2021,8,3
2124,851,10323459.78,2021-09-01,11457.78,Sale,2021,9,3
2125,852,55082270.72,2023-03-24,10007.68,Sale,2023,3,1
2126,853,84832254.13,2021-09-18,22028.63,Sale,2021,9,3
2127,854,14010542.08,2020-10-28,6932.48,Resale,2020,10,4
2128,854,17441836.3,2022-02-06,8630.3,Sale,2022,2,1
2129,855,170401000.0,2023-09-24,24343.0,Resale,2023,9,3
2130,855,129842720.0,2019-10-13,18548.96,Sale,2019,10,4
2131,856,3904803.09,2022-12-13,8186.17,Resale,2022,12,4
2132,856,3977283.24,2023-04-21,8338.12,Resale,2023,4,2
2133,856,3560728.68,2022-04-05,7464.84,Resale,2022,4,2
2134,857,14787543.5,2023-12-21,10170.25,Sale,2023,12,4
2135,858,4516214.4,2021-05-10,7840.65,Resale,2021,5,2
2136,858,5186972.16,2023-08-13,9005.16,Resale,2023,8,3
2137,858,3347303.04,2018-11-20,5811.29,Sale,2018,11,4
2138,858,4164595.2,2018-08-16,7230.2,Resale,2018,8,3
2139,859,2332244.76,2020-04-30,7265.56,Sale,2020,4,2
2140,859,2372632.98,2020-05-31,7391.38,Resale,2020,5,2
2141,859,2748045.69,2024-03-25,8560.89,Resale,2024,3,1
2142,860,23062814.7,2019-02-25,18796.1,Resale,2019,2,1
2143,860,17774297.46,2019-07-13,14485.98,Resale,2019,7,3
2144,861,5106106.45,2019-01-26,7454.17,Sale,2019,1,1
2145,861,5761391.15,2023-05-24,8410.79,Resale,2023,5,2
2146,862,92711918.88,2020-11-18,19029.54,Resale,2020,11,4
2148,863,3719757.76,2018-03-04,6837.79,Resale,2018,3,1
2149,864,10930133.54,2021-02-10,9811.61,Resale,2021,2,1
2150,865,46910677.71,2019-08-07,11035.21,Resale,2019,8,3
2151,865,47780219.76,2021-06-06,11239.76,Resale,2021,6,2
2152,865,58896159.66,2023-03-05,13854.66,Resale,2023,3,1
2153,866,68101877.56,2020-04-18,7968.86,Sale,2020,4,2
2154,866,67559292.02,2018-10-11,7905.37,Resale,2018,10,4
2155,866,66932699.3,2019-02-01,7832.05,Sale,2019,2,1
2156,867,26582172.06,2020-07-17,19068.99,Sale,2020,7,3
2157,867,28734382.6,2020-09-22,20612.9,Resale,2020,9,3
2158,867,29355088.98,2023-01-21,21058.17,Sale,2023,1,1
2159,868,52496101.98,2023-03-30,10547.74,Sale,2023,3,1
2160,868,33876448.2,2019-01-13,6806.6,Sale,2019,1,1
2161,868,32452229.88,2018-07-07,6520.44,Sale,2018,7,3
2162,868,39960034.38,2021-05-24,8028.94,Sale,2021,5,2
2163,869,36939200.0,2021-05-20,9234.8,Resale,2021,5,2
2164,869,51718320.0,2022-02-01,12929.58,Resale,2022,2,1
2165,869,42936000.0,2024-03-09,10734.0,Resale,2024,3,1
2166,870,16264987.65,2023-12-14,7181.01,Sale,2023,12,4
2167,871,16400496.24,2023-09-28,8918.16,Resale,2023,9,3
2168,871,10896792.21,2018-08-08,5925.39,Sale,2018,8,3
2169,871,16202969.25,2019-04-19,8810.75,Resale,2019,4,2
2170,871,17022593.16,2024-06-03,9256.44,Sale,2024,6,2
2171,872,82527326.55,2020-11-11,12367.35,Sale,2020,11,4
2172,872,159894822.58,2023-02-13,23961.46,Resale,2023,2,1
2173,872,143463093.92,2020-06-18,21499.04,Sale,2020,6,2
2174,872,148251505.26,2023-07-05,22216.62,Resale,2023,7,3
2175,873,65189864.84,2020-05-12,16879.82,Sale,2020,5,2
2176,874,18447747.34,2019-10-19,9421.73,Sale,2019,10,4
2177,875,40240187.21,2020-07-27,9497.33,Resale,2020,7,3
2178,875,37709088.15,2020-12-17,8899.95,Sale,2020,12,4
2179,876,39975051.0,2018-02-26,5670.22,Resale,2018,2,1
2180,876,60689361.0,2023-01-20,8608.42,Sale,2023,1,1
2181,876,53838171.0,2019-04-27,7636.62,Resale,2019,4,2
2182,876,62871970.5,2023-11-22,8918.01,Sale,2023,11,4
2183,877,27437015.62,2024-03-25,19403.83,Resale,2024,3,1
2184,877,32251544.22,2021-06-22,22808.73,Resale,2021,6,2
2185,877,36154721.54,2023-04-16,25569.11,Resale,2023,4,2
2186,877,33273724.82,2020-11-13,23531.63,Sale,2020,11,4
2187,878,7495672.8,2018-03-15,15948.24,Sale,2018,3,1
2188,878,10419148.0,2022-07-08,22168.4,Resale,2022,7,3
2189,878,11204828.2,2022-08-11,23840.06,Resale,2022,8,3
2190,878,9826290.0,2022-07-06,20907.0,Sale,2022,7,3
2191,879,12438848.58,2023-01-15,9702.69,Resale,2023,1,1
2192,880,78097583.95,2019-10-26,19024.99,Sale,2019,10,4
2193,880,70367745.8,2019-05-08,17141.96,Sale,2019,5,2
2194,881,30131810.28,2019-05-11,17337.06,Sale,2019,5,2
2196,882,3995081.31,2023-05-24,7439.63,Resale,2023,5,2
2197,882,3721576.47,2022-12-09,6930.31,Sale,2022,12,4
2198,883,9165247.65,2020-12-06,7580.85,Sale,2020,12,4
2199,883,8769227.61,2020-04-23,7253.29,Sale,2020,4,2
2201,883,9137162.58,2022-01-15,7557.62,Resale,2022,1,1
2202,884,25205088.8,2018-05-31,6313.9,Resale,2018,5,2
2203,884,31982466.88,2022-07-01,8011.64,Resale,2022,7,3
2205,886,6188321.56,2019-01-23,6639.83,Sale,2019,1,1
2206,886,6067450.48,2020-04-08,6510.14,Resale,2020,4,2
2207,887,7390074.5,2020-04-22,12525.55,Resale,2020,4,2
2208,887,7638794.9,2023-11-05,12947.11,Resale,2023,11,4
2209,887,7849725.8,2024-06-26,13304.62,Sale,2024,6,2
2210,888,11098978.36,2023-11-04,10530.34,Resale,2023,11,4
2211,889,42897193.95,2021-12-10,24276.85,Sale,2021,12,4
2212,889,37016776.98,2019-09-23,20948.94,Resale,2019,9,3
2213,889,36251489.28,2020-01-13,20515.84,Sale,2020,1,1
2214,889,25255359.93,2018-04-30,14292.79,Resale,2018,4,2
2215,890,58862047.29,2023-03-31,11672.03,Sale,2023,3,1
2216,890,71251639.26,2023-04-25,14128.82,Sale,2023,4,2
2217,891,14573892.0,2024-04-09,12563.7,Sale,2024,4,2
2218,891,12360774.4,2022-03-22,10655.84,Resale,2022,3,1
2219,891,13199930.0,2023-12-07,11379.25,Sale,2023,12,4
2220,892,54788383.65,2022-08-10,10946.73,Resale,2022,8,3
2221,893,38327568.6,2022-01-20,7286.61,Resale,2022,1,1
2222,893,46268275.0,2024-06-03,8796.25,Resale,2024,6,2
2223,893,42515791.0,2019-11-15,8082.85,Sale,2019,11,4
2224,894,94328222.15,2023-08-09,13566.55,Sale,2023,8,3
2225,894,60327287.32,2019-03-04,8676.44,Sale,2019,3,1
2226,895,6811271.38,2020-03-03,11623.33,Resale,2020,3,1
2227,895,6791740.0,2021-10-10,11590.0,Resale,2021,10,4
2228,895,6015319.3,2019-12-28,10265.05,Resale,2019,12,4
2229,895,6878714.12,2022-06-26,11738.42,Resale,2022,6,2
2230,896,8335787.5,2023-10-30,20787.5,Resale,2023,10,4
2231,896,8926717.14,2023-05-05,22261.14,Resale,2023,5,2
2232,896,9844906.89,2022-02-08,24550.89,Sale,2022,2,1
2233,896,7654095.52,2022-01-18,19087.52,Resale,2022,1,1
2234,897,8637797.56,2020-05-04,6860.84,Resale,2020,5,2
2235,898,13755311.46,2023-06-12,9434.37,Resale,2023,6,2
2236,899,4749227.08,2021-11-18,9613.82,Sale,2021,11,4
2237,900,5138700.71,2024-02-22,9713.99,Resale,2024,2,1
2238,901,15965871.35,2022-11-06,10149.95,Resale,2022,11,4
2239,901,15446498.21,2019-06-18,9819.77,Sale,2019,6,2
2240,902,11487098.82,2018-02-23,18708.63,Resale,2018,2,1
2241,902,12911658.64,2022-07-22,21028.76,Sale,2022,7,3
2242,903,23938222.7,2018-04-23,6798.7,Sale,2018,4,2
2243,903,23993924.92,2019-01-20,6814.52,Sale,2019,1,1
2244,903,24591966.77,2018-12-02,6984.37,Sale,2018,12,4
2245,904,21663544.05,2021-10-01,18788.85,Resale,2021,10,4
2246,905,39782338.54,2021-06-14,8038.46,Resale,2021,6,2
2247,906,31568908.52,2020-03-25,7933.88,Resale,2020,3,1
2248,906,25015694.47,2020-10-25,6286.93,Resale,2020,10,4
2249,907,9873108.28,2018-11-02,6590.86,Resale,2018,11,4
2250,907,11138139.32,2018-02-22,7435.34,Sale,2018,2,1
2251,908,42132003.03,2023-11-19,8782.99,Resale,2023,11,4
2252,909,37484338.96,2022-04-24,10612.78,Resale,2022,4,2
2253,910,62859829.28,2018-03-17,20257.76,Resale,2018,3,1
2254,910,61938951.97,2024-05-26,19960.99,Sale,2024,5,2
2255,910,49265803.49,2021-11-04,15876.83,Resale,2021,11,4
2256,910,62778809.95,2020-07-07,20231.65,Sale,2020,7,3
2257,911,12090157.71,2023-02-04,7314.07,Resale,2023,2,1
2258,911,15579442.35,2023-03-07,9424.95,Sale,2023,3,1
2259,911,13953105.24,2022-05-05,8441.08,Resale,2022,5,2
2260,911,12212000.34,2020-01-14,7387.78,Sale,2020,1,1
2261,912,7079616.53,2019-04-30,6418.51,Sale,2019,4,2
2262,912,9571580.31,2020-01-13,8677.77,Sale,2020,1,1
2263,912,10163042.0,2023-02-20,9214.0,Sale,2023,2,1
2264,912,9533648.14,2022-11-06,8643.38,Resale,2022,11,4
2265,913,18073294.2,2019-12-12,21827.65,Sale,2019,12,4
2266,913,16221414.24,2022-01-30,19591.08,Resale,2022,1,1
2267,914,27936148.86,2019-10-11,7952.22,Resale,2019,10,4
2268,914,27415697.91,2022-01-27,7804.07,Resale,2022,1,1
2269,914,25176792.75,2019-03-01,7166.75,Resale,2019,3,1
2270,914,27783157.71,2022-01-22,7908.67,Resale,2022,1,1
2271,915,31600580.72,2019-10-05,7390.22,Resale,2019,10,4
2272,915,55776657.12,2023-03-28,13044.12,Sale,2023,3,1
2273,916,28493885.92,2019-04-19,14902.66,Resale,2019,4,2
2274,917,5949384.87,2019-01-28,6559.41,Resale,2019,1,1
2275,917,7805206.64,2023-08-07,8605.52,Sale,2023,8,3
2276,917,5443850.28,2020-01-20,6002.04,Resale,2020,1,1
2277,918,14969243.33,2022-10-03,7533.59,Resale,2022,10,4
2278,919,51968694.95,2023-09-14,12043.73,Resale,2023,9,3
2279,919,37219550.3,2018-09-15,8625.62,Sale,2018,9,3
2280,919,48885195.95,2023-11-16,11329.13,Resale,2023,11,4
2281,919,44942148.95,2023-04-27,10415.33,Sale,2023,4,2
2282,920,4600052.44,2023-08-14,11764.84,Resale,2023,8,3
2283,920,4396149.85,2023-05-16,11243.35,Resale,2023,5,2
2284,920,3165180.19,2020-05-20,8095.09,Sale,2020,5,2
2285,921,1946118.2,2021-01-26,7485.07,Resale,2021,1,1
2286,921,1869582.0,2023-07-26,7190.7,Sale,2023,7,3
2287,921,1984377.2,2019-11-21,7632.22,Resale,2019,11,4
2288,921,1803874.8,2020-04-02,6937.98,Sale,2020,4,2
2289,922,19175688.32,2022-06-09,11306.42,Resale,2022,6,2
2290,922,16429372.48,2022-10-04,9687.13,Resale,2022,10,4
2291,922,14491149.76,2022-06-01,8544.31,Resale,2022,6,2
2292,922,14983108.48,2021-10-03,8834.38,Resale,2021,10,4
2293,923,4263357.5,2022-04-27,6038.75,Resale,2022,4,2
2294,923,5733235.38,2020-12-21,8120.73,Resale,2020,12,4
2295,923,4137280.02,2018-11-17,5860.17,Resale,2018,11,4
2296,923,5473328.54,2021-12-19,7752.59,Sale,2021,12,4
2297,924,19902603.78,2022-12-21,20371.14,Resale,2022,12,4
2298,924,19204283.26,2021-08-02,19656.38,Sale,2021,8,3
2299,924,18235978.56,2019-06-16,18665.28,Resale,2019,6,2
2300,925,20746252.59,2022-02-02,22525.79,Sale,2022,2,1
2301,926,3147501.67,2023-07-22,9070.61,Sale,2023,7,3
2302,926,2428420.51,2018-01-23,6998.33,Resale,2018,1,1
2303,926,2541688.25,2023-11-18,7324.75,Resale,2023,11,4
2304,926,3668320.91,2021-07-13,10571.53,Sale,2021,7,3
2305,927,143125806.12,2021-09-25,21831.27,Sale,2021,9,3
2306,927,139108879.36,2020-08-28,21218.56,Resale,2020,8,3
2307,927,133568207.08,2021-12-02,20373.43,Resale,2021,12,4
2308,928,31404108.72,2023-05-29,7563.61,Sale,2023,5,2
2309,929,80018193.93,2020-07-29,10262.69,Sale,2020,7,3
2310,929,81322008.27,2020-03-24,10429.91,Resale,2020,3,1
2311,929,100607653.86,2022-07-09,12903.38,Sale,2022,7,3
2312,930,12834185.07,2019-05-11,8607.77,Sale,2019,5,2
2313,930,14147472.78,2022-07-26,9488.58,Resale,2022,7,3
2314,931,5255280.3,2023-11-20,9219.79,Sale,2023,11,4
2315,931,5718946.8,2021-02-07,10033.24,Sale,2021,2,1
2316,931,6937749.3,2023-04-29,12171.49,Sale,2023,4,2
2317,932,14009889.9,2020-05-06,19191.63,Sale,2020,5,2
2318,932,15423651.7,2021-01-30,21128.29,Sale,2021,1,1
2319,932,11513910.4,2021-12-11,15772.48,Sale,2021,12,4
2320,932,18081099.9,2022-05-02,24768.63,Sale,2022,5,2
2321,933,55552835.2,2020-11-20,5641.6,Sale,2020,11,4
2322,933,61274729.96,2021-07-11,6222.68,Sale,2021,7,3
2323,934,26040082.74,2019-08-02,16756.81,Resale,2019,8,3
2324,935,6382809.12,2023-10-17,11563.06,Sale,2023,10,4
2325,935,5200772.88,2023-12-24,9421.69,Resale,2023,12,4
2326,935,5376435.84,2022-11-04,9739.92,Sale,2022,11,4
2327,936,2391332.26,2021-04-08,8727.49,Resale,2021,4,2
2328,936,2284083.18,2023-03-29,8336.07,Resale,2023,3,1
2329,937,18748614.56,2020-12-27,21208.84,Resale,2020,12,4
2330,937,16803823.4,2022-11-04,19008.85,Sale,2022,11,4
2331,937,17706307.84,2020-10-11,20029.76,Sale,2020,10,4
2332,937,16591725.28,2019-07-14,18768.92,Resale,2019,7,3
2333,938,35961547.44,2024-05-25,22143.81,Resale,2024,5,2
2334,938,32539162.32,2020-12-19,20036.43,Sale,2020,12,4
2335,939,17601482.25,2019-08-24,5735.25,Sale,2019,8,3
2336,939,30754663.83,2024-06-15,10021.07,Resale,2024,6,2
2337,939,20453135.67,2018-10-13,6664.43,Sale,2018,10,4
2338,940,3622623.96,2018-03-28,6783.94,Sale,2018,3,1
2339,941,15572660.88,2022-11-22,12300.68,Sale,2022,11,4
2340,941,15580130.28,2023-06-02,12306.58,Sale,2023,6,2
2341,941,12931316.46,2021-09-05,10214.31,Sale,2021,9,3
2342,941,12235472.22,2022-05-24,9664.67,Resale,2022,5,2
2343,942,84912852.42,2023-03-06,9797.26,Resale,2023,3,1
2344,942,64295272.8,2024-05-06,7418.4,Resale,2024,5,2
2345,942,67860963.27,2020-04-08,7829.81,Sale,2020,4,2
2347,943,31981046.08,2018-12-24,7215.94,Resale,2018,12,4
2348,944,8869886.93,2020-05-30,8790.77,Resale,2020,5,2
2349,944,7074532.87,2023-01-06,7011.43,Resale,2023,1,1
2350,944,8783728.42,2021-01-09,8705.38,Resale,2021,1,1
2351,945,12539478.78,2021-10-30,8007.33,Sale,2021,10,4
2352,945,13024562.94,2021-11-09,8317.09,Sale,2021,11,4
2353,946,9929944.22,2018-05-10,9394.46,Sale,2018,5,2
2354,946,10938797.87,2023-03-30,10348.91,Sale,2023,3,1
2355,946,11488617.56,2022-07-11,10869.08,Resale,2022,7,3
2356,946,13467691.51,2021-09-30,12741.43,Resale,2021,9,3
2357,947,102101779.04,2018-09-05,15607.12,Resale,2018,9,3
2358,947,122318194.54,2018-12-15,18697.37,Sale,2018,12,4
2359,947,142065483.22,2019-10-18,21715.91,Sale,2019,10,4
2360,947,116206658.14,2020-09-06,17763.17,Resale,2020,9,3
2361,948,50742287.82,2020-06-13,6507.09,Sale,2020,6,2
2362,949,18390719.1,2020-02-08,6648.85,Resale,2020,2,1
2363,949,26363603.46,2023-03-07,9531.31,Resale,2023,3,1
2364,950,132601887.9,2023-11-04,19820.91,Resale,2023,11,4
2365,950,125571835.2,2019-02-24,18770.08,Sale,2019,2,1
2366,950,157063672.2,2020-10-14,23477.38,Resale,2020,10,4
2367,951,8162827.92,2023-08-13,11627.96,Resale,2023,8,3
2368,951,5728291.92,2018-02-06,8159.96,Resale,2018,2,1
2369,951,8337008.16,2023-08-31,11876.08,Sale,2023,8,3
2370,951,8145713.16,2023-06-28,11603.58,Sale,2023,6,2
2371,952,9742413.6,2022-07-15,11766.2,Resale,2022,7,3
2372,953,7599316.76,2018-05-03,10748.68,Resale,2018,5,2
2373,954,35460626.11,2018-06-17,9428.51,Resale,2018,6,2
2374,954,42109998.89,2018-05-27,11196.49,Resale,2018,5,2
2375,954,46407881.64,2023-12-02,12339.24,Sale,2023,12,4
2376,955,13917404.5,2022-12-13,7880.75,Resale,2022,12,4
2377,955,20483533.78,2023-09-30,11598.83,Sale,2023,9,3
2378,955,12176834.9,2018-02-13,6895.15,Sale,2018,2,1
2379,956,14551756.32,2023-10-21,20437.86,Resale,2023,10,4
2381,956,14493771.04,2022-11-08,20356.42,Resale,2022,11,4
2382,957,27608637.42,2018-01-30,8165.82,Resale,2018,1,1
2383,957,31825150.14,2020-12-10,9412.94,Sale,2020,12,4
2384,957,40339184.34,2023-05-17,11931.14,Sale,2023,5,2
2385,958,10458900.48,2018-02-10,7781.92,Sale,2018,2,1
2386,959,3787033.41,2023-01-25,5764.13,Sale,2023,1,1
2387,960,5969967.77,2020-11-15,11200.69,Sale,2020,11,4
2388,960,4477786.3,2018-12-05,8401.1,Resale,2018,12,4
2389,960,5927119.9,2023-07-11,11120.3,Resale,2023,7,3
2390,960,7519633.29,2023-08-21,14108.13,Resale,2023,8,3
2391,961,9737263.48,2020-12-30,8040.68,Sale,2020,12,4
2392,961,12148085.95,2024-03-06,10031.45,Resale,2024,3,1
2393,961,9438909.41,2020-06-02,7794.31,Sale,2020,6,2
2394,962,47028572.85,2020-02-02,8558.43,Sale,2020,2,1
2395,962,59713450.65,2023-03-04,10866.87,Resale,2023,3,1
2396,963,1967675.23,2018-01-21,6326.93,Resale,2018,1,1
2397,963,3353099.37,2019-09-25,10781.67,Resale,2019,9,3
2398,963,3318618.8,2018-08-10,10670.8,Sale,2018,8,3
2399,963,3679447.22,2022-01-21,11831.02,Sale,2022,1,1
2400,964,41160344.1,2018-06-04,16536.9,Sale,2018,6,2
2401,964,47872803.75,2022-07-06,19233.75,Resale,2022,7,3
2402,965,11164536.07,2020-06-15,12936.89,Sale,2020,6,2
2403,965,7338926.11,2019-11-08,8503.97,Sale,2019,11,4
2404,966,20738499.96,2022-06-25,13192.43,Resale,2022,6,2
2405,966,16588309.92,2020-12-20,10552.36,Sale,2020,12,4
2406,966,19735894.08,2020-09-29,12554.64,Sale,2020,9,3
2407,967,10203328.36,2019-04-26,18351.31,Resale,2019,4,2
2408,967,9531285.6,2021-02-01,17142.6,Sale,2021,2,1
2409,967,11211879.0,2020-01-08,20165.25,Resale,2020,1,1
2410,967,9209578.44,2020-05-03,16563.99,Sale,2020,5,2
2411,968,53576947.25,2019-04-27,9803.65,Sale,2019,4,2
2412,969,14402248.84,2020-05-30,8432.23,Sale,2020,5,2
2413,969,17778469.52,2024-04-06,10408.94,Resale,2024,4,2
2414,969,13073322.36,2018-01-18,7654.17,Sale,2018,1,1
2415,970,44508299.49,2019-06-09,6802.43,Sale,2019,6,2
2416,970,45075315.87,2018-11-18,6889.09,Sale,2018,11,4
2417,970,46407601.53,2018-06-09,7092.71,Resale,2018,6,2
2418,971,41067780.0,2018-08-16,22198.8,Resale,2018,8,3
2419,971,37279146.5,2023-12-05,20150.89,Sale,2023,12,4
2420,972,7862341.35,2024-05-09,8687.67,Sale,2024,5,2
2421,973,82031808.48,2021-11-20,20314.96,Resale,2021,11,4
2422,974,17682299.32,2023-01-11,8364.38,Sale,2023,1,1
2423,974,15869480.9,2023-10-16,7506.85,Resale,2023,10,4
2424,974,12393916.92,2022-12-22,5862.78,Resale,2022,12,4
2425,975,5416918.71,2020-04-17,5684.07,Sale,2020,4,2
2426,975,8273517.15,2021-01-14,8681.55,Resale,2021,1,1
2427,975,7302305.32,2021-09-03,7662.44,Sale,2021,9,3
2428,975,8860269.72,2023-11-26,9297.24,Sale,2023,11,4
2429,976,71604550.29,2018-12-13,16741.77,Sale,2018,12,4
2430,976,98900791.99,2023-06-14,23123.87,Sale,2023,6,2
2431,976,102915526.35,2020-02-09,24062.55,Sale,2020,2,1
2432,977,17020965.29,2021-01-29,12598.79,Sale,2021,1,1
2433,977,15969427.95,2021-12-25,11820.45,Sale,2021,12,4
2434,977,16190640.69,2023-08-29,11984.19,Resale,2023,8,3
2435,977,14464535.54,2020-01-27,10706.54,Resale,2020,1,1
2436,978,6495810.88,2023-03-28,8825.83,Resale,2023,3,1
2437,978,6094624.64,2023-12-03,8280.74,Sale,2023,12,4
2438,978,5371195.52,2021-10-10,7297.82,Resale,2021,10,4
2439,979,14960406.96,2020-09-25,11437.62,Sale,2020,9,3
2440,980,13376052.12,2024-06-13,10336.98,Resale,2024,6,2
2441,981,2323012.72,2021-05-27,9038.96,Resale,2021,5,2
2442,981,2099869.9,2023-08-18,8170.7,Resale,2023,8,3
2443,981,1744785.85,2022-05-07,6789.05,Sale,2022,5,2
2444,982,5730599.28,2018-03-03,6541.78,Resale,2018,3,1
2445,982,7135151.4,2023-10-01,8145.15,Resale,2023,10,4
2446,982,6050899.92,2019-04-17,6907.42,Resale,2019,4,2
2447,983,4834201.68,2023-09-22,7847.73,Sale,2023,9,3
2448,984,71090982.9,2021-03-26,9812.42,Resale,2021,3,1
2449,984,74098527.3,2021-04-04,10227.54,Sale,2021,4,2
2450,984,72461954.25,2020-08-30,10001.65,Resale,2020,8,3
2451,985,44128055.48,2022-12-23,9475.64,Resale,2022,12,4
2452,986,59279176.8,2021-11-20,8017.2,Resale,2021,11,4
2453,986,60236847.68,2020-05-11,8146.72,Resale,2020,5,2
2454,986,61129673.18,2021-09-24,8267.47,Sale,2021,9,3
2455,987,3905194.93,2023-09-11,9690.31,Sale,2023,9,3
2456,988,33155263.54,2023-01-04,23531.06,Resale,2023,1,1
2457,988,27604254.42,2021-09-12,19591.38,Resale,2021,9,3
2458,989,52286778.3,2023-01-26,7518.95,Resale,2023,1,1
2459,989,60243684.18,2023-07-13,8663.17,Resale,2023,7,3
2460,989,64613855.94,2022-03-05,9291.61,Sale,2022,3,1
2461,989,54508164.06,2022-02-24,7838.39,Resale,2022,2,1
2462,990,7036240.95,2019-06-01,6310.53,Sale,2019,6,2
2463,991,52666356.93,2019-08-31,7191.91,Resale,2019,8,3
2464,991,53544604.32,2020-10-14,7311.84,Resale,2020,10,4
2465,991,61305666.18,2023-04-09,8371.66,Sale,2023,4,2
2466,991,42380983.74,2018-03-11,5787.38,Resale,2018,3,1
2467,992,15040145.27,2021-03-13,10308.53,Resale,2021,3,1
2468,993,9290897.78,2021-03-10,7887.01,Resale,2021,3,1
2469,993,9061552.96,2024-05-20,7692.32,Resale,2024,5,2
2470,993,8904926.08,2023-03-07,7559.36,Resale,2023,3,1
2471,994,8407902.5,2022-11-23,7692.5,Resale,2022,11,4
2472,995,15665377.77,2020-03-19,6535.41,Resale,2020,3,1
2473,995,18420130.02,2022-09-24,7684.66,Resale,2022,9,3
2474,996,10916451.81,2019-09-23,7243.83,Resale,2019,9,3
2475,997,11826147.22,2020-06-24,6577.39,Resale,2020,6,2
2476,997,12378259.08,2018-05-03,6884.46,Sale,2018,5,2
2477,997,14980594.38,2023-01-19,8331.81,Resale,2023,1,1
2478,998,9715596.88,2020-12-15,6468.44,Sale,2020,12,4
2479,998,12654109.68,2022-03-19,8424.84,Resale,2022,3,1
2480,998,9553831.48,2019-05-23,6360.74,Sale,2019,5,2
2481,998,9765087.78,2019-09-19,6501.39,Resale,2019,9,3
2482,999,28775667.2,2023-06-01,13522.4,Resale,2023,6,2
2483,999,21126486.08,2022-01-16,9927.86,Sale,2022,1,1
2484,1000,48189295.47,2021-03-05,9111.23,Resale,2021,3,1
2485,1001,27451759.02,2020-04-07,19318.62,Resale,2020,4,2
2486,1002,33770458.83,2023-07-27,20209.73,Sale,2023,7,3
2487,1003,18760692.69,2021-10-20,7710.93,Resale,2021,10,4
2488,1004,7745198.1,2021-10-09,8328.17,Sale,2021,10,4
2489,1004,8838217.8,2021-04-01,9503.46,Resale,2021,4,2
2490,1004,8418174.0,2021-12-27,9051.8,Resale,2021,12,4
2491,1005,2457786.17,2022-11-18,8746.57,Sale,2022,11,4
2492,1005,2400262.66,2019-05-19,8541.86,Resale,2019,5,2
2493,1005,2071279.1,2024-04-05,7371.1,Sale,2024,4,2
2494,1006,2863934.7,2022-03-08,8301.26,Resale,2022,3,1
2495,1006,2884120.65,2022-08-26,8359.77,Resale,2022,8,3
2496,1007,14874403.05,2024-04-14,25426.33,Resale,2024,4,2
2497,1008,19740729.6,2021-05-20,17136.05,Sale,2021,5,2
2498,1009,9933265.75,2023-08-22,10272.25,Resale,2023,8,3
2499,1010,16340316.65,2021-04-18,20815.69,Sale,2021,4,2
2500,1011,10691727.02,2023-04-25,13265.17,Sale,2023,4,2
2501,1012,15217298.18,2021-09-12,10158.41,Resale,2021,9,3
2502,1012,13123903.1,2024-04-09,8760.95,Resale,2024,4,2
2503,1012,9368057.58,2019-10-12,6253.71,Sale,2019,10,4
2504,1013,52040763.62,2020-08-06,8607.47,Sale,2020,8,3
2505,1013,68943323.98,2022-05-21,11403.13,Resale,2022,5,2
2506,1013,47943752.18,2018-07-09,7929.83,Sale,2018,7,3
2507,1013,38519972.9,2018-10-08,6371.15,Resale,2018,10,4
2508,1014,24253130.24,2023-11-15,12224.36,Resale,2023,11,4
2509,1015,109029610.04,2018-12-27,19483.49,Sale,2018,12,4
2510,1016,39594643.2,2022-03-03,7856.08,Sale,2022,3,1
2511,1016,43469042.4,2018-11-17,8624.81,Sale,2018,11,4
2512,1016,33492614.4,2019-03-19,6645.36,Resale,2019,3,1
2513,1017,25569684.8,2019-12-11,6376.48,Sale,2019,12,4
2514,1017,30037987.7,2019-10-25,7490.77,Resale,2019,10,4
2515,1018,12534427.68,2018-07-18,6979.08,Sale,2018,7,3
2516,1018,14143176.72,2020-02-17,7874.82,Sale,2020,2,1
2517,1018,14146014.4,2020-06-08,7876.4,Resale,2020,6,2
2518,1019,193346704.48,2023-08-10,26529.46,Sale,2023,8,3
2519,1019,105944417.04,2020-01-28,14536.83,Sale,2020,1,1
2520,1020,6507564.83,2024-02-04,9845.03,Resale,2024,2,1
2521,1020,5805629.1,2023-10-26,8783.1,Sale,2023,10,4
2522,1021,2883896.55,2024-04-11,8660.35,Sale,2024,4,2
2523,1022,12715370.31,2021-03-06,6974.97,Resale,2021,3,1
2524,1022,10529593.31,2023-10-30,5775.97,Sale,2023,10,4
2525,1022,13285604.71,2022-08-16,7287.77,Resale,2022,8,3
2526,1023,20260234.68,2022-07-14,25776.38,Sale,2022,7,3
2527,1023,18361541.64,2021-01-23,23360.74,Sale,2021,1,1
2528,1023,13823083.32,2018-02-02,17586.62,Sale,2018,2,1
2529,1023,13867390.14,2021-05-09,17642.99,Sale,2021,5,2
2530,1024,18364471.86,2021-04-19,11667.39,Sale,2021,4,2
2531,1024,20326872.1,2022-07-16,12914.15,Resale,2022,7,3
2532,1025,60933262.33,2023-05-24,13152.01,Resale,2023,5,2
2533,1025,39060823.0,2019-09-02,8431.0,Resale,2019,9,3
2534,1025,44095967.4,2021-06-11,9517.8,Resale,2021,6,2
2535,1026,6512731.61,2020-11-21,12082.99,Resale,2020,11,4
2536,1027,3027547.38,2019-11-13,5890.17,Resale,2019,11,4
2537,1027,4380580.42,2022-11-14,8522.53,Resale,2022,11,4
2538,1028,11908572.64,2022-12-17,6828.31,Resale,2022,12,4
2539,1028,15298472.64,2023-10-24,8772.06,Sale,2023,10,4
2540,1029,3666694.41,2022-12-23,11943.63,Resale,2022,12,4
2541,1029,3248615.67,2021-01-21,10581.81,Sale,2021,1,1
2542,1029,3465317.76,2021-06-28,11287.68,Resale,2021,6,2
2543,1029,3063371.87,2023-11-27,9978.41,Resale,2023,11,4
2544,1030,28304200.11,2021-06-07,6915.27,Resale,2021,6,2
2545,1031,14363978.28,2020-06-08,8293.29,Resale,2020,6,2
2546,1031,14714431.16,2020-10-18,8495.63,Sale,2020,10,4
2547,1031,14683688.16,2021-09-01,8477.88,Resale,2021,9,3
2548,1031,16742308.72,2022-11-26,9666.46,Resale,2022,11,4
2549,1032,88794398.94,2019-08-14,15285.66,Sale,2019,8,3
2550,1032,116480615.75,2021-02-17,20051.75,Sale,2021,2,1
2551,1032,135077954.98,2019-09-18,23253.22,Resale,2019,9,3
2552,1033,4009189.5,2024-03-25,10201.5,Resale,2024,3,1
2553,1034,35425281.5,2022-05-11,24017.14,Resale,2022,5,2
2554,1034,32308208.25,2022-09-10,21903.87,Sale,2022,9,3
2555,1034,31637732.25,2019-05-14,21449.31,Sale,2019,5,2
2556,1035,2630550.09,2024-06-19,9295.23,Sale,2024,6,2
2557,1035,1685083.88,2020-09-22,5954.36,Sale,2020,9,3
2558,1036,46820865.9,2022-04-21,9023.1,Resale,2022,4,2
2559,1036,32036678.44,2019-07-17,6173.96,Sale,2019,7,3
2560,1036,36803293.84,2018-08-03,7092.56,Sale,2018,8,3
2561,1037,77889317.52,2020-05-01,16250.64,Sale,2020,5,2
2563,1037,83428012.46,2018-08-07,17406.22,Resale,2018,8,3
2564,1037,74789157.19,2018-09-21,15603.83,Sale,2018,9,3
2565,1038,59121598.3,2023-07-08,8348.15,Resale,2023,7,3
2566,1038,61841157.12,2023-11-04,8732.16,Resale,2023,11,4
2567,1038,64401583.4,2023-07-24,9093.7,Sale,2023,7,3
2568,1038,57415473.68,2018-07-30,8107.24,Resale,2018,7,3
2569,1039,9145823.94,2021-09-04,8329.53,Resale,2021,9,3
2570,1039,6706792.62,2021-08-26,6108.19,Resale,2021,8,3
2571,1039,8124211.8,2022-06-24,7399.1,Resale,2022,6,2
2572,1040,3047703.94,2023-08-20,11246.14,Resale,2023,8,3
2573,1040,2434561.02,2024-04-19,8983.62,Sale,2024,4,2
2574,1040,1962479.02,2018-08-10,7241.62,Resale,2018,8,3
2575,1040,2001660.2,2021-10-13,7386.2,Sale,2021,10,4
2576,1041,14309723.25,2022-06-09,19629.25,Resale,2022,6,2
2577,1041,15331547.97,2022-10-05,21030.93,Resale,2022,10,4
2578,1042,32159076.95,2020-12-17,20470.45,Sale,2020,12,4
2579,1042,33128148.3,2022-08-24,21087.3,Sale,2022,8,3
2580,1042,36875328.92,2019-11-10,23472.52,Resale,2019,11,4
2581,1043,191502268.95,2022-02-14,20669.43,Resale,2022,2,1
2582,1044,14165748.63,2020-11-11,8804.07,Resale,2020,11,4
2583,1045,11731654.88,2020-03-01,8600.92,Resale,2020,3,1
2584,1045,11889756.12,2020-11-03,8716.83,Sale,2020,11,4
2585,1045,9582345.52,2018-06-23,7025.18,Sale,2018,6,2
2586,1046,71017735.96,2019-09-11,17701.33,Sale,2019,9,3
2587,1046,72468555.4,2023-09-21,18062.95,Resale,2023,9,3
2588,1046,102665394.96,2022-12-20,25589.58,Resale,2022,12,4
2589,1047,152221068.5,2019-02-13,21068.66,Resale,2019,2,1
2590,1047,130576196.75,2019-07-17,18072.83,Sale,2019,7,3
2591,1047,146697267.0,2020-10-19,20304.12,Resale,2020,10,4
2592,1047,126512495.5,2018-12-06,17510.38,Sale,2018,12,4
2593,1048,8317921.22,2018-03-30,8368.13,Resale,2018,3,1
2594,1048,7553306.6,2022-08-02,7598.9,Resale,2022,8,3
2595,1048,6826692.6,2019-02-19,6867.9,Sale,2019,2,1
2596,1049,27823999.77,2021-07-20,7010.33,Resale,2021,7,3
2597,1049,26758720.17,2018-07-23,6741.93,Sale,2018,7,3
2598,1050,22325369.0,2020-02-08,20295.79,Sale,2020,2,1
2599,1050,22708400.0,2020-02-01,20644.0,Resale,2020,2,1
2600,1050,21957518.0,2022-09-30,19961.38,Resale,2022,9,3
2601,1051,15773489.19,2020-02-02,8577.21,Resale,2020,2,1
2602,1051,11302199.76,2018-07-15,6145.84,Resale,2018,7,3
2603,1052,20027210.89,2020-04-28,11516.51,Sale,2020,4,2
2604,1052,29303419.47,2024-02-23,16850.73,Sale,2024,2,1
2605,1053,6363903.91,2022-07-06,9990.43,Sale,2022,7,3
2606,1054,114547396.84,2023-07-05,24361.42,Sale,2023,7,3
2607,1055,28590727.28,2022-01-29,10983.76,Sale,2022,1,1
2608,1056,19017501.65,2018-11-30,11193.35,Resale,2018,11,4
2609,1056,17435698.67,2021-12-02,10262.33,Resale,2021,12,4
2610,1057,14872006.7,2022-07-23,11493.05,Resale,2022,7,3
2611,1057,11963055.88,2018-03-27,9245.02,Resale,2018,3,1
2612,1057,12196027.64,2019-06-28,9425.06,Resale,2019,6,2
2613,1058,19579993.42,2020-01-09,10993.82,Resale,2020,1,1
2614,1059,5702401.6,2019-01-27,7503.16,Sale,2019,1,1
2615,1059,6640583.6,2021-04-02,8737.61,Sale,2021,4,2
2616,1059,6438507.2,2021-07-20,8471.72,Sale,2021,7,3
2617,1059,4934064.4,2018-07-03,6492.19,Resale,2018,7,3
2618,1060,17101815.18,2023-06-06,8806.29,Resale,2023,6,2
2619,1061,19425697.65,2019-05-21,10175.85,Sale,2019,5,2
2620,1061,18317752.23,2018-06-14,9595.47,Resale,2018,6,2
2621,1061,19747860.49,2018-11-11,10344.61,Sale,2018,11,4
2622,1062,52601424.12,2019-07-28,9075.47,Sale,2019,7,3
2623,1062,47163501.0,2022-07-03,8137.25,Resale,2022,7,3
2624,1063,60941746.36,2021-10-21,10791.88,Sale,2021,10,4
2625,1063,64536513.62,2023-02-27,11428.46,Sale,2023,2,1
2626,1063,52002375.95,2021-03-03,9208.85,Resale,2021,3,1
2627,1064,101190753.87,2019-09-27,20372.61,Sale,2019,9,3
2628,1064,115346405.85,2021-03-06,23222.55,Sale,2021,3,1
2629,1065,9977235.02,2019-06-02,5999.54,Resale,2019,6,2
2630,1066,9829177.21,2020-10-16,9627.01,Sale,2020,10,4
2631,1066,9708648.16,2020-01-06,9508.96,Resale,2020,1,1
2632,1066,9331858.32,2022-10-07,9139.92,Resale,2022,10,4
2633,1067,25355952.37,2022-06-19,22222.57,Sale,2022,6,2
2634,1067,18778406.85,2019-12-20,16457.85,Sale,2019,12,4
2635,1067,23441434.24,2020-04-04,20544.64,Resale,2020,4,2
2636,1068,16036410.72,2022-08-23,23040.82,Resale,2022,8,3
2637,1069,8414952.03,2023-09-21,8848.53,Sale,2023,9,3
2638,1069,8070994.35,2022-09-11,8486.85,Sale,2022,9,3
2639,1069,8195175.93,2020-10-23,8617.43,Resale,2020,10,4
2640,1070,6343959.52,2021-09-20,6925.72,Resale,2021,9,3
2641,1070,5736807.24,2019-09-06,6262.89,Resale,2019,9,3
2642,1070,8348735.44,2023-02-15,9114.34,Sale,2023,2,1
2643,1071,12523895.6,2020-09-18,7164.7,Resale,2020,9,3
2644,1072,10614880.72,2018-08-24,7945.27,Sale,2018,8,3
2645,1072,12977048.96,2023-02-06,9713.36,Resale,2023,2,1
2646,1072,12194861.04,2019-04-07,9127.89,Sale,2019,4,2
2647,1072,9249502.08,2018-02-01,6923.28,Resale,2018,2,1
2648,1073,9071400.28,2024-03-02,7826.92,Resale,2024,3,1
2649,1073,8444659.44,2018-06-20,7286.16,Resale,2018,6,2
2650,1073,10938781.08,2024-06-29,9438.12,Sale,2024,6,2
2651,1073,10187355.02,2021-07-31,8789.78,Resale,2021,7,3
2652,1074,11882203.26,2018-10-18,9715.62,Sale,2018,10,4
2653,1075,4607302.07,2023-11-11,8516.27,Sale,2023,11,4
2654,1076,17471428.64,2023-02-02,10283.36,Sale,2023,2,1
2655,1076,16825995.53,2020-01-09,9903.47,Sale,2020,1,1
2656,1076,13542915.89,2022-02-03,7971.11,Sale,2022,2,1
2657,1076,20997057.52,2024-06-10,12358.48,Sale,2024,6,2
2658,1077,13481952.75,2018-03-10,8559.97,Resale,2018,3,1
2659,1077,18456039.0,2021-01-21,11718.12,Resale,2021,1,1
2660,1078,9432872.16,2018-12-02,13710.57,Resale,2018,12,4
2661,1078,14624244.96,2021-09-17,21256.17,Resale,2021,9,3
2662,1078,14726392.32,2018-08-18,21404.64,Resale,2018,8,3
2663,1079,2683680.23,2020-02-11,7870.03,Sale,2020,2,1
2664,1079,2625979.62,2019-03-20,7700.82,Sale,2019,3,1
2665,1079,2306861.59,2018-05-12,6764.99,Sale,2018,5,2
2666,1080,5147927.75,2019-12-25,15275.75,Resale,2019,12,4
2667,1080,6929687.19,2020-12-21,20562.87,Resale,2020,12,4
2668,1080,8272352.48,2023-12-05,24547.04,Resale,2023,12,4
2669,1081,10820416.25,2019-03-29,6459.95,Sale,2019,3,1
2670,1081,12239761.0,2019-08-08,7307.32,Sale,2019,8,3
2672,1082,10624087.5,2021-08-15,7362.5,Resale,2021,8,3
2673,1083,24014647.28,2021-07-18,7827.46,Sale,2021,7,3
2674,1084,9729720.0,2020-06-25,8505.0,Sale,2020,6,2
2675,1085,89442662.4,2022-05-22,10352.16,Resale,2022,5,2
2676,1085,84307478.4,2020-10-12,9757.81,Sale,2020,10,4
2677,1085,95505696.0,2022-09-03,11053.9,Sale,2022,9,3
2678,1086,7350132.35,2018-01-27,6039.55,Resale,2018,1,1
2679,1086,11171901.79,2023-05-29,9179.87,Resale,2023,5,2
2680,1087,4003740.0,2020-03-03,7670.0,Resale,2020,3,1
2681,1087,5338755.0,2018-08-05,10227.5,Sale,2018,8,3
2682,1087,6380171.1,2024-06-24,12222.55,Resale,2024,6,2
2683,1088,27948255.39,2022-07-20,25806.33,Resale,2022,7,3
2684,1089,38892891.51,2023-01-21,7842.89,Resale,2023,1,1
2685,1089,31583226.33,2018-05-16,6368.87,Sale,2018,5,2
2686,1090,13322270.8,2023-03-10,22580.12,Sale,2023,3,1
2687,1091,19744983.36,2022-12-11,23675.04,Sale,2022,12,4
2688,1091,14853064.62,2019-04-01,17809.43,Sale,2019,4,2
2689,1091,18955243.74,2021-10-28,22728.11,Sale,2021,10,4
2690,1092,112410759.23,2020-05-19,11266.99,Resale,2020,5,2
2691,1092,102787443.88,2019-01-15,10302.44,Resale,2019,1,1
2692,1093,15682040.4,2022-04-09,11298.3,Sale,2022,4,2
2693,1093,16425911.24,2023-02-03,11834.23,Resale,2023,2,1
2694,1093,14347297.96,2022-12-26,10336.67,Resale,2022,12,4
2695,1094,65576991.21,2021-12-23,7619.03,Sale,2021,12,4
2696,1095,17611451.28,2020-08-27,17682.18,Sale,2020,8,3
2697,1095,16239760.08,2018-05-06,16304.98,Sale,2018,5,2
2698,1095,19034585.88,2018-08-23,19111.03,Resale,2018,8,3
2699,1095,20995899.12,2022-01-27,21080.22,Sale,2022,1,1
2700,1096,77845045.11,2024-02-24,8677.41,Sale,2024,2,1
2701,1096,74124143.44,2020-10-10,8262.64,Sale,2020,10,4
2702,1096,85357719.35,2023-06-23,9514.85,Sale,2023,6,2
2703,1096,75856443.54,2022-03-20,8455.74,Resale,2022,3,1
2704,1097,10500910.2,2018-04-25,8839.15,Resale,2018,4,2
2705,1097,13246295.04,2021-05-13,11150.08,Sale,2021,5,2
2706,1097,14799664.44,2022-04-29,12457.63,Resale,2022,4,2
2707,1097,12920996.88,2021-04-27,10876.26,Resale,2021,4,2
2708,1098,6270499.43,2021-09-30,9100.87,Sale,2021,9,3
2709,1098,7484923.94,2022-02-18,10863.46,Resale,2022,2,1
2710,1099,12619560.24,2023-07-31,11128.36,Resale,2023,7,3
2711,1100,49771365.75,2018-01-28,15725.55,Resale,2018,1,1
2712,1100,74863833.9,2022-05-25,23653.66,Sale,2022,5,2
2713,1100,60899917.2,2018-02-20,19241.68,Resale,2018,2,1
2714,1101,51805945.8,2022-10-09,9436.42,Sale,2022,10,4
2715,1101,37923547.5,2020-01-17,6907.75,Resale,2020,1,1
2716,1101,41505443.1,2019-03-30,7560.19,Sale,2019,3,1
2717,1102,5623762.92,2018-04-17,6994.73,Sale,2018,4,2
2718,1102,7236152.76,2022-04-18,9000.19,Sale,2022,4,2
2719,1102,6058550.04,2019-05-12,7535.51,Resale,2019,5,2
2720,1102,7305385.2,2023-10-01,9086.3,Sale,2023,10,4
2721,1103,2686521.6,2018-04-19,6396.48,Sale,2018,4,2
2722,1104,73406808.0,2018-01-14,20390.78,Sale,2018,1,1
2723,1104,68556276.0,2021-02-14,19043.41,Sale,2021,2,1
2724,1104,86296644.0,2024-03-26,23971.29,Sale,2024,3,1
2725,1104,95171364.0,2023-03-30,26436.49,Sale,2023,3,1
2726,1105,2250473.28,2020-03-15,7076.96,Sale,2020,3,1
2727,1106,66917509.82,2022-07-22,20284.18,Sale,2022,7,3
2728,1106,83995542.09,2023-12-01,25460.91,Sale,2023,12,4
2729,1106,58097798.27,2021-11-12,17610.73,Resale,2021,11,4
2730,1106,83316409.95,2023-03-20,25255.05,Resale,2023,3,1
2731,1107,21578503.43,2018-07-23,6118.09,Sale,2018,7,3
2732,1107,28383038.72,2021-02-10,8047.36,Resale,2021,2,1
2733,1107,20741228.9,2019-07-04,5880.7,Resale,2019,7,3
2734,1107,34041440.09,2023-09-06,9651.67,Sale,2023,9,3
2735,1108,10023820.94,2019-03-07,6336.17,Resale,2019,3,1
2736,1109,13879046.81,2022-07-02,9435.11,Resale,2022,7,3
2737,1109,10967246.44,2022-11-13,7455.64,Sale,2022,11,4
2738,1109,16290824.86,2023-07-04,11074.66,Resale,2023,7,3
2739,1109,11433847.64,2020-04-08,7772.84,Resale,2020,4,2
2740,1110,55306107.63,2022-05-18,10712.01,Sale,2022,5,2
2741,1110,34544910.18,2019-11-17,6690.86,Sale,2019,11,4
2742,1110,34221241.71,2018-06-01,6628.17,Resale,2018,6,2
2743,1111,7561640.95,2020-04-18,11544.49,Resale,2020,4,2
2744,1112,6157539.19,2020-09-10,8354.87,Resale,2020,9,3
2745,1112,7170162.45,2021-03-02,9728.85,Sale,2021,3,1
2746,1112,8291928.04,2021-12-11,11250.92,Sale,2021,12,4
2747,1112,5822093.64,2018-07-19,7899.72,Resale,2018,7,3
2748,1113,17622706.08,2019-03-10,7321.44,Resale,2019,3,1
2749,1113,20755055.53,2023-03-28,8622.79,Resale,2023,3,1
2750,1113,16644790.12,2023-11-21,6915.16,Resale,2023,11,4
2751,1114,9206123.52,2020-02-14,8125.44,Resale,2020,2,1
2752,1114,8498417.73,2024-01-27,7500.81,Sale,2024,1,1
2753,1114,10942706.61,2024-03-06,9658.17,Sale,2024,3,1
2754,1114,7926717.26,2019-04-08,6996.22,Resale,2019,4,2
2755,1115,3482545.0,2020-12-09,6882.5,Resale,2020,12,4
2756,1115,3366210.54,2021-03-01,6652.59,Resale,2021,3,1
2757,1115,4444643.28,2023-01-22,8783.88,Sale,2023,1,1
2758,1115,3651341.54,2022-03-12,7216.09,Resale,2022,3,1
2759,1116,13469796.32,2020-06-04,8335.27,Sale,2020,6,2
2760,1116,14970026.08,2022-03-08,9263.63,Resale,2022,3,1
2761,1116,17100301.92,2024-06-28,10581.87,Resale,2024,6,2
2762,1117,75894642.72,2019-12-28,19723.14,Resale,2019,12,4
2763,1118,125795538.05,2018-05-28,17126.69,Sale,2018,5,2
2764,1118,142799506.85,2020-03-30,19441.73,Sale,2020,3,1
2765,1119,5153301.9,2020-11-07,9632.34,Resale,2020,11,4
2766,1119,6743284.45,2024-06-25,12604.27,Sale,2024,6,2
2767,1119,5371309.05,2019-09-02,10039.83,Resale,2019,9,3
2768,1119,7184579.2,2023-07-04,13429.12,Sale,2023,7,3
2769,1120,4695151.08,2024-05-17,9542.99,Resale,2024,5,2
2770,1121,3705133.68,2020-05-13,6054.14,Resale,2020,5,2
2771,1121,4237536.96,2020-09-05,6924.08,Sale,2020,9,3
2772,1122,5617848.32,2018-11-09,21360.64,Sale,2018,11,4
2773,1122,5235643.57,2024-03-23,19907.39,Resale,2024,3,1
2774,1123,17127393.44,2018-06-12,19596.56,Resale,2018,6,2
2775,1123,18593379.86,2022-05-31,21273.89,Sale,2022,5,2
2776,1124,25171617.78,2022-03-12,9976.86,Sale,2022,3,1
2777,1124,26639171.19,2020-08-22,10558.53,Resale,2020,8,3
2778,1124,31813213.44,2021-09-19,12609.28,Sale,2021,9,3
2779,1124,29306966.16,2022-10-01,11615.92,Sale,2022,10,4
2780,1125,58815205.02,2019-07-11,6672.93,Resale,2019,7,3
2781,1126,31989223.4,2020-11-04,8512.3,Resale,2020,11,4
2782,1126,43447064.76,2023-08-28,11561.22,Sale,2023,8,3
2783,1126,30120182.1,2019-04-11,8014.95,Sale,2019,4,2
2784,1126,44287203.24,2024-04-06,11784.78,Sale,2024,4,2
2785,1127,4660627.32,2020-03-17,7780.68,Resale,2020,3,1
2786,1127,3726534.74,2022-02-17,6221.26,Sale,2022,2,1
2787,1127,6359013.95,2023-01-26,10616.05,Sale,2023,1,1
2788,1127,4854960.89,2024-05-26,8105.11,Sale,2024,5,2
2789,1128,8117181.25,2019-07-17,6736.25,Sale,2019,7,3
2790,1128,8334249.95,2018-12-05,6916.39,Resale,2018,12,4
2791,1129,18004476.0,2023-09-23,13537.2,Resale,2023,9,3
2792,1129,12781938.4,2021-10-06,9610.48,Sale,2021,10,4
2793,1129,9369703.7,2020-09-27,7044.89,Resale,2020,9,3
2794,1129,16764051.5,2022-12-05,12604.55,Resale,2022,12,4
2795,1130,10833174.0,2021-07-19,18055.29,Resale,2021,7,3
2796,1131,8126950.56,2023-07-21,8814.48,Resale,2023,7,3
2797,1131,8562816.84,2024-04-23,9287.22,Sale,2024,4,2
2799,1131,5411476.16,2020-04-14,5869.28,Sale,2020,4,2
2800,1132,14537436.12,2021-05-18,7803.24,Sale,2021,5,2
2801,1132,10616510.43,2021-05-21,5698.61,Resale,2021,5,2
2802,1133,4314758.36,2021-12-03,8914.79,Sale,2021,12,4
2803,1133,5746299.68,2023-08-22,11872.52,Sale,2023,8,3
2804,1134,5474272.04,2021-09-15,10507.24,Resale,2021,9,3
2805,1135,27570734.51,2018-05-10,6736.07,Sale,2018,5,2
2806,1135,36450252.43,2023-02-25,8905.51,Sale,2023,2,1
2808,1136,9003297.6,2020-02-10,8525.85,Resale,2020,2,1
2809,1137,3406473.63,2023-01-21,9931.41,Resale,2023,1,1
2810,1137,3521834.82,2022-09-07,10267.74,Sale,2022,9,3
2811,1137,2376941.98,2020-11-16,6929.86,Sale,2020,11,4
2812,1138,5893670.76,2024-06-19,12620.28,Sale,2024,6,2
2813,1138,5716476.95,2022-07-25,12240.85,Resale,2022,7,3
2814,1139,126759332.64,2018-01-20,18513.12,Resale,2018,1,1
2815,1139,141088871.18,2021-08-22,20605.94,Sale,2021,8,3
2816,1139,141076135.76,2022-06-26,20604.08,Resale,2022,6,2
2817,1139,170920017.72,2020-07-22,24962.76,Resale,2020,7,3
2818,1140,109413287.32,2019-03-11,19300.28,Sale,2019,3,1
2819,1140,106804583.59,2018-10-04,18840.11,Sale,2018,10,4
2820,1140,125095725.47,2021-05-13,22066.63,Sale,2021,5,2
2821,1141,7260151.92,2023-04-26,7626.21,Resale,2023,4,2
2822,1141,6972828.8,2020-03-01,7324.4,Resale,2020,3,1
2823,1141,7019486.32,2021-02-14,7373.41,Sale,2021,2,1
2824,1141,6291549.04,2019-04-15,6608.77,Sale,2019,4,2
2825,1142,16549602.24,2023-11-19,9446.12,Sale,2023,11,4
2826,1143,65785742.19,2019-04-11,8491.77,Sale,2019,4,2
2827,1143,63221407.72,2019-09-30,8160.76,Sale,2019,9,3
2828,1143,91672187.75,2022-02-23,11833.25,Resale,2022,2,1
2829,1143,77024702.44,2021-08-07,9942.52,Sale,2021,8,3
2830,1144,2705450.1,2023-08-22,8100.15,Sale,2023,8,3
2832,1144,2857844.28,2021-08-23,8556.42,Resale,2021,8,3
2833,1145,2762387.46,2020-02-12,7737.78,Resale,2020,2,1
2834,1146,16667665.04,2022-02-22,8744.84,Resale,2022,2,1
2835,1146,12964821.66,2018-08-06,6802.11,Sale,2018,8,3
2836,1146,12567725.62,2022-08-15,6593.77,Resale,2022,8,3
2837,1146,13493222.04,2019-10-23,7079.34,Resale,2019,10,4
2838,1147,6633023.55,2021-05-21,7109.35,Resale,2021,5,2
2839,1147,6329276.07,2021-08-17,6783.79,Resale,2021,8,3
2840,1148,29415997.6,2019-10-29,7865.24,Sale,2019,10,4
2841,1148,33273807.6,2019-12-30,8896.74,Sale,2019,12,4
2842,1148,34576038.2,2020-08-02,9244.93,Resale,2020,8,3
2843,1148,31510659.4,2020-10-23,8425.31,Resale,2020,10,4
2844,1149,32128235.1,2019-08-14,19010.79,Sale,2019,8,3
2845,1149,40301125.8,2024-05-22,23846.82,Resale,2024,5,2
2846,1150,97302216.32,2023-07-01,10430.08,Sale,2023,7,3
2847,1151,7821413.44,2020-10-05,7586.24,Resale,2020,10,4
2848,1151,8964276.94,2020-07-27,8694.74,Resale,2020,7,3
2849,1151,10906928.38,2022-04-26,10578.98,Resale,2022,4,2
2850,1151,6509898.96,2018-09-12,6314.16,Resale,2018,9,3
2851,1152,5748754.0,2023-04-19,8899.0,Sale,2023,4,2
2852,1152,5443622.36,2018-07-27,8426.66,Resale,2018,7,3
2853,1152,6444670.42,2018-07-27,9976.27,Sale,2018,7,3
2854,1153,4788664.2,2018-07-30,8116.38,Resale,2018,7,3
2855,1154,40383954.1,2019-03-20,7973.14,Resale,2019,3,1
2856,1154,42560333.95,2020-02-17,8402.83,Resale,2020,2,1
2857,1154,31340092.7,2019-07-01,6187.58,Sale,2019,7,3
2858,1155,10130764.28,2018-12-16,5859.32,Sale,2018,12,4
2860,1155,10961479.62,2019-11-09,6339.78,Resale,2019,11,4
2861,1156,19968453.82,2023-06-21,12983.39,Resale,2023,6,2
2862,1157,34091590.65,2018-10-03,21508.89,Resale,2018,10,4
2863,1157,38626782.85,2023-10-09,24370.21,Sale,2023,10,4
2864,1157,32634753.75,2021-10-14,20589.75,Resale,2021,10,4
2865,1157,27863317.3,2020-11-02,17579.38,Sale,2020,11,4
2866,1158,35222362.82,2021-01-10,20953.22,Sale,2021,1,1
2867,1158,34715003.4,2020-02-25,20651.4,Sale,2020,2,1
2868,1158,27939127.74,2020-03-18,16620.54,Resale,2020,3,1
2869,1159,5003061.39,2022-01-13,9639.81,Sale,2022,1,1
2870,1159,3655083.45,2019-07-30,7042.55,Resale,2019,7,3
2871,1159,4008543.21,2018-10-03,7723.59,Resale,2018,10,4
2872,1159,4499018.97,2022-11-01,8668.63,Resale,2022,11,4
2873,1160,11962561.05,2022-12-05,11558.03,Sale,2022,12,4
2874,1161,40243530.54,2023-04-24,21428.93,Sale,2023,4,2
2875,1161,44072265.48,2024-05-06,23467.66,Sale,2024,5,2
2876,1161,42961954.32,2021-09-10,22876.44,Sale,2021,9,3
2877,1162,191593193.28,2020-01-01,19841.88,Sale,2020,1,1
2878,1162,150761638.56,2018-12-17,15613.26,Sale,2018,12,4
2879,1162,186703201.76,2019-02-25,19335.46,Resale,2019,2,1
2880,1163,73578952.2,2024-05-25,9960.6,Resale,2024,5,2
2881,1163,78296216.53,2023-08-26,10599.19,Sale,2023,8,3
2882,1164,4459609.44,2019-03-28,8446.23,Resale,2019,3,1
2883,1164,3667334.88,2018-01-29,6945.71,Sale,2018,1,1
2884,1164,3867636.96,2020-06-05,7325.07,Resale,2020,6,2
2885,1165,10138813.05,2024-06-22,9259.19,Sale,2024,6,2
2886,1165,7614268.65,2019-05-11,6953.67,Resale,2019,5,2
2887,1165,8618405.55,2019-11-21,7870.69,Resale,2019,11,4
2888,1165,10175287.5,2021-08-09,9292.5,Sale,2021,8,3
2889,1166,28623424.1,2019-05-10,8523.95,Sale,2019,5,2
2890,1167,6538103.19,2019-03-19,7052.97,Resale,2019,3,1
2891,1168,142754469.0,2018-06-25,16894.02,Sale,2018,6,2
2892,1168,144426977.5,2018-07-31,17091.95,Resale,2018,7,3
2893,1168,137866989.0,2021-06-12,16315.62,Resale,2021,6,2
2894,1169,12358778.88,2022-07-10,6896.64,Resale,2022,7,3
2895,1169,13687654.4,2021-05-02,7638.2,Sale,2021,5,2
2896,1169,16562255.36,2024-01-31,9242.33,Sale,2024,1,1
2897,1169,16034905.6,2023-03-13,8948.05,Sale,2023,3,1
2898,1170,64874096.91,2020-10-09,9135.91,Resale,2020,10,4
2899,1171,5666670.09,2021-09-01,7773.21,Sale,2021,9,3
2900,1171,6123075.12,2022-09-02,8399.28,Resale,2022,9,3
2901,1171,5746145.67,2021-01-23,7882.23,Sale,2021,1,1
2902,1171,6518688.84,2021-07-07,8941.96,Sale,2021,7,3
2903,1172,49935261.6,2019-04-11,8042.4,Sale,2019,4,2
2904,1172,51064616.61,2019-01-25,8224.29,Sale,2019,1,1
2905,1173,49454155.31,2018-09-10,8677.69,Resale,2018,9,3
2906,1173,45458985.34,2019-07-17,7976.66,Sale,2019,7,3
2907,1174,28074969.3,2022-01-11,6700.47,Resale,2022,1,1
2908,1175,19624718.28,2020-08-23,16546.98,Resale,2020,8,3
2909,1175,23213364.52,2020-01-20,19572.82,Resale,2020,1,1
2910,1176,36263588.76,2019-05-29,7411.32,Sale,2019,5,2
2911,1177,14101867.32,2022-06-05,24064.62,Sale,2022,6,2
2912,1177,15571819.02,2022-05-29,26573.07,Resale,2022,5,2
2913,1177,10676685.6,2018-12-01,18219.6,Sale,2018,12,4
2914,1178,13031173.76,2018-02-11,18510.19,Sale,2018,2,1
2915,1178,14503639.04,2021-07-06,20601.76,Sale,2021,7,3
2916,1179,32990918.8,2019-10-13,18617.9,Sale,2019,10,4
2918,1179,40791440.0,2022-12-12,23020.0,Sale,2022,12,4
2919,1180,17990934.48,2023-04-26,12188.98,Resale,2023,4,2
2920,1180,11458601.28,2018-05-02,7763.28,Resale,2018,5,2
2921,1180,14774538.6,2019-07-06,10009.85,Sale,2019,7,3
2922,1180,19493472.96,2024-01-02,13206.96,Resale,2024,1,1
2923,1181,17115510.0,2022-06-07,9836.5,Resale,2022,6,2
2924,1181,15459099.6,2021-05-23,8884.54,Sale,2021,5,2
2925,1181,16312865.4,2024-01-18,9375.21,Resale,2024,1,1
2926,1181,15512082.6,2023-06-17,8914.99,Sale,2023,6,2
2927,1182,137240588.21,2018-06-12,17844.31,Resale,2018,6,2
2928,1183,5880758.4,2020-01-02,10209.65,Resale,2020,1,1
2929,1183,5972578.56,2018-08-01,10369.06,Sale,2018,8,3
2930,1183,6553416.96,2020-09-14,11377.46,Sale,2020,9,3
2931,1184,49627078.34,2022-02-26,8788.22,Sale,2022,2,1
2932,1185,44550698.3,2023-07-13,11315.9,Sale,2023,7,3
2933,1186,9003275.48,2023-03-08,5756.57,Sale,2023,3,1
2934,1186,11333619.84,2021-11-12,7246.56,Resale,2021,11,4
2935,1186,11370514.6,2020-01-19,7270.15,Resale,2020,1,1
2936,1187,28606498.3,2021-03-31,9763.31,Sale,2021,3,1
2937,1187,29050598.4,2022-11-25,9914.88,Sale,2022,11,4
2938,1187,22192406.0,2019-12-30,7574.2,Resale,2019,12,4
2939,1188,9734139.78,2020-08-16,7008.02,Resale,2020,8,3
2940,1188,11196756.78,2020-01-29,8061.02,Sale,2020,1,1
2941,1188,13419115.11,2024-03-25,9660.99,Sale,2024,3,1
2942,1188,11170532.46,2024-03-08,8042.14,Sale,2024,3,1
2943,1189,7920465.49,2022-04-11,8909.41,Sale,2022,4,2
2944,1189,7671012.09,2019-11-13,8628.81,Resale,2019,11,4
2945,1190,21506627.45,2023-10-15,6908.65,Sale,2023,10,4
2946,1190,25803470.22,2023-05-13,8288.94,Sale,2023,5,2
2947,1190,24697576.97,2021-01-28,7933.69,Sale,2021,1,1
2948,1190,22689878.75,2020-08-09,7288.75,Resale,2020,8,3
2949,1191,32360313.09,2020-08-04,11108.93,Sale,2020,8,3
2950,1191,27956206.65,2023-11-05,9597.05,Resale,2023,11,4
2951,1191,31351599.45,2024-06-28,10762.65,Sale,2024,6,2
2952,1191,28362715.8,2018-10-17,9736.6,Sale,2018,10,4
2953,1192,69610136.19,2024-06-27,9739.77,Sale,2024,6,2
2954,1192,70588846.37,2018-11-28,9876.71,Sale,2018,11,4
2955,1192,79998157.75,2021-07-29,11193.25,Sale,2021,7,3
2956,1192,82658628.5,2021-07-03,11565.5,Resale,2021,7,3
2957,1193,6719152.08,2021-11-18,7794.84,Sale,2021,11,4
2958,1194,10414420.52,2018-01-14,7428.26,Resale,2018,1,1
2959,1194,10963443.72,2023-05-18,7819.86,Resale,2023,5,2
2960,1194,9325851.64,2018-01-26,6651.82,Resale,2018,1,1
2961,1194,13405237.02,2024-05-08,9561.51,Resale,2024,5,2
2962,1195,3986842.2,2020-03-21,6994.46,Resale,2020,3,1
2963,1195,5322756.9,2023-02-12,9338.17,Resale,2023,2,1
2964,1195,4474802.1,2023-08-29,7850.53,Resale,2023,8,3
2965,1195,5107103.1,2022-08-26,8959.83,Sale,2022,8,3
2966,1196,22082735.28,2020-08-31,24373.88,Sale,2020,8,3
2967,1197,10885048.5,2024-06-28,7506.93,Resale,2024,6,2
2968,1197,9399480.0,2018-10-26,6482.4,Resale,2018,10,4
2969,1197,10329321.5,2024-03-12,7123.67,Resale,2024,3,1
2970,1198,11169620.3,2021-02-12,6903.35,Sale,2021,2,1
2971,1198,12087058.66,2019-10-30,7470.37,Resale,2019,10,4
2972,1198,11768765.7,2021-09-25,7273.65,Resale,2021,9,3
2973,1199,11185382.6,2020-03-14,8538.46,Sale,2020,3,1
2974,1200,8748096.6,2021-09-03,11073.54,Sale,2021,9,3
2975,1201,56398198.56,2021-04-19,21075.56,Sale,2021,4,2
2976,1201,52350106.32,2022-08-21,19562.82,Sale,2022,8,3
2977,1201,61513666.92,2021-12-22,22987.17,Sale,2021,12,4
2978,1202,9085920.04,2018-04-17,9328.46,Resale,2018,4,2
2979,1203,4778641.17,2021-06-18,8672.67,Resale,2021,6,2
2980,1203,4648131.31,2019-03-16,8435.81,Sale,2019,3,1
2981,1203,4105897.72,2022-10-23,7451.72,Sale,2022,10,4
2982,1203,5141463.65,2022-07-05,9331.15,Resale,2022,7,3
2983,1204,1897063.49,2021-10-04,7381.57,Sale,2021,10,4
2984,1205,75138493.0,2018-09-23,15719.35,Resale,2018,9,3
2985,1205,86747583.4,2020-08-30,18148.03,Resale,2020,8,3
2986,1205,106421203.0,2019-08-07,22263.85,Sale,2019,8,3
2987,1206,5707525.68,2020-12-04,8807.91,Sale,2020,12,4
2988,1206,5155766.64,2022-09-16,7956.43,Resale,2022,9,3
2989,1207,8122184.48,2018-06-11,9857.02,Sale,2018,6,2
2990,1207,9006970.96,2019-12-08,10930.79,Sale,2019,12,4
2991,1207,10834380.48,2024-02-11,13148.52,Sale,2024,2,1
2992,1207,8142941.04,2019-07-28,9882.21,Sale,2019,7,3
2993,1208,21197461.39,2018-09-16,10186.19,Sale,2018,9,3
2994,1208,24140994.27,2021-12-18,11600.67,Resale,2021,12,4
2995,1208,19843209.02,2022-12-21,9535.42,Resale,2022,12,4
2996,1208,19402640.51,2019-07-24,9323.71,Sale,2019,7,3
2997,1209,6796799.64,2019-10-23,6928.44,Resale,2019,10,4
2998,1210,14507271.38,2022-09-30,25406.78,Sale,2022,9,3
2999,1210,12430767.07,2023-08-02,21770.17,Sale,2023,8,3
3000,1210,9350284.88,2018-10-16,16375.28,Sale,2018,10,4
3001,1211,13305714.9,2020-04-23,8805.9,Sale,2020,4,2
3002,1211,11560978.31,2019-03-07,7651.21,Sale,2019,3,1
3003,1211,18030007.5,2024-01-01,11932.5,Resale,2024,1,1
3004,1212,66801725.76,2020-09-13,9037.03,Sale,2020,9,3
3005,1212,77358536.64,2022-11-05,10465.17,Resale,2022,11,4
3006,1213,12264287.73,2018-04-18,10211.73,Sale,2018,4,2
3007,1213,10247892.8,2020-08-20,8532.8,Sale,2020,8,3
3008,1213,16276972.85,2023-09-18,13552.85,Sale,2023,9,3
3009,1214,12392085.7,2022-09-07,6892.15,Resale,2022,9,3
3010,1214,17058219.34,2024-02-20,9487.33,Resale,2024,2,1
3011,1215,26650138.01,2018-06-03,14019.01,Sale,2018,6,2
3012,1216,49701720.42,2018-10-05,7037.91,Sale,2018,10,4
3013,1216,48745596.24,2021-06-01,6902.52,Sale,2021,6,2
3014,1217,17307553.56,2018-04-08,11080.38,Sale,2018,4,2
3015,1217,15925261.66,2023-01-08,10195.43,Sale,2023,1,1
3016,1217,13419329.44,2019-07-06,8591.12,Resale,2019,7,3
3017,1218,39160703.43,2018-09-14,6917.63,Resale,2018,9,3
3018,1218,46434352.5,2024-03-03,8202.5,Resale,2024,3,1
3019,1218,51853344.75,2023-12-23,9159.75,Resale,2023,12,4
3020,1218,37696429.17,2020-02-24,6658.97,Sale,2020,2,1
3021,1219,16334099.04,2021-02-27,6944.77,Resale,2021,2,1
3022,1220,15565627.44,2020-05-08,7814.07,Sale,2020,5,2
3023,1221,7309726.84,2021-02-21,9069.14,Sale,2021,2,1
3024,1222,21314053.5,2023-07-23,12256.5,Resale,2023,7,3
3025,1222,19374512.02,2020-05-22,11141.18,Sale,2020,5,2
3026,1222,19693722.86,2021-06-10,11324.74,Resale,2021,6,2
3027,1223,23008926.77,2019-03-04,10276.43,Sale,2019,3,1
3028,1223,19215612.97,2022-08-12,8582.23,Resale,2022,8,3
3029,1224,9872975.28,2018-07-04,6139.91,Sale,2018,7,3
3030,1225,6296427.8,2022-06-07,10855.91,Sale,2022,6,2
3031,1225,6131069.8,2018-09-26,10570.81,Sale,2018,9,3
3032,1225,5729924.4,2021-04-12,9879.18,Sale,2021,4,2
3033,1226,16060971.85,2019-05-15,13809.95,Sale,2019,5,2
3034,1226,21726096.04,2021-10-09,18681.08,Resale,2021,10,4
3035,1227,61335191.58,2023-02-08,8377.98,Resale,2023,2,1
3037,1227,74365400.22,2023-04-19,10157.82,Sale,2023,4,2
3038,1228,2933499.74,2020-08-08,6363.34,Resale,2020,8,3
3039,1228,4215651.38,2022-09-30,9144.58,Resale,2022,9,3
3040,1229,11007815.57,2018-12-15,5647.93,Resale,2018,12,4
3041,1229,18549724.44,2022-03-28,9517.56,Sale,2022,3,1
3042,1230,5846189.04,2024-03-18,8547.06,Resale,2024,3,1
3043,1230,5447499.12,2023-07-05,7964.18,Resale,2023,7,3
3044,1230,6146184.6,2023-05-05,8985.65,Resale,2023,5,2
3045,1230,4846646.16,2022-02-28,7085.74,Sale,2022,2,1
3046,1231,18114467.0,2023-08-11,9728.5,Resale,2023,8,3
3047,1231,15964825.24,2023-03-19,8574.02,Sale,2023,3,1
3048,1232,7882812.96,2020-05-22,6760.56,Sale,2020,5,2
3049,1232,9749170.86,2023-12-24,8361.21,Sale,2023,12,4
3050,1233,76689456.16,2019-10-21,16585.09,Sale,2019,10,4
3051,1233,95963999.04,2021-02-11,20753.46,Resale,2021,2,1
3052,1233,97017438.72,2020-07-09,20981.28,Sale,2020,7,3
3053,1233,71003739.52,2021-01-31,15355.48,Resale,2021,1,1
3054,1234,74077524.9,2020-11-01,11400.05,Resale,2020,11,4
3055,1235,49789681.26,2023-08-16,25691.27,Resale,2023,8,3
3056,1235,35256774.3,2023-09-20,18192.35,Sale,2023,9,3
3057,1235,34408627.98,2023-02-12,17754.71,Sale,2023,2,1
3058,1236,22961339.59,2019-04-10,21007.63,Sale,2019,4,2
3059,1236,27922619.61,2023-08-05,25546.77,Resale,2023,8,3
3060,1236,24950993.07,2021-06-30,22827.99,Sale,2021,6,2
3061,1237,8615407.47,2019-03-15,6149.47,Resale,2019,3,1
3062,1237,15546728.88,2023-06-08,11096.88,Resale,2023,6,2
3063,1238,47868768.5,2020-02-29,18333.5,Sale,2020,2,1
3064,1238,65754092.39,2024-01-19,25183.49,Resale,2024,1,1
3065,1238,54228120.1,2020-09-03,20769.1,Resale,2020,9,3
3066,1239,8075417.07,2018-05-16,7742.49,Resale,2018,5,2
3067,1239,8119963.6,2021-02-16,7785.2,Resale,2021,2,1
3068,1240,38204630.0,2020-08-22,21166.0,Sale,2020,8,3
3069,1240,41846091.15,2023-01-10,23183.43,Sale,2023,1,1
3070,1241,5193463.45,2020-10-27,6234.65,Sale,2020,10,4
3071,1241,4845885.87,2022-08-09,5817.39,Sale,2022,8,3
3072,1241,7066372.32,2023-10-17,8483.04,Resale,2023,10,4
3073,1242,43794699.28,2023-02-12,9717.04,Sale,2023,2,1
3074,1242,44803546.16,2019-07-29,9940.88,Sale,2019,7,3
3075,1242,53673186.95,2023-04-02,11908.85,Sale,2023,4,2
3076,1242,48579060.06,2021-12-25,10778.58,Sale,2021,12,4
3077,1243,28026984.74,2024-04-08,7723.06,Resale,2024,4,2
3078,1243,29705252.08,2020-02-01,8185.52,Sale,2020,2,1
3079,1243,29420230.42,2021-11-19,8106.98,Resale,2021,11,4
3080,1243,23887384.44,2021-11-27,6582.36,Resale,2021,11,4
3081,1244,8165791.48,2021-08-02,26512.31,Resale,2021,8,3
3082,1244,6376443.92,2021-03-02,20702.74,Sale,2021,3,1
3083,1245,36456908.6,2023-10-16,19653.32,Resale,2023,10,4
3084,1245,39456870.25,2023-02-11,21270.55,Resale,2023,2,1
3085,1245,35547420.65,2023-08-24,19163.03,Sale,2023,8,3
3086,1245,41167161.7,2019-07-09,22192.54,Sale,2019,7,3
3087,1246,37658142.04,2018-06-08,20333.77,Resale,2018,6,2
3088,1247,5585224.8,2018-02-07,9798.64,Resale,2018,2,1
3089,1247,5469281.1,2018-03-30,9595.23,Resale,2018,3,1
3090,1248,14454155.14,2018-10-06,7473.71,Sale,2018,10,4
3091,1248,12938305.28,2019-12-13,6689.92,Resale,2019,12,4
3092,1248,16378659.2,2022-07-07,8468.8,Sale,2022,7,3
3093,1248,14069347.16,2022-12-22,7274.74,Resale,2022,12,4
3094,1249,27501452.1,2024-01-11,9344.7,Sale,2024,1,1
3095,1249,25622111.16,2021-02-18,8706.12,Sale,2021,2,1
3097,1249,25933833.72,2024-03-10,8812.04,Resale,2024,3,1
3098,1250,8048558.2,2023-06-04,8617.3,Sale,2023,6,2
3099,1250,7818887.6,2023-11-08,8371.4,Resale,2023,11,4
3100,1250,6430393.86,2020-11-19,6884.79,Resale,2020,11,4
3101,1250,6890220.74,2019-09-03,7377.11,Resale,2019,9,3
3102,1251,14392491.29,2021-04-12,9718.09,Resale,2021,4,2
3103,1251,14786955.64,2023-08-01,9984.44,Sale,2023,8,3
3105,1252,19982769.84,2023-04-10,26327.76,Sale,2023,4,2
3106,1252,13440516.21,2019-04-16,17708.19,Sale,2019,4,2
3107,1253,6196295.7,2023-08-19,11603.55,Resale,2023,8,3
3108,1254,6577167.39,2018-02-26,7710.63,Sale,2018,2,1
3109,1254,6722859.79,2020-09-19,7881.43,Sale,2020,9,3
3110,1254,7494065.62,2021-08-29,8785.54,Resale,2021,8,3
3111,1254,6311756.44,2018-07-12,7399.48,Resale,2018,7,3
3112,1255,1883314.73,2020-07-07,7001.17,Sale,2020,7,3
3113,1255,2413777.35,2023-03-14,8973.15,Sale,2023,3,1
3114,1255,1638796.42,2019-07-06,6092.18,Resale,2019,7,3
3115,1256,3880419.32,2022-09-30,11688.01,Resale,2022,9,3
3116,1256,3316802.84,2020-11-16,9990.37,Sale,2020,11,4
3117,1256,3201698.44,2020-05-25,9643.67,Sale,2020,5,2
3118,1256,2845887.4,2020-12-04,8571.95,Sale,2020,12,4
3119,1257,23460693.9,2023-03-16,11884.85,Resale,2023,3,1
3120,1258,22055745.69,2020-12-05,20253.21,Resale,2020,12,4
3121,1258,23972679.72,2024-06-07,22013.48,Sale,2024,6,2
3122,1259,79012048.46,2023-03-29,18915.98,Sale,2023,3,1
3123,1259,71211835.12,2021-03-03,17048.56,Sale,2021,3,1
3124,1259,77267273.79,2019-03-08,18498.27,Sale,2019,3,1
3125,1260,93923796.48,2019-01-17,19781.76,Resale,2019,1,1
3126,1261,23797854.36,2020-09-30,12317.73,Sale,2020,9,3
3127,1261,19369034.16,2020-10-10,10025.38,Sale,2020,10,4
3128,1261,15676112.76,2020-12-18,8113.93,Resale,2020,12,4
3129,1262,3757017.86,2022-03-03,7859.87,Sale,2022,3,1
3130,1262,4645624.64,2023-09-21,9718.88,Sale,2023,9,3
3131,1262,3023569.88,2019-11-12,6325.46,Resale,2019,11,4
3132,1262,4369832.98,2022-02-13,9141.91,Sale,2022,2,1
3133,1263,4944101.64,2018-08-21,9189.78,Sale,2018,8,3
3134,1263,5844008.86,2020-10-03,10862.47,Resale,2020,10,4
3135,1263,6632716.86,2020-09-18,12328.47,Resale,2020,9,3
3136,1263,4453881.42,2021-01-14,8278.59,Sale,2021,1,1
3137,1264,14501203.98,2021-12-21,8495.14,Resale,2021,12,4
3138,1264,14260226.79,2023-04-06,8353.97,Resale,2023,4,2
3139,1265,32709370.73,2021-09-16,7319.17,Sale,2021,9,3
3140,1266,28142437.87,2019-07-20,18849.59,Resale,2019,7,3
3141,1266,34266813.45,2019-01-10,22951.65,Sale,2019,1,1
3142,1266,34920523.5,2020-04-21,23389.5,Sale,2020,4,2
3143,1266,20421940.78,2018-10-27,13678.46,Resale,2018,10,4
3144,1267,113065174.02,2019-03-24,17317.38,Sale,2019,3,1
3145,1267,138668451.65,2019-04-11,21238.85,Sale,2019,4,2
3146,1267,124248241.09,2019-07-18,19030.21,Sale,2019,7,3
3147,1268,3969401.4,2018-02-17,6485.95,Resale,2018,2,1
3148,1268,3423105.72,2019-02-24,5593.31,Sale,2019,2,1
3149,1268,4491449.64,2022-07-05,7338.97,Sale,2022,7,3
3151,1269,8130765.63,2019-06-11,5947.89,Sale,2019,6,2
3152,1269,8124764.5,2018-11-05,5943.5,Resale,2018,11,4
3153,1269,9523683.95,2020-12-20,6966.85,Sale,2020,12,4
3154,1270,26607547.05,2022-11-28,7323.85,Sale,2022,11,4
3155,1270,26322865.17,2022-02-06,7245.49,Sale,2022,2,1
3156,1270,36048442.5,2024-04-14,9922.5,Resale,2024,4,2
3157,1270,22306511.01,2019-07-12,6139.97,Resale,2019,7,3
3158,1271,6167330.4,2019-05-07,11172.7,Sale,2019,5,2
3159,1271,5802546.72,2022-08-04,10511.86,Sale,2022,8,3
3160,1271,6171199.92,2021-07-04,11179.71,Resale,2021,7,3
3161,1271,6193671.84,2021-01-11,11220.42,Sale,2021,1,1
3162,1272,22803452.31,2018-12-16,6245.81,Resale,2018,12,4
3163,1272,28969954.8,2021-09-11,7934.8,Resale,2021,9,3
3164,1272,26896296.33,2020-05-08,7366.83,Resale,2020,5,2
3165,1272,31505063.16,2021-07-21,8629.16,Sale,2021,7,3
3166,1273,5312864.9,2023-12-11,8959.3,Sale,2023,12,4
3167,1273,4684978.71,2022-02-19,7900.47,Sale,2022,2,1
3168,1273,5473395.93,2023-12-27,9230.01,Sale,2023,12,4
3169,1273,5097801.59,2021-01-09,8596.63,Resale,2021,1,1
3170,1274,14535021.7,2020-01-20,24635.63,Sale,2020,1,1
3171,1275,4639700.83,2020-03-09,7904.09,Resale,2020,3,1
3172,1275,5594949.41,2024-03-23,9531.43,Resale,2024,3,1
3173,1276,73141953.86,2021-11-25,8684.63,Sale,2021,11,4
3174,1276,58505949.6,2020-04-24,6946.8,Resale,2020,4,2
3175,1277,18638256.42,2023-09-12,7215.74,Sale,2023,9,3
3176,1277,20536503.12,2021-10-08,7950.64,Sale,2021,10,4
3177,1278,61549563.6,2021-07-18,8656.76,Sale,2021,7,3
3178,1278,68972830.2,2023-07-30,9700.82,Sale,2023,7,3
3179,1278,46529973.0,2023-01-22,6544.3,Sale,2023,1,1
3180,1278,61887075.3,2022-01-17,8704.23,Resale,2022,1,1
3182,1279,26304960.0,2020-01-11,8272.0,Resale,2020,1,1
3183,1279,30324798.0,2023-04-23,9536.1,Resale,2023,4,2
3184,1280,17037217.08,2023-05-31,18559.06,Resale,2023,5,2
3185,1280,21838228.56,2021-03-14,23788.92,Resale,2021,3,1
3187,1280,18368124.3,2020-12-19,20008.85,Sale,2020,12,4
3188,1281,28231593.36,2021-06-07,8399.76,Resale,2021,6,2
3189,1282,9484717.75,2018-08-05,10597.45,Sale,2018,8,3
3190,1282,8638199.9,2022-11-16,9651.62,Sale,2022,11,4
3191,1282,8668468.8,2022-05-03,9685.44,Sale,2022,5,2
3192,1283,80528045.28,2021-05-04,19100.58,Resale,2021,5,2
3193,1283,80799218.4,2019-05-31,19164.9,Resale,2019,5,2
3194,1283,94489750.88,2022-01-31,22412.18,Resale,2022,1,1
3195,1283,79351359.68,2020-05-01,18821.48,Resale,2020,5,2
3196,1284,6757852.5,2020-07-22,7017.5,Resale,2020,7,3
3197,1284,6907964.94,2021-04-03,7173.38,Resale,2021,4,2
3198,1284,5890093.2,2018-03-26,6116.4,Sale,2018,3,1
3199,1284,6023170.17,2019-07-27,6254.59,Sale,2019,7,3
3200,1285,41393809.8,2020-11-07,7124.58,Sale,2020,11,4
3202,1286,56017932.2,2020-11-03,7084.6,Resale,2020,11,4
3203,1286,44054720.27,2020-03-22,5571.61,Resale,2020,3,1
3204,1286,56024574.08,2018-06-28,7085.44,Sale,2018,6,2
3205,1287,5540891.4,2018-09-05,8395.29,Sale,2018,9,3
3206,1287,6206178.0,2019-08-02,9403.3,Resale,2019,8,3
3207,1287,7376166.6,2023-04-04,11176.01,Sale,2023,4,2
3208,1287,7149832.8,2022-12-09,10833.08,Sale,2022,12,4
3209,1288,62446186.04,2019-07-12,10986.31,Resale,2019,7,3
3210,1288,45431132.04,2019-03-03,7992.81,Resale,2019,3,1
3211,1288,48605248.16,2021-04-30,8551.24,Sale,2021,4,2
3212,1288,55002135.44,2019-05-25,9676.66,Resale,2019,5,2
3213,1289,7606794.8,2020-06-10,6846.8,Sale,2020,6,2
3214,1290,7024608.36,2018-08-29,6780.51,Sale,2018,8,3
3215,1290,8629403.44,2021-05-02,8329.54,Sale,2021,5,2
3216,1290,7591984.12,2023-09-14,7328.17,Resale,2023,9,3
3217,1291,4050245.34,2019-09-26,7957.26,Resale,2019,9,3
3218,1291,4251437.77,2024-03-30,8352.53,Resale,2024,3,1
3219,1291,3810577.6,2019-09-29,7486.4,Sale,2019,9,3
3220,1292,3680162.94,2019-01-07,8123.98,Resale,2019,1,1
3221,1292,4638647.52,2020-12-19,10239.84,Resale,2020,12,4
3222,1292,4554801.75,2020-12-11,10054.75,Resale,2020,12,4
3223,1292,4174136.79,2021-06-08,9214.43,Resale,2021,6,2
3224,1293,7793972.14,2023-02-13,7072.57,Sale,2023,2,1
3225,1293,8276714.26,2019-12-11,7510.63,Resale,2019,12,4
3226,1293,7586454.52,2020-03-01,6884.26,Sale,2020,3,1
3227,1294,16790069.44,2021-03-25,8601.47,Sale,2021,3,1
3228,1294,14707207.36,2022-12-05,7534.43,Sale,2022,12,4
3229,1294,19071840.32,2023-12-08,9770.41,Sale,2023,12,4
3230,1294,11918658.24,2019-06-28,6105.87,Sale,2019,6,2
3231,1295,97517922.52,2018-04-07,21181.13,Sale,2018,4,2
3232,1295,94758791.36,2020-05-23,20581.84,Sale,2020,5,2
3233,1295,107691335.28,2022-06-03,23390.82,Sale,2022,6,2
3234,1296,27658742.83,2022-05-07,7634.21,Sale,2022,5,2
3235,1296,35854294.9,2023-03-06,9896.3,Resale,2023,3,1
3236,1296,32669351.83,2021-01-13,9017.21,Sale,2021,1,1
3237,1296,28760895.66,2021-02-07,7938.42,Sale,2021,2,1
3238,1297,9962580.0,2022-05-15,8302.15,Resale,2022,5,2
3239,1297,11602836.0,2022-02-10,9669.03,Sale,2022,2,1
3240,1297,9356928.0,2018-11-27,7797.44,Sale,2018,11,4
3241,1298,15977796.64,2020-08-05,21247.07,Sale,2020,8,3
3242,1298,13547475.52,2019-05-18,18015.26,Sale,2019,5,2
3243,1298,15118380.96,2021-12-05,20104.23,Sale,2021,12,4
3244,1298,13373094.24,2019-07-11,17783.37,Sale,2019,7,3
3245,1299,82852570.71,2018-06-05,21173.67,Resale,2018,6,2
3246,1299,83564423.67,2021-04-10,21355.59,Resale,2021,4,2
3247,1300,3805631.07,2019-11-27,7596.07,Sale,2019,11,4
3248,1300,4025454.84,2022-12-17,8034.84,Resale,2022,12,4
3249,1300,4542882.63,2023-07-02,9067.63,Resale,2023,7,3
3250,1301,12231798.92,2020-01-18,6427.64,Sale,2020,1,1
3251,1301,14425272.84,2020-05-10,7580.28,Resale,2020,5,2
3252,1301,11947738.11,2020-12-21,6278.37,Sale,2020,12,4
3253,1302,106649197.68,2023-02-15,25489.77,Sale,2023,2,1
3254,1302,72790094.0,2019-06-30,17397.25,Resale,2019,6,2
3255,1303,68017452.48,2022-09-10,12430.09,Sale,2022,9,3
3256,1303,60519663.36,2018-11-23,11059.88,Resale,2018,11,4
3257,1304,10872428.76,2018-06-18,7000.92,Sale,2018,6,2
3258,1305,24657617.59,2022-04-03,12916.51,Sale,2022,4,2
3259,1305,24349352.27,2023-06-29,12755.03,Resale,2023,6,2
3260,1306,22775130.32,2018-10-05,14905.19,Resale,2018,10,4
3261,1306,31214534.08,2020-03-04,20428.36,Resale,2020,3,1
3262,1307,5060702.4,2024-05-20,12976.16,Resale,2024,5,2
3263,1307,4438874.7,2021-11-07,11381.73,Sale,2021,11,4
3264,1307,4660578.0,2023-07-28,11950.2,Sale,2023,7,3
3265,1307,4438742.1,2022-01-19,11381.39,Resale,2022,1,1
3266,1308,3197309.55,2020-10-15,10086.15,Sale,2020,10,4
3267,1308,2898594.11,2018-04-18,9143.83,Resale,2018,4,2
3268,1308,2726149.28,2020-01-14,8599.84,Sale,2020,1,1
3269,1308,3770096.85,2024-04-14,11893.05,Sale,2024,4,2
3270,1309,33551455.2,2024-03-27,20211.72,Resale,2024,3,1
3271,1310,5653929.41,2018-05-05,6581.99,Resale,2018,5,2
3272,1310,5586695.48,2018-07-31,6503.72,Resale,2018,7,3
3273,1311,20077313.37,2020-08-12,6708.09,Resale,2020,8,3
3274,1311,22098097.18,2023-01-15,7383.26,Sale,2023,1,1
3275,1312,11607828.48,2019-06-18,7112.64,Resale,2019,6,2
3276,1313,38509230.5,2021-02-01,20429.3,Sale,2021,2,1
3277,1313,38017471.7,2021-06-29,20168.42,Resale,2021,6,2
3278,1314,18094855.2,2019-10-17,5726.22,Resale,2019,10,4
3279,1315,43027060.98,2018-04-20,17356.62,Sale,2018,4,2
3280,1315,62937347.8,2022-08-15,25388.2,Sale,2022,8,3
3281,1315,50837695.86,2018-01-02,20507.34,Sale,2018,1,1
3282,1316,10306493.23,2019-09-10,19935.19,Sale,2019,9,3
3283,1316,8976396.99,2018-04-23,17362.47,Resale,2018,4,2
3284,1316,9930225.8,2018-12-16,19207.4,Sale,2018,12,4
3285,1316,9074399.51,2019-05-12,17552.03,Resale,2019,5,2
3286,1317,5797338.82,2020-01-08,7018.57,Sale,2020,1,1
3287,1317,5770915.08,2021-08-17,6986.58,Resale,2021,8,3
3288,1317,5954245.78,2018-06-04,7208.53,Sale,2018,6,2
3289,1318,14669823.13,2020-05-08,8573.83,Sale,2020,5,2
3290,1318,14074035.82,2021-09-04,8225.62,Resale,2021,9,3
3291,1319,6415799.4,2019-04-16,8321.4,Resale,2019,4,2
3292,1319,6521873.58,2022-01-17,8458.98,Resale,2022,1,1
3293,1319,5225730.06,2018-05-02,6777.86,Sale,2018,5,2
3294,1320,22766278.62,2020-03-16,10381.34,Sale,2020,3,1
3295,1320,22776388.35,2024-03-06,10385.95,Sale,2024,3,1
3296,1321,51659777.4,2018-01-13,16068.36,Resale,2018,1,1
3297,1321,57490565.7,2018-10-02,17881.98,Resale,2018,10,4
3298,1321,67906522.7,2021-10-09,21121.78,Sale,2021,10,4
3299,1321,65683478.8,2019-11-25,20430.32,Resale,2019,11,4
3300,1322,26430770.55,2020-06-24,7211.67,Sale,2020,6,2
3301,1323,3567727.22,2022-12-23,11254.66,Resale,2022,12,4
3302,1324,8135507.88,2021-12-02,10732.86,Resale,2021,12,4
3303,1324,8173794.46,2021-08-22,10783.37,Resale,2021,8,3
3304,1324,9296195.38,2024-01-26,12264.11,Resale,2024,1,1
3305,1324,5672758.3,2018-01-21,7483.85,Resale,2018,1,1
3306,1325,14431929.5,2021-05-28,7738.3,Resale,2021,5,2
3307,1326,14477203.52,2021-04-30,7326.52,Resale,2021,4,2
3308,1327,12231071.28,2020-10-13,18875.11,Resale,2020,10,4
3309,1327,12418032.24,2022-08-16,19163.63,Resale,2022,8,3
3310,1328,22847262.86,2019-06-09,9476.26,Resale,2019,6,2
3311,1328,26009747.45,2019-12-31,10787.95,Resale,2019,12,4
3312,1328,27835621.86,2021-10-21,11545.26,Sale,2021,10,4
3313,1328,31162054.45,2024-01-22,12924.95,Sale,2024,1,1
3314,1329,68915183.1,2019-07-05,21335.97,Sale,2019,7,3
3315,1329,60993123.6,2021-06-17,18883.32,Sale,2021,6,2
3316,1329,74736127.6,2024-03-16,23138.12,Resale,2024,3,1
3317,1330,68904533.9,2018-07-08,9664.03,Resale,2018,7,3
3318,1330,75039756.3,2022-07-02,10524.51,Sale,2022,7,3
3319,1330,64593379.4,2019-03-11,9059.38,Resale,2019,3,1
3320,1331,15266615.14,2020-12-04,8907.01,Sale,2020,12,4
3321,1331,13296937.76,2021-04-26,7757.84,Sale,2021,4,2
3322,1331,18358396.9,2024-06-09,10710.85,Resale,2024,6,2
3324,1332,212413793.13,2023-01-14,21628.53,Resale,2023,1,1
3325,1332,185450335.84,2018-05-18,18883.04,Resale,2018,5,2
3326,1332,243122292.35,2024-03-27,24755.35,Resale,2024,3,1
3327,1332,181115248.23,2024-04-27,18441.63,Resale,2024,4,2
3328,1333,37523555.66,2023-01-03,22755.34,Resale,2023,1,1
3329,1333,38490496.28,2018-11-05,23341.72,Sale,2018,11,4
3330,1333,30561461.17,2018-08-12,18533.33,Resale,2018,8,3
3331,1334,3191533.08,2023-02-18,9760.04,Sale,2023,2,1
3332,1334,2619031.29,2022-10-23,8009.27,Resale,2022,10,4
3333,1334,2497174.74,2019-01-11,7636.62,Resale,2019,1,1
3334,1334,2559886.8,2020-08-25,7828.4,Resale,2020,8,3
3335,1335,12725285.16,2020-06-06,11433.32,Resale,2020,6,2
3336,1335,14720704.95,2023-04-21,13226.15,Sale,2023,4,2
3337,1335,10506853.56,2018-10-24,9440.12,Sale,2018,10,4
3338,1336,29231148.48,2024-06-13,24688.47,Sale,2024,6,2
3339,1336,18038855.68,2019-03-25,15235.52,Resale,2019,3,1
3340,1336,18960102.4,2020-12-25,16013.6,Resale,2020,12,4
3341,1337,20286906.44,2020-11-25,10179.08,Sale,2020,11,4
3342,1337,24576300.83,2022-12-02,12331.31,Sale,2022,12,4
3343,1338,31167875.76,2022-12-09,12943.47,Sale,2022,12,4
3344,1338,22842576.96,2021-04-14,9486.12,Sale,2021,4,2
3345,1338,23071120.24,2023-05-31,9581.03,Sale,2023,5,2
3346,1339,22933000.32,2021-11-12,11808.96,Sale,2021,11,4
3347,1339,20500082.14,2023-09-16,10556.17,Resale,2023,9,3
3348,1339,17571196.58,2022-03-09,9047.99,Resale,2022,3,1
3349,1339,18415694.7,2020-01-01,9482.85,Resale,2020,1,1
3350,1340,16304659.3,2018-07-25,8448.01,Sale,2018,7,3
3351,1340,21329066.9,2019-10-14,11051.33,Resale,2019,10,4
3352,1341,3223869.0,2021-11-03,11723.16,Resale,2021,11,4
3353,1341,2391356.0,2019-04-28,8695.84,Sale,2019,4,2
3354,1342,7675930.46,2022-05-14,13032.14,Resale,2022,5,2
3355,1342,6026194.47,2020-01-27,10231.23,Sale,2020,1,1
3356,1342,6334365.16,2019-09-25,10754.44,Sale,2019,9,3
3357,1343,105919419.96,2018-04-21,20866.71,Resale,2018,4,2
3358,1344,6680443.5,2023-09-04,8813.25,Resale,2023,9,3
3359,1344,6009954.6,2019-04-17,7928.7,Resale,2019,4,2
3360,1344,5652648.56,2020-08-16,7457.32,Sale,2020,8,3
3361,1344,6959895.36,2021-06-03,9181.92,Sale,2021,6,2
3362,1345,52135286.26,2022-05-10,8774.03,Resale,2022,5,2
3363,1345,46387233.14,2018-03-22,7806.67,Sale,2018,3,1
3364,1345,66918090.96,2024-01-20,11261.88,Sale,2024,1,1
3365,1346,15002146.74,2023-07-05,9004.89,Sale,2023,7,3
3366,1346,13277370.26,2022-07-27,7969.61,Sale,2022,7,3
3367,1346,12016658.08,2020-04-21,7212.88,Sale,2020,4,2
3368,1347,1863624.32,2021-01-05,6851.56,Sale,2021,1,1
3369,1347,2507241.6,2020-10-04,9217.8,Resale,2020,10,4
3370,1348,202641363.2,2020-02-14,22416.08,Sale,2020,2,1
3371,1348,236155807.2,2023-10-13,26123.43,Resale,2023,10,4
3372,1348,183986871.2,2022-11-12,20352.53,Resale,2022,11,4
3373,1349,63880698.14,2022-12-13,8851.42,Sale,2022,12,4
3374,1349,64183090.44,2023-08-04,8893.32,Sale,2023,8,3
3375,1349,67827458.93,2022-10-12,9398.29,Sale,2022,10,4
3376,1349,63908267.08,2018-04-12,8855.24,Resale,2018,4,2
3377,1350,43228344.6,2022-03-26,24217.56,Sale,2022,3,1
3378,1350,34864352.25,2021-02-12,19531.85,Sale,2021,2,1
3379,1350,35646967.65,2020-10-10,19970.29,Resale,2020,10,4
3380,1351,15422991.32,2018-07-28,8177.62,Resale,2018,7,3
3381,1352,27397215.96,2023-06-23,19444.44,Resale,2023,6,2
3382,1353,10624402.14,2020-03-17,9336.03,Resale,2020,3,1
3383,1353,15115826.4,2024-04-12,13282.8,Resale,2024,4,2
3384,1353,11832787.44,2018-12-04,10397.88,Resale,2018,12,4
3385,1354,13111590.54,2023-08-26,9067.49,Resale,2023,8,3
3386,1354,10806247.2,2022-11-24,7473.2,Sale,2022,11,4
3387,1355,6485679.72,2022-01-05,9238.86,Resale,2022,1,1
3388,1356,12318519.6,2021-05-18,8051.32,Sale,2021,5,2
3389,1356,12229137.0,2021-08-24,7992.9,Resale,2021,8,3
3390,1356,12188148.3,2022-03-15,7966.11,Resale,2022,3,1
3391,1356,12410227.8,2022-10-24,8111.26,Sale,2022,10,4
3392,1357,41752873.76,2021-04-04,18926.96,Resale,2021,4,2
3394,1358,118483569.65,2019-11-29,19439.47,Resale,2019,11,4
3395,1358,152010640.9,2023-09-04,24940.22,Resale,2023,9,3
3396,1358,119662098.85,2020-08-15,19632.83,Sale,2020,8,3
3397,1359,53000889.24,2019-03-22,21015.42,Resale,2019,3,1
3398,1359,40622131.42,2019-12-11,16107.11,Resale,2019,12,4
3399,1359,40193189.66,2020-04-28,15937.03,Resale,2020,4,2
3400,1360,12839870.4,2018-12-03,6974.4,Sale,2018,12,4
3401,1360,17027280.13,2019-07-13,9248.93,Sale,2019,7,3
3402,1361,6572935.17,2024-06-18,10900.39,Sale,2024,6,2
3403,1361,4040196.48,2019-05-18,6700.16,Resale,2019,5,2
3404,1362,11373270.3,2018-02-28,7433.51,Resale,2018,2,1
3405,1363,45927652.0,2020-05-16,6724.4,Sale,2020,5,2
3406,1364,43900149.15,2021-03-31,8062.47,Resale,2021,3,1
3407,1365,47191132.0,2021-12-09,22525.6,Resale,2021,12,4
3408,1365,54473247.25,2023-02-01,26001.55,Resale,2023,2,1
3409,1365,30625066.15,2018-10-19,14618.17,Resale,2018,10,4
3410,1366,8917348.86,2019-03-29,5843.61,Resale,2019,3,1
3411,1366,12188024.66,2022-04-05,7986.91,Resale,2022,4,2
3412,1366,8690127.46,2018-01-29,5694.71,Resale,2018,1,1
3413,1367,8670469.88,2022-09-07,6986.68,Sale,2022,9,3
3414,1367,11328331.99,2024-06-20,9128.39,Sale,2024,6,2
3415,1367,7610581.42,2019-02-09,6132.62,Resale,2019,2,1
3416,1368,84380555.42,2022-02-26,11031.58,Resale,2022,2,1
3417,1368,62145447.85,2022-06-30,8124.65,Resale,2022,6,2
3418,1368,67348756.59,2023-01-18,8804.91,Resale,2023,1,1
3419,1369,16504368.69,2023-04-25,24235.49,Resale,2023,4,2
3420,1369,12449422.29,2022-04-26,18281.09,Resale,2022,4,2
3421,1369,14566705.77,2020-10-27,21390.17,Resale,2020,10,4
3422,1370,10778779.62,2018-07-11,6766.34,Resale,2018,7,3
3423,1370,10515695.67,2019-05-30,6601.19,Sale,2019,5,2
3424,1370,13903321.68,2023-08-11,8727.76,Resale,2023,8,3
3425,1370,11539851.3,2019-07-27,7244.1,Resale,2019,7,3
3426,1371,47918989.44,2021-09-11,9682.56,Resale,2021,9,3
3427,1371,50441445.25,2020-01-28,10192.25,Sale,2020,1,1
3428,1371,39299217.16,2023-07-05,7940.84,Resale,2023,7,3
3429,1372,5918990.88,2021-03-23,6475.92,Resale,2021,3,1
3430,1373,66910968.0,2024-04-05,12390.92,Resale,2024,4,2
3431,1373,38664270.0,2019-08-12,7160.05,Resale,2019,8,3
3432,1374,8714176.88,2021-05-10,8267.72,Resale,2021,5,2
3433,1374,7360609.0,2019-08-04,6983.5,Sale,2019,8,3
3434,1374,7152949.92,2018-01-21,6786.48,Resale,2018,1,1
3435,1375,15337590.4,2024-03-19,9173.2,Resale,2024,3,1
3436,1376,11745603.1,2022-08-24,8306.65,Sale,2022,8,3
3437,1377,12930581.08,2020-08-08,21302.44,Resale,2020,8,3
3438,1377,13202140.74,2021-02-02,21749.82,Sale,2021,2,1
3439,1377,9162416.13,2018-09-10,15094.59,Resale,2018,9,3
3440,1377,14496974.93,2023-05-16,23882.99,Sale,2023,5,2
3441,1378,19468318.41,2022-08-27,13642.83,Resale,2022,8,3
3442,1378,14799959.26,2020-04-08,10371.38,Sale,2020,4,2
3443,1378,14620728.06,2020-10-03,10245.78,Sale,2020,10,4
3444,1379,5954923.65,2020-11-18,8642.85,Sale,2020,11,4
3445,1380,168142883.6,2020-03-05,18356.21,Sale,2020,3,1
3446,1381,116258294.32,2024-05-10,13546.76,Sale,2024,5,2
3447,1381,81003095.04,2020-09-17,9438.72,Sale,2020,9,3
3448,1382,4875532.14,2019-03-21,7788.39,Sale,2019,3,1
3449,1383,20739554.67,2018-03-29,9861.89,Resale,2018,3,1
3450,1383,21228922.77,2021-12-19,10094.59,Resale,2021,12,4
3451,1383,23819818.77,2023-08-18,11326.59,Resale,2023,8,3
3452,1384,19478539.05,2023-11-13,26145.69,Resale,2023,11,4
3453,1384,12300568.35,2021-08-02,16510.83,Resale,2021,8,3
3454,1384,13460779.2,2019-07-01,18068.16,Resale,2019,7,3
3455,1385,13132851.04,2019-09-21,7402.96,Resale,2019,9,3
3456,1385,11770951.24,2019-03-04,6635.26,Resale,2019,3,1
3457,1385,11717607.06,2018-11-03,6605.19,Resale,2018,11,4
3458,1386,11534934.4,2022-08-15,6553.94,Resale,2022,8,3
3459,1386,12383553.6,2020-11-02,7036.11,Resale,2020,11,4
3460,1387,62144996.0,2023-11-14,9138.97,Sale,2023,11,4
3461,1387,47455636.0,2021-07-23,6978.77,Sale,2021,7,3
3462,1387,48479308.0,2023-01-30,7129.31,Sale,2023,1,1
3463,1387,64779996.0,2023-08-17,9526.47,Resale,2023,8,3
3464,1388,34851475.12,2020-09-16,21407.54,Resale,2020,9,3
3465,1389,5312510.72,2022-06-16,7546.18,Resale,2022,6,2
3466,1389,6212286.08,2022-11-05,8824.27,Sale,2022,11,4
3467,1389,4819978.24,2020-04-12,6846.56,Resale,2020,4,2
3468,1390,10190258.68,2020-10-22,7696.57,Sale,2020,10,4
3469,1390,12302846.32,2023-03-16,9292.18,Sale,2023,3,1
3470,1390,9875212.88,2021-09-01,7458.62,Resale,2021,9,3
3471,1390,10093593.44,2018-07-08,7623.56,Sale,2018,7,3
3472,1391,43117731.68,2022-11-06,24723.47,Sale,2022,11,4
3473,1392,10730088.04,2022-10-06,11512.97,Resale,2022,10,4
3474,1392,11446106.36,2023-04-12,12281.23,Resale,2023,4,2
3475,1392,7341177.6,2019-11-20,7876.8,Sale,2019,11,4
3476,1393,15152189.92,2024-01-08,14240.78,Resale,2024,1,1
3477,1393,10039318.8,2019-07-17,9435.45,Resale,2019,7,3
3478,1393,11051661.6,2023-11-22,10386.9,Resale,2023,11,4
3479,1393,10328194.8,2019-04-24,9706.95,Resale,2019,4,2
3480,1394,84756914.96,2020-02-23,21963.44,Resale,2020,2,1
3481,1394,95852466.12,2023-05-26,24838.68,Sale,2023,5,2
3482,1394,64045854.91,2019-01-06,16596.49,Sale,2019,1,1
3483,1394,80323888.71,2019-06-22,20814.69,Resale,2019,6,2
3484,1395,17833242.04,2018-08-27,8934.49,Resale,2018,8,3
3485,1396,54404492.6,2018-02-06,9541.3,Sale,2018,2,1
3486,1396,63079401.36,2024-01-21,11062.68,Resale,2024,1,1
3487,1397,33689063.52,2019-02-18,8351.28,Sale,2019,2,1
3488,1397,30588571.46,2019-05-24,7582.69,Resale,2019,5,2
3489,1398,38252865.7,2024-06-01,10101.1,Sale,2024,6,2
3490,1399,168340839.95,2021-12-12,17327.93,Resale,2021,12,4
3491,1399,154189776.65,2019-12-04,15871.31,Resale,2019,12,4
3492,1399,200403157.3,2021-01-13,20628.22,Resale,2021,1,1
3493,1400,10917196.22,2019-09-09,11220.14,Sale,2019,9,3
3494,1400,11468780.19,2019-01-20,11787.03,Resale,2019,1,1
3495,1401,38331086.66,2022-10-07,7754.62,Resale,2022,10,4
3496,1401,38999825.13,2020-06-08,7889.91,Sale,2020,6,2
3497,1401,39474649.71,2020-05-18,7985.97,Resale,2020,5,2
3498,1402,15310672.27,2023-11-08,9884.23,Sale,2023,11,4
3499,1403,9879298.7,2020-02-12,22300.9,Sale,2020,2,1
3500,1403,8565493.6,2022-04-19,19335.2,Sale,2022,4,2
3501,1403,9482255.52,2021-08-16,21404.64,Sale,2021,8,3
3502,1404,6595600.88,2021-02-06,5821.36,Sale,2021,2,1
3503,1405,102884573.79,2018-08-08,19751.31,Resale,2018,8,3
3504,1405,106143428.37,2021-07-09,20376.93,Resale,2021,7,3
3505,1406,16273963.09,2018-09-26,15396.37,Resale,2018,9,3
3506,1406,20972359.8,2019-10-16,19841.4,Sale,2019,10,4
3507,1406,19272439.55,2019-08-02,18233.15,Resale,2019,8,3
3508,1407,23583107.52,2020-02-16,11605.86,Resale,2020,2,1
3509,1407,16329172.32,2018-07-21,8036.01,Resale,2018,7,3
3510,1407,27336353.76,2021-02-20,13452.93,Resale,2021,2,1
3511,1408,25405849.62,2020-05-19,22227.34,Sale,2020,5,2
3513,1409,22230166.84,2024-05-03,21457.69,Resale,2024,5,2
3514,1410,12549186.69,2019-07-27,11587.43,Resale,2019,7,3
3515,1411,15234781.45,2018-01-17,7690.45,Resale,2018,1,1
3516,1411,19465722.01,2020-04-08,9826.21,Sale,2020,4,2
3517,1411,20620288.43,2018-04-09,10409.03,Sale,2018,4,2
3518,1412,23768022.5,2023-06-07,12411.5,Sale,2023,6,2
3519,1412,19954146.8,2024-04-01,10419.92,Sale,2024,4,2
3520,1412,21933241.85,2020-08-23,11453.39,Resale,2020,8,3
3521,1412,20090667.15,2020-09-16,10491.21,Sale,2020,9,3
3522,1413,6077173.29,2023-04-29,8027.97,Sale,2023,4,2
3523,1413,5213004.8,2023-06-29,6886.4,Resale,2023,6,2
3524,1413,6109095.98,2021-12-23,8070.14,Resale,2021,12,4
3525,1413,5402883.11,2020-11-19,7137.23,Resale,2020,11,4
3526,1414,4754538.56,2018-09-23,6621.92,Resale,2018,9,3
3527,1414,4005980.48,2019-06-06,5579.36,Resale,2019,6,2
3528,1414,5496340.26,2022-01-02,7655.07,Resale,2022,1,1
3529,1414,5528305.62,2020-07-11,7699.59,Resale,2020,7,3
3530,1415,33481867.3,2021-06-23,9397.1,Sale,2021,6,2
3531,1415,26655016.78,2021-03-26,7481.06,Resale,2021,3,1
3532,1415,28800869.16,2019-02-03,8083.32,Sale,2019,2,1
3533,1416,23353961.48,2022-07-23,24428.83,Resale,2022,7,3
3534,1416,18752198.12,2019-03-10,19615.27,Resale,2019,3,1
3535,1416,16931658.64,2020-10-08,17710.94,Sale,2020,10,4
3536,1416,20677438.72,2024-06-21,21629.12,Sale,2024,6,2
3537,1417,7368357.5,2020-01-05,8420.98,Resale,2020,1,1
3538,1417,5738022.5,2018-07-28,6557.74,Sale,2018,7,3
3539,1417,5672712.5,2018-10-10,6483.1,Resale,2018,10,4
3540,1418,18246484.2,2019-02-07,9333.24,Sale,2019,2,1
3541,1419,6801994.95,2020-06-30,7685.87,Sale,2020,6,2
3542,1419,9335900.4,2024-05-21,10549.04,Sale,2024,5,2
3543,1419,7215820.95,2022-11-24,8153.47,Sale,2022,11,4
3544,1420,37567224.0,2024-01-20,10435.34,Resale,2024,1,1
3545,1420,34488576.0,2023-08-28,9580.16,Sale,2023,8,3
3546,1420,23762664.0,2021-03-25,6600.74,Resale,2021,3,1
3547,1420,33917760.0,2023-04-23,9421.6,Sale,2023,4,2
3548,1421,36918284.4,2024-05-03,6472.35,Sale,2024,5,2
3549,1421,37776964.56,2019-06-24,6622.89,Sale,2019,6,2
3550,1422,14014687.12,2023-01-17,9605.68,Sale,2023,1,1
3551,1422,10811948.68,2019-03-26,7410.52,Sale,2019,3,1
3552,1423,42692593.95,2021-11-20,6042.83,Sale,2021,11,4
3553,1423,54066961.35,2024-05-12,7652.79,Resale,2024,5,2
3556,1424,6555424.81,2018-12-12,6951.67,Sale,2018,12,4
3557,1424,7092161.55,2022-09-23,7520.85,Sale,2022,9,3
3558,1425,4105554.64,2018-05-18,6632.56,Resale,2018,5,2
3559,1425,4755504.64,2021-08-25,7682.56,Sale,2021,8,3
3560,1426,89204430.87,2018-01-16,9035.19,Resale,2018,1,1
3561,1427,140066370.08,2020-02-16,22635.16,Resale,2020,2,1
3562,1427,121712514.56,2020-10-25,19669.12,Sale,2020,10,4
3563,1427,153209496.44,2022-05-26,24759.13,Resale,2022,5,2
3565,1428,39458523.29,2019-10-19,7808.93,Resale,2019,10,4
3566,1428,29425438.08,2019-01-16,5823.36,Resale,2019,1,1
3567,1429,3577722.44,2019-10-03,6002.89,Sale,2019,10,4
3568,1429,3546438.4,2018-08-19,5950.4,Resale,2018,8,3
3569,1430,20384088.34,2019-11-08,7786.13,Resale,2019,11,4
3570,1430,18849259.66,2022-06-19,7199.87,Sale,2022,6,2
3571,1431,15099742.52,2019-10-06,17578.28,Resale,2019,10,4
3572,1431,17780939.22,2023-09-15,20699.58,Sale,2023,9,3
3573,1431,20716631.85,2023-09-09,24117.15,Resale,2023,9,3
3574,1432,11679901.38,2023-05-30,9204.02,Sale,2023,5,2
3575,1432,9935470.53,2018-08-19,7829.37,Sale,2018,8,3
3576,1432,11898753.12,2020-02-11,9376.48,Resale,2020,2,1
3577,1433,53683311.1,2018-06-11,7546.15,Sale,2018,6,2
3578,1433,51983065.1,2018-06-28,7307.15,Sale,2018,6,2
3579,1434,88759998.36,2022-09-29,9529.74,Sale,2022,9,3
3580,1435,21590017.61,2021-11-02,26106.43,Resale,2021,11,4
3581,1435,19852010.95,2023-05-04,24004.85,Resale,2023,5,2
3582,1436,6807075.68,2021-03-07,10251.62,Resale,2021,3,1
3583,1436,7754842.72,2022-02-23,11678.98,Resale,2022,2,1
3584,1436,5850842.64,2019-05-09,8811.51,Resale,2019,5,2
3585,1437,11800616.2,2024-03-14,8806.43,Resale,2024,3,1
3586,1437,16753765.4,2023-03-10,12502.81,Sale,2023,3,1
3587,1438,97339729.9,2021-03-30,24661.7,Resale,2021,3,1
3588,1438,93984622.02,2022-09-22,23811.66,Sale,2022,9,3
3589,1439,5467671.32,2020-01-23,7833.34,Resale,2020,1,1
3590,1439,6068286.36,2022-03-31,8693.82,Resale,2022,3,1
3591,1440,20587801.12,2023-12-05,23883.76,Resale,2023,12,4
3592,1440,15779746.14,2018-09-24,18305.97,Resale,2018,9,3
3593,1440,18175511.36,2021-04-30,21085.28,Resale,2021,4,2
3594,1440,17430769.22,2020-04-02,20221.31,Resale,2020,4,2
3596,1442,13814684.22,2020-04-15,10651.26,Resale,2020,4,2
3597,1442,11820287.32,2018-10-06,9113.56,Resale,2018,10,4
3598,1442,13352199.96,2019-03-20,10294.68,Resale,2019,3,1
3599,1442,15619680.21,2022-06-10,12042.93,Resale,2022,6,2
3600,1443,80363982.51,2024-05-08,10600.71,Resale,2024,5,2
3601,1443,59826219.6,2022-07-31,7891.6,Resale,2022,7,3
3602,1443,62008637.88,2022-08-14,8179.48,Sale,2022,8,3
3603,1444,18231269.97,2020-07-25,7074.61,Sale,2020,7,3
3604,1445,13308971.41,2021-07-13,8375.69,Sale,2021,7,3
3605,1445,12564429.57,2020-01-17,7907.13,Resale,2020,1,1
3606,1445,10325496.79,2021-01-19,6498.11,Resale,2021,1,1
3607,1445,11461679.46,2019-07-27,7213.14,Sale,2019,7,3
3608,1446,27365890.86,2024-04-28,10295.67,Sale,2024,4,2
3609,1447,12781575.87,2019-06-08,6695.43,Resale,2019,6,2
3610,1447,13648567.31,2019-01-15,7149.59,Resale,2019,1,1
3611,1448,5856321.51,2021-12-17,11550.93,Resale,2021,12,4
3612,1448,4761495.57,2022-02-17,9391.51,Sale,2022,2,1
3613,1448,6040088.73,2023-01-31,11913.39,Sale,2023,1,1
3615,1449,55974105.0,2022-08-20,20731.15,Sale,2022,8,3
3616,1450,10917011.64,2018-10-15,7149.32,Resale,2018,10,4
3617,1450,10555326.42,2019-08-13,6912.46,Resale,2019,8,3
3618,1450,10764113.13,2021-06-11,7049.19,Sale,2021,6,2
3619,1451,13829004.88,2020-01-28,9963.26,Resale,2020,1,1
3620,1452,65099407.94,2024-02-11,11467.22,Sale,2024,2,1
3621,1453,28536157.65,2023-06-17,20905.61,Sale,2023,6,2
3622,1453,26678501.85,2020-01-03,19544.69,Sale,2020,1,1
3623,1454,26966631.08,2018-03-08,7057.48,Sale,2018,3,1
3624,1455,44000629.4,2019-09-01,9349.9,Resale,2019,9,3
3625,1455,45925854.0,2020-02-19,9759.0,Sale,2020,2,1
3626,1455,46112776.32,2019-11-12,9798.72,Resale,2019,11,4
3627,1456,12114204.0,2018-12-23,6914.5,Resale,2018,12,4
3628,1457,41340495.52,2019-06-30,8230.24,Resale,2019,6,2
3629,1457,43837780.43,2018-04-15,8727.41,Resale,2018,4,2
3630,1457,42781041.69,2022-11-07,8517.03,Resale,2022,11,4
3631,1457,49646427.86,2020-03-22,9883.82,Sale,2020,3,1
3632,1458,7825570.8,2024-01-15,12461.1,Sale,2024,1,1
3633,1458,7125369.64,2021-04-19,11346.13,Resale,2021,4,2
3634,1458,7138086.64,2022-07-09,11366.38,Resale,2022,7,3
3635,1458,6023794.84,2018-04-09,9592.03,Sale,2018,4,2
3636,1459,5997984.42,2023-09-03,9171.23,Sale,2023,9,3
3637,1459,4964141.22,2021-06-26,7590.43,Resale,2021,6,2
3638,1459,4916536.56,2022-06-24,7517.64,Resale,2022,6,2
3639,1459,5497563.24,2022-05-26,8406.06,Resale,2022,5,2
3640,1460,78569548.44,2024-04-20,8027.13,Sale,2024,4,2
3641,1460,77757927.48,2022-11-03,7944.21,Sale,2022,11,4
3642,1460,81418737.36,2024-05-03,8318.22,Resale,2024,5,2
3643,1461,45639080.46,2023-10-23,24576.78,Resale,2023,10,4
3644,1461,43709081.79,2023-09-02,23537.47,Sale,2023,9,3
3645,1462,15476729.28,2018-03-09,9483.29,Resale,2018,3,1
3646,1462,18251928.96,2021-10-05,11183.78,Sale,2021,10,4
3647,1462,16958144.64,2021-09-30,10391.02,Resale,2021,9,3
3648,1463,20198802.06,2024-05-27,12066.19,Resale,2024,5,2
3649,1463,17889602.76,2020-01-26,10686.74,Resale,2020,1,1
3651,1464,9398790.61,2020-05-13,17767.09,Sale,2020,5,2
3652,1464,11292256.18,2021-09-03,21346.42,Resale,2021,9,3
3653,1464,8645081.99,2019-10-13,16342.31,Resale,2019,10,4
3654,1465,37987753.1,2021-05-30,10593.35,Resale,2021,5,2
3655,1465,40342284.84,2024-01-23,11249.94,Sale,2024,1,1
3656,1466,10548999.12,2018-08-13,6899.28,Resale,2018,8,3
3657,1466,14173218.4,2023-03-30,9269.6,Sale,2023,3,1
3658,1466,11283377.82,2020-02-28,7379.58,Sale,2020,2,1
3659,1466,9421453.36,2020-11-03,6161.84,Resale,2020,11,4
3660,1467,15604475.55,2022-09-01,26138.15,Resale,2022,9,3
3661,1467,12537961.17,2019-03-08,21001.61,Sale,2019,3,1
3662,1467,12481616.31,2021-12-18,20907.23,Sale,2021,12,4
3663,1467,11318821.5,2021-05-06,18959.5,Resale,2021,5,2
3664,1468,31480997.21,2024-02-18,24729.77,Sale,2024,2,1
3665,1469,27563022.14,2023-10-04,24413.66,Resale,2023,10,4
3666,1469,23531769.58,2019-11-23,20843.02,Resale,2019,11,4
3667,1469,29152044.48,2023-10-31,25821.12,Resale,2023,10,4
3668,1469,24257276.27,2019-11-25,21485.63,Resale,2019,11,4
3669,1470,17878279.71,2020-11-09,15948.51,Sale,2020,11,4
3670,1470,21773194.21,2020-10-03,19423.01,Resale,2020,10,4
3671,1470,22582657.1,2018-12-08,20145.1,Resale,2018,12,4
3672,1471,6020001.0,2022-09-05,7717.95,Sale,2022,9,3
3673,1471,7009930.2,2020-07-29,8987.09,Resale,2020,7,3
3674,1471,7842471.0,2021-01-23,10054.45,Sale,2021,1,1
3675,1472,40604918.4,2020-08-21,8320.68,Sale,2020,8,3
3676,1472,46564081.6,2024-02-09,9541.82,Sale,2024,2,1
3677,1473,4820786.46,2019-05-12,9027.69,Resale,2019,5,2
3678,1474,12817279.16,2021-01-02,8539.16,Resale,2021,1,1
3679,1474,10924142.91,2022-09-20,7277.91,Sale,2022,9,3
3680,1475,9665513.3,2020-04-13,6597.62,Resale,2020,4,2
3681,1475,11323351.25,2023-07-16,7729.25,Sale,2023,7,3
3682,1476,2443316.48,2019-01-08,6941.24,Sale,2019,1,1
3683,1477,23362249.8,2018-04-24,17152.9,Sale,2018,4,2
3684,1477,31354152.54,2022-04-29,23020.67,Sale,2022,4,2
3685,1478,16496087.6,2023-08-15,10058.59,Resale,2023,8,3
3686,1479,8390384.51,2018-05-08,5946.41,Sale,2018,5,2
3687,1479,9895145.46,2019-09-20,7012.86,Sale,2019,9,3
3688,1480,10135231.17,2022-01-30,8246.73,Sale,2022,1,1
3689,1481,14813502.06,2018-10-27,7159.74,Sale,2018,10,4
3690,1481,17556602.95,2020-09-19,8485.55,Resale,2020,9,3
3691,1482,23835685.12,2018-09-30,7218.56,Resale,2018,9,3
3692,1482,23189417.68,2018-01-20,7022.84,Sale,2018,1,1
3693,1483,28677662.02,2019-11-19,7788.61,Resale,2019,11,4
3694,1484,11498824.48,2020-01-22,6503.86,Sale,2020,1,1
3695,1485,13178091.87,2024-02-28,7692.99,Resale,2024,2,1
3696,1486,70702655.8,2020-02-07,18166.15,Sale,2020,2,1
3697,1486,77455081.2,2019-04-06,19901.1,Sale,2019,4,2
3698,1486,69859415.08,2021-11-25,17949.49,Sale,2021,11,4
3699,1486,81640654.76,2020-09-30,20976.53,Sale,2020,9,3
3700,1487,14749804.8,2023-06-14,9388.8,Resale,2023,6,2
3701,1487,10468814.09,2022-06-22,6663.79,Sale,2022,6,2
3702,1487,9561750.11,2018-02-01,6086.41,Sale,2018,2,1
3703,1487,13117017.37,2019-03-07,8349.47,Sale,2019,3,1
3704,1488,13957778.94,2022-03-21,8734.53,Resale,2022,3,1
3705,1488,10446285.8,2020-05-20,6537.1,Sale,2020,5,2
3706,1488,10734580.98,2021-04-19,6717.51,Resale,2021,4,2
3707,1488,9532629.3,2023-12-10,5965.35,Sale,2023,12,4
3708,1489,45339556.64,2020-06-14,11859.68,Resale,2020,6,2
3709,1489,36651101.0,2019-04-11,9587.0,Resale,2019,4,2
3710,1489,42184587.66,2018-10-25,11034.42,Resale,2018,10,4
3711,1490,5944065.4,2023-07-12,22861.79,Resale,2023,7,3
3712,1490,5999991.4,2022-11-19,23076.89,Sale,2022,11,4
3713,1490,5491387.2,2019-04-11,21120.72,Resale,2019,4,2
3714,1491,24519295.62,2024-03-12,14647.13,Resale,2024,3,1
3715,1492,57070875.51,2019-07-01,10113.57,Resale,2019,7,3
3716,1493,106840156.02,2023-12-24,11703.38,Sale,2023,12,4
3717,1493,82436604.51,2018-05-16,9030.19,Resale,2018,5,2
3718,1494,26177283.0,2018-07-10,15741.0,Sale,2018,7,3
3719,1495,55195379.34,2024-02-12,11679.09,Sale,2024,2,1
3720,1496,6288291.31,2024-05-15,8894.33,Sale,2024,5,2
3721,1496,6000464.54,2020-01-03,8487.22,Sale,2020,1,1
3722,1496,4619849.08,2019-11-19,6534.44,Sale,2019,11,4
3723,1497,6503527.12,2018-02-21,7892.63,Sale,2018,2,1
3724,1497,7082082.24,2022-03-15,8594.76,Sale,2022,3,1
3725,1497,7026462.24,2019-12-30,8527.26,Resale,2019,12,4
3726,1497,6236402.8,2018-11-08,7568.45,Sale,2018,11,4
3727,1498,14952024.32,2021-12-05,22792.72,Sale,2021,12,4
3728,1498,17153448.8,2023-01-21,26148.55,Resale,2023,1,1
3729,1499,19076546.58,2022-01-18,24551.54,Sale,2022,1,1
3730,1499,15771421.68,2018-06-25,20297.84,Sale,2018,6,2
3731,1500,52735644.28,2020-06-21,12658.58,Sale,2020,6,2
3732,1501,6063034.25,2022-11-24,13325.35,Resale,2022,11,4
3733,1502,12952643.55,2021-04-03,11214.41,Sale,2021,4,2
3734,1502,12797157.45,2023-12-08,11079.79,Sale,2023,12,4
3735,1502,11503199.4,2019-11-17,9959.48,Resale,2019,11,4
3737,1503,56083302.45,2018-12-08,7696.35,Resale,2018,12,4
3738,1503,57876560.28,2023-01-01,7942.44,Sale,2023,1,1
3739,1503,61352605.02,2019-04-08,8419.46,Resale,2019,4,2
3741,1504,22171421.58,2019-07-10,15757.94,Sale,2019,7,3
3742,1504,28193888.1,2020-01-06,20038.3,Resale,2020,1,1
3743,1504,23416588.44,2019-01-28,16642.92,Resale,2019,1,1
3744,1505,11646935.11,2023-09-09,6697.49,Resale,2023,9,3
3745,1505,12498401.68,2020-11-16,7187.12,Sale,2020,11,4
3746,1506,13932313.4,2022-12-18,24021.23,Sale,2022,12,4
3747,1506,11385110.0,2018-03-06,19629.5,Sale,2018,3,1
3748,1506,11270809.4,2019-12-02,19432.43,Sale,2019,12,4
3749,1506,11362867.0,2024-06-06,19591.15,Resale,2024,6,2
3750,1507,9899630.56,2023-06-03,9234.73,Resale,2023,6,2
3753,1509,28841285.2,2018-11-14,7923.43,Resale,2018,11,4
3754,1509,36887032.0,2018-11-01,10133.8,Sale,2018,11,4
3755,1510,4986216.0,2018-04-23,6925.3,Resale,2018,4,2
3756,1510,5736175.2,2021-08-13,7966.91,Resale,2021,8,3
3757,1510,4195555.2,2018-01-11,5827.16,Resale,2018,1,1
3758,1511,25796468.7,2019-11-02,18192.15,Resale,2019,11,4
3759,1511,26446068.68,2022-08-19,18650.26,Resale,2022,8,3
3761,1512,63267268.5,2023-07-27,10678.02,Resale,2023,7,3
3762,1512,50945164.5,2022-11-22,8598.34,Resale,2022,11,4
3763,1513,11687982.81,2018-07-22,7070.77,Sale,2018,7,3
3764,1513,14333791.14,2024-04-09,8671.38,Sale,2024,4,2
3766,1513,11973869.16,2022-05-28,7243.72,Resale,2022,5,2
3767,1514,13655289.66,2018-06-15,8497.38,Resale,2018,6,2
3768,1514,17932673.7,2023-09-20,11159.1,Sale,2023,9,3
3769,1514,15806034.18,2021-08-11,9835.74,Resale,2021,8,3
3770,1515,8720691.5,2018-12-11,6537.25,Resale,2018,12,4
3771,1516,6955448.92,2022-12-15,7237.72,Sale,2022,12,4
3772,1516,10232795.27,2023-02-05,10648.07,Resale,2023,2,1
3773,1517,4706382.8,2019-07-18,7976.92,Sale,2019,7,3
3774,1517,7990535.2,2024-05-02,13543.28,Sale,2024,5,2
3775,1518,10567105.56,2024-02-20,9220.86,Sale,2024,2,1
3776,1519,49844507.5,2018-02-14,7388.75,Resale,2018,2,1
3777,1519,53107412.78,2019-03-19,7872.43,Sale,2019,3,1
3778,1520,115793771.94,2018-09-16,18339.21,Sale,2018,9,3
3779,1520,109978199.1,2020-11-13,17418.15,Sale,2020,11,4
3780,1521,37726247.28,2020-03-11,9678.36,Resale,2020,3,1
3781,1521,46532024.18,2023-12-28,11937.41,Sale,2023,12,4
3782,1521,35530075.1,2018-10-26,9114.95,Sale,2018,10,4
3783,1521,38160718.36,2022-01-30,9789.82,Sale,2022,1,1
3784,1522,5590352.1,2021-05-25,9539.85,Sale,2021,5,2
3785,1522,3564456.34,2022-07-02,6082.69,Resale,2022,7,3
3786,1523,14570153.03,2018-09-28,8729.87,Resale,2018,9,3
3787,1524,31885424.08,2023-04-29,20812.94,Sale,2023,4,2
3788,1524,28178811.36,2018-12-30,18393.48,Resale,2018,12,4
3789,1524,30940471.16,2018-07-20,20196.13,Resale,2018,7,3
3790,1525,15073655.4,2024-01-24,7912.68,Resale,2024,1,1
3791,1525,21205545.6,2022-12-07,11131.52,Resale,2022,12,4
3792,1525,17755400.1,2023-09-21,9320.42,Resale,2023,9,3
3793,1526,20133586.0,2019-01-02,19954.0,Sale,2019,1,1
3794,1526,16827042.55,2020-11-08,16676.95,Sale,2020,11,4
3795,1527,54271011.12,2018-04-14,17899.41,Resale,2018,4,2
3796,1527,71908731.2,2021-05-04,23716.6,Sale,2021,5,2
3797,1527,62664890.88,2020-10-06,20667.84,Sale,2020,10,4
3798,1527,75472058.88,2024-06-23,24891.84,Sale,2024,6,2
3799,1528,6244573.44,2019-02-13,6847.12,Resale,2019,2,1
3800,1529,30197868.36,2022-07-25,18629.16,Resale,2022,7,3
3801,1529,30173083.27,2022-07-06,18613.87,Resale,2022,7,3
3802,1529,41257578.53,2022-12-04,25451.93,Resale,2022,12,4
3803,1530,18086349.6,2021-10-17,9134.52,Sale,2021,10,4
3805,1531,41838369.09,2018-04-29,16222.71,Sale,2018,4,2
3806,1531,59207521.45,2023-06-06,22957.55,Sale,2023,6,2
3807,1532,10074151.8,2019-01-23,21900.33,Resale,2019,1,1
3808,1532,8753418.2,2022-09-26,19029.17,Resale,2022,9,3
3809,1533,8314758.6,2018-11-04,7949.1,Resale,2018,11,4
3810,1533,8848657.92,2023-03-27,8459.52,Sale,2023,3,1
3811,1533,6964791.0,2019-06-13,6658.5,Sale,2019,6,2
3812,1534,71195627.68,2024-03-23,12193.12,Sale,2024,3,1
3813,1534,50967871.93,2020-10-27,8728.87,Resale,2020,10,4
3814,1535,19407351.6,2021-06-04,5924.1,Resale,2021,6,2
3815,1535,27934746.84,2023-08-30,8527.09,Sale,2023,8,3
3816,1536,47177622.24,2023-03-01,9683.42,Sale,2023,3,1
3817,1536,46111531.2,2021-08-14,9464.6,Sale,2021,8,3
3818,1536,38783312.4,2019-09-02,7960.45,Sale,2019,9,3
3819,1536,49733863.2,2021-12-18,10208.1,Sale,2021,12,4
3821,1537,16108041.04,2020-08-23,21945.56,Resale,2020,8,3
3822,1537,18141455.92,2023-08-19,24715.88,Resale,2023,8,3
3823,1538,15215095.08,2023-02-22,9697.32,Sale,2023,2,1
3825,1539,14660288.02,2023-04-20,7963.22,Sale,2023,4,2
3827,1539,12918702.02,2018-05-03,7017.22,Sale,2018,5,2
3828,1540,47221171.2,2022-10-02,7341.6,Sale,2022,10,4
3829,1540,74044733.76,2023-12-05,11511.93,Resale,2023,12,4
3830,1540,48619873.92,2022-04-23,7559.06,Resale,2022,4,2
3831,1540,55044091.2,2023-12-27,8557.85,Resale,2023,12,4
3832,1541,9980378.02,2019-07-09,6557.41,Resale,2019,7,3
3833,1541,10430205.12,2020-10-14,6852.96,Sale,2020,10,4
3834,1541,9927549.4,2021-07-31,6522.7,Resale,2021,7,3
3835,1542,10016839.25,2019-06-21,6280.15,Sale,2019,6,2
3837,1542,15464545.8,2023-02-03,9695.64,Resale,2023,2,1
3838,1543,13661266.6,2019-09-30,7041.89,Resale,2019,9,3
3839,1543,18738770.4,2020-10-16,9659.16,Resale,2020,10,4
3840,1544,49795547.63,2020-08-19,8575.09,Resale,2020,8,3
3841,1544,61521796.94,2018-01-13,10594.42,Resale,2018,1,1
3842,1545,7723984.88,2018-08-20,10698.04,Sale,2018,8,3
3843,1545,9292298.84,2022-08-11,12870.22,Resale,2022,8,3
3844,1546,41165847.72,2020-10-03,20728.02,Resale,2020,10,4
3845,1546,34297187.28,2018-08-31,17269.48,Sale,2018,8,3
3846,1547,3607052.7,2019-06-30,7945.05,Sale,2019,6,2
3847,1547,3311703.0,2022-03-14,7294.5,Resale,2022,3,1
3848,1547,3412486.46,2020-03-14,7516.49,Resale,2020,3,1
3849,1548,15060503.04,2019-12-27,9489.92,Resale,2019,12,4
3850,1548,14285761.38,2020-05-17,9001.74,Resale,2020,5,2
3851,1548,15645137.97,2019-12-03,9858.31,Resale,2019,12,4
3852,1549,18672438.33,2020-06-08,10977.33,Sale,2020,6,2
3853,1549,16862744.43,2022-02-01,9913.43,Resale,2022,2,1
3854,1550,9901455.52,2021-03-06,8716.07,Resale,2021,3,1
3855,1551,31728525.92,2022-01-30,5904.08,Resale,2022,1,1
3856,1551,32365237.44,2019-04-26,6022.56,Resale,2019,4,2
3857,1551,36975592.04,2020-04-13,6880.46,Resale,2020,4,2
3858,1552,32374306.32,2019-08-27,19898.16,Sale,2019,8,3
3859,1552,32341050.44,2018-11-14,19877.72,Sale,2018,11,4
3860,1552,38450191.39,2023-03-29,23632.57,Resale,2023,3,1
3861,1553,34249216.4,2024-06-16,13072.22,Resale,2024,6,2
3862,1553,27288217.0,2021-04-15,10415.35,Resale,2021,4,2
3863,1553,32142867.4,2023-05-13,12268.27,Resale,2023,5,2
3864,1554,29751456.8,2018-11-28,7295.6,Resale,2018,11,4
3865,1554,30018606.58,2020-01-06,7361.11,Resale,2020,1,1
3866,1555,8342539.38,2020-08-31,6969.54,Sale,2020,8,3
3867,1555,10342606.68,2022-02-12,8640.44,Sale,2022,2,1
3868,1555,10040711.31,2019-10-24,8388.23,Sale,2019,10,4
3869,1555,9441696.6,2019-05-19,7887.8,Resale,2019,5,2
3870,1556,3572184.12,2023-07-05,7305.08,Sale,2023,7,3
3871,1556,3079081.41,2020-10-27,6296.69,Resale,2020,10,4
3872,1556,3509553.0,2021-03-26,7177.0,Sale,2021,3,1
3873,1557,97652226.42,2019-12-12,19306.49,Resale,2019,12,4
3874,1557,113548306.5,2022-12-12,22449.25,Sale,2022,12,4
3875,1557,123421421.34,2021-08-16,24401.23,Sale,2021,8,3
3877,1558,40321469.44,2024-05-23,24496.64,Sale,2024,5,2
3878,1558,35734890.44,2022-01-15,21710.14,Sale,2022,1,1
3879,1558,31465215.82,2018-01-09,19116.17,Sale,2018,1,1
3880,1559,44786294.3,2021-07-18,23949.89,Sale,2021,7,3
3881,1559,40198380.2,2020-12-05,21496.46,Resale,2020,12,4
3882,1559,31916898.2,2018-11-05,17067.86,Sale,2018,11,4
3883,1559,36800646.3,2021-02-12,19679.49,Resale,2021,2,1
3884,1560,30080148.23,2020-08-18,8736.61,Sale,2020,8,3
3885,1560,37413634.94,2021-10-23,10866.58,Resale,2021,10,4
3886,1561,8451508.69,2020-12-01,8426.23,Resale,2020,12,4
3887,1561,8556934.02,2020-03-16,8531.34,Sale,2020,3,1
3888,1562,16927486.4,2023-08-23,9617.89,Sale,2023,8,3
3889,1563,14126000.4,2020-10-25,9232.68,Resale,2020,10,4
3890,1563,10552608.9,2021-05-13,6897.13,Sale,2021,5,2
3891,1564,16556524.35,2024-01-01,25669.03,Resale,2024,1,1
3892,1564,12955295.85,2019-11-20,20085.73,Resale,2019,11,4
3893,1564,12887815.95,2020-04-22,19981.11,Sale,2020,4,2
3894,1564,10455953.1,2018-10-18,16210.78,Resale,2018,10,4
3895,1565,10686922.4,2018-02-24,21120.4,Resale,2018,2,1
3896,1565,10496205.94,2022-09-20,20743.49,Resale,2022,9,3
3897,1565,7114304.34,2019-04-13,14059.89,Sale,2019,4,2
3898,1565,11321122.56,2022-03-27,22373.76,Resale,2022,3,1
3899,1566,29097062.4,2023-01-01,11366.04,Resale,2023,1,1
3900,1566,29866726.4,2019-02-24,11666.69,Sale,2019,2,1
3901,1567,2683965.0,2023-10-27,8946.55,Resale,2023,10,4
3902,1568,4177435.5,2022-04-30,7764.75,Resale,2022,4,2
3903,1569,15723461.91,2022-10-06,10896.37,Sale,2022,10,4
3904,1570,9045052.93,2022-11-29,7858.43,Sale,2022,11,4
3905,1570,11176958.15,2021-12-04,9710.65,Sale,2021,12,4
3906,1570,8573211.99,2019-02-24,7448.49,Sale,2019,2,1
3907,1571,3936717.12,2021-07-28,8826.72,Sale,2021,7,3
3908,1571,4130035.82,2019-07-23,9260.17,Sale,2019,7,3
3909,1572,5132640.34,2022-08-29,8655.38,Sale,2022,8,3
3910,1573,51447264.0,2020-11-07,6798.0,Sale,2020,11,4
3911,1574,12467696.43,2023-05-23,7153.01,Sale,2023,5,2
3912,1574,17779244.91,2024-04-04,10200.37,Resale,2024,4,2
3913,1575,3436050.96,2019-07-02,6224.73,Sale,2019,7,3
3914,1575,4373208.96,2019-12-09,7922.48,Sale,2019,12,4
3915,1576,44633825.6,2018-11-24,7006.88,Resale,2018,11,4
3916,1576,57191134.0,2024-02-23,8978.2,Resale,2024,2,1
3918,1576,51130397.5,2018-05-31,8026.75,Resale,2018,5,2
3919,1577,114421803.36,2022-04-09,23106.18,Resale,2022,4,2
3920,1577,109644559.44,2023-09-01,22141.47,Resale,2023,9,3
3921,1577,84389953.68,2019-11-03,17041.59,Sale,2019,11,4
3922,1577,106240406.08,2018-09-10,21454.04,Sale,2018,9,3
3923,1578,5306166.14,2018-12-14,6106.06,Resale,2018,12,4
3924,1578,6860407.4,2021-01-09,7894.6,Sale,2021,1,1
3925,1578,7278761.38,2020-11-20,8376.02,Resale,2020,11,4
3926,1579,6121306.36,2023-05-03,9921.08,Sale,2023,5,2
3927,1580,28439779.65,2019-11-26,7227.39,Sale,2019,11,4
3928,1580,32650977.3,2023-12-25,8297.58,Resale,2023,12,4
3929,1580,27192187.9,2018-10-05,6910.34,Resale,2018,10,4
3930,1580,41527117.45,2024-06-28,10553.27,Resale,2024,6,2
3931,1581,55737820.2,2023-10-27,10333.3,Resale,2023,10,4
3932,1581,37202094.36,2021-01-24,6896.94,Resale,2021,1,1
3933,1582,71110931.55,2023-04-12,8566.55,Resale,2023,4,2
3934,1582,50030376.03,2020-05-23,6027.03,Resale,2020,5,2
3935,1582,77586126.6,2023-08-26,9346.6,Sale,2023,8,3
3936,1583,13607428.63,2018-04-28,9456.17,Resale,2018,4,2
3937,1583,13592851.56,2021-07-11,9446.04,Resale,2021,7,3
3938,1584,90684890.95,2024-06-12,14493.35,Resale,2024,6,2
3939,1584,76149942.52,2023-12-30,12170.36,Sale,2023,12,4
3940,1584,71715106.06,2022-05-17,11461.58,Resale,2022,5,2
3941,1584,68327253.41,2022-11-15,10920.13,Sale,2022,11,4
3942,1585,5156343.36,2021-07-01,10609.76,Sale,2021,7,3
3943,1585,4173768.0,2018-06-15,8588.0,Resale,2018,6,2
3944,1585,4463146.98,2020-06-13,9183.43,Resale,2020,6,2
3945,1585,6826040.1,2024-01-03,14045.35,Sale,2024,1,1
3946,1586,41017731.62,2018-01-19,6115.66,Resale,2018,1,1
3947,1586,45742611.91,2020-07-30,6820.13,Sale,2020,7,3
3948,1586,48069404.35,2020-08-26,7167.05,Resale,2020,8,3
3949,1587,4483534.73,2018-04-15,8196.59,Sale,2018,4,2
3950,1587,5653370.81,2023-12-14,10335.23,Resale,2023,12,4
3951,1587,4960704.71,2024-03-09,9068.93,Resale,2024,3,1
3952,1587,5446927.54,2022-04-19,9957.82,Resale,2022,4,2
3953,1588,14569371.34,2022-09-13,8792.62,Sale,2022,9,3
3954,1589,20143420.62,2021-06-12,6893.71,Resale,2021,6,2
3955,1589,22205709.78,2022-05-28,7599.49,Sale,2022,5,2
3956,1589,28759726.56,2023-06-15,9842.48,Resale,2023,6,2
3957,1590,9718418.6,2019-12-04,11924.44,Sale,2019,12,4
3958,1591,37855129.2,2018-12-29,7268.65,Resale,2018,12,4
3959,1592,9089580.5,2022-05-15,7512.05,Sale,2022,5,2
3960,1592,8211931.2,2019-07-15,6786.72,Resale,2019,7,3
3961,1593,3076750.7,2021-03-16,7504.27,Sale,2021,3,1
3962,1593,3454860.9,2023-11-27,8426.49,Sale,2023,11,4
3963,1593,2781161.2,2019-06-20,6783.32,Resale,2019,6,2
3964,1594,4026394.1,2021-04-16,7596.97,Sale,2021,4,2
3965,1594,4543356.1,2023-08-18,8572.37,Resale,2023,8,3
3966,1594,3789802.1,2020-08-17,7150.57,Resale,2020,8,3
3967,1595,21184029.75,2022-03-10,21727.21,Sale,2022,3,1
3968,1595,22598881.5,2021-10-09,23178.34,Sale,2021,10,4
3969,1595,20139395.25,2021-02-06,20655.79,Sale,2021,2,1
3970,1595,22363224.0,2023-04-12,22936.64,Resale,2023,4,2
3971,1596,3795836.26,2018-06-05,6851.69,Resale,2018,6,2
3972,1596,5699269.46,2022-09-06,10287.49,Resale,2022,9,3
3973,1596,4306302.94,2021-08-14,7773.11,Resale,2021,8,3
3974,1597,14781358.8,2023-06-14,12537.2,Resale,2023,6,2
3975,1597,13134979.62,2024-04-13,11140.78,Resale,2024,4,2
3976,1598,15544007.22,2021-09-14,8606.87,Sale,2021,9,3
3977,1598,14278904.22,2019-11-30,7906.37,Sale,2019,11,4
3978,1599,58102886.88,2024-03-06,9990.18,Resale,2024,3,1
3979,1599,44715385.44,2022-09-14,7688.34,Resale,2022,9,3
3980,1599,32750535.76,2018-07-30,5631.11,Sale,2018,7,3
3981,1600,29035846.02,2021-08-22,19241.78,Sale,2021,8,3
3982,1600,32124210.69,2019-10-09,21288.41,Resale,2019,10,4
3983,1600,35984187.42,2019-12-19,23846.38,Resale,2019,12,4
3985,1601,11499986.82,2019-10-26,5846.46,Sale,2019,10,4
3986,1601,17377245.13,2022-06-16,8834.39,Resale,2022,6,2
3987,1601,12697968.5,2020-11-09,6455.5,Sale,2020,11,4
3988,1602,39315280.71,2018-09-04,6227.67,Sale,2018,9,3
3989,1602,54543373.05,2023-10-19,8639.85,Resale,2023,10,4
3990,1603,48219706.85,2018-06-05,6777.19,Resale,2018,6,2
3991,1603,46610649.6,2018-01-04,6551.04,Sale,2018,1,1
3992,1603,58359649.1,2024-04-13,8202.34,Resale,2024,4,2
3993,1604,116559776.97,2021-11-03,11970.81,Sale,2021,11,4
3994,1605,17289050.46,2021-03-04,19895.34,Sale,2021,3,1
3995,1605,22315998.21,2022-08-27,25680.09,Resale,2022,8,3
3996,1606,17311584.51,2021-08-04,6418.83,Sale,2021,8,3
3997,1606,24458095.11,2024-02-04,9068.63,Resale,2024,2,1
3998,1606,14951089.2,2018-10-11,5543.6,Sale,2018,10,4
3999,1606,20508635.28,2023-05-29,7604.24,Resale,2023,5,2
4000,1607,49729738.38,2021-09-28,7197.82,Sale,2021,9,3
4001,1607,62661659.13,2021-03-10,9069.57,Resale,2021,3,1
4002,1608,125941186.25,2021-07-03,24573.89,Sale,2021,7,3
4003,1609,15765580.89,2019-11-18,8198.43,Sale,2019,11,4
4004,1609,15947419.77,2021-01-15,8292.99,Sale,2021,1,1
4005,1609,17894207.28,2023-09-25,9305.36,Resale,2023,9,3
4006,1609,16437169.41,2019-07-31,8547.67,Sale,2019,7,3
4007,1610,6688119.6,2020-10-04,10928.3,Sale,2020,10,4
4008,1610,6182289.36,2020-12-15,10101.78,Resale,2020,12,4
4009,1610,6490633.32,2018-11-09,10605.61,Sale,2018,11,4
4010,1610,7860283.2,2023-11-30,12843.6,Resale,2023,11,4
4011,1611,14180205.41,2020-02-13,10373.23,Resale,2020,2,1
4012,1611,12322903.52,2019-08-13,9014.56,Sale,2019,8,3
4013,1611,14250223.15,2022-04-16,10424.45,Resale,2022,4,2
4014,1611,13223483.12,2020-02-12,9673.36,Sale,2020,2,1
4015,1612,12119741.27,2021-03-20,8712.97,Sale,2021,3,1
4016,1613,40448348.48,2023-05-25,25746.88,Sale,2023,5,2
4017,1614,10475752.32,2018-07-17,14880.33,Sale,2018,7,3
4018,1614,10877356.16,2020-04-08,15450.79,Sale,2020,4,2
4019,1614,11225125.12,2018-09-08,15944.78,Resale,2018,9,3
4020,1614,14221440.64,2021-04-10,20200.91,Resale,2021,4,2
4021,1615,221959434.9,2023-12-08,26758.22,Resale,2023,12,4
4022,1616,12790369.56,2022-09-15,10784.46,Resale,2022,9,3
4023,1616,11000339.76,2018-08-11,9275.16,Sale,2018,8,3
4024,1617,3005103.4,2020-03-26,8233.16,Sale,2020,3,1
4025,1618,10386059.86,2023-04-15,20525.81,Sale,2023,4,2
4026,1618,11345815.36,2019-10-11,22422.56,Sale,2019,10,4
4027,1619,10500262.2,2020-09-11,18551.7,Resale,2020,9,3
4028,1620,14096797.68,2022-08-20,13248.87,Resale,2022,8,3
4029,1620,12260312.4,2023-02-18,11522.85,Resale,2023,2,1
4030,1620,11944623.6,2023-02-07,11226.15,Sale,2023,2,1
4031,1620,10291465.52,2022-09-01,9672.43,Resale,2022,9,3
4032,1621,83510938.55,2022-03-27,22848.41,Resale,2022,3,1
4034,1621,81485118.25,2021-05-08,22294.15,Resale,2021,5,2
4035,1621,67925031.7,2018-08-27,18584.14,Sale,2018,8,3
4036,1622,2176736.8,2023-08-28,7774.06,Sale,2023,8,3
4037,1622,2300160.8,2021-09-17,8214.86,Resale,2021,9,3
4038,1622,2076953.2,2020-04-07,7417.69,Resale,2020,4,2
4039,1623,12513631.5,2019-03-18,6838.05,Sale,2019,3,1
4040,1624,20240342.56,2022-04-13,11822.63,Sale,2022,4,2
4041,1624,16388787.68,2024-06-09,9572.89,Resale,2024,6,2
4042,1625,8703650.34,2020-04-21,9958.41,Sale,2020,4,2
4043,1625,6736101.54,2018-07-21,7707.21,Sale,2018,7,3
4044,1625,8840475.04,2020-02-27,10114.96,Sale,2020,2,1
4045,1626,11181766.08,2018-12-03,5935.12,Sale,2018,12,4
4046,1626,13989962.28,2022-02-04,7425.67,Sale,2022,2,1
4047,1627,4088384.64,2023-11-01,7097.89,Resale,2023,11,4
4048,1627,5009391.36,2021-10-09,8696.86,Sale,2021,10,4
4049,1627,4471355.52,2023-03-18,7762.77,Sale,2023,3,1
4050,1628,19956330.66,2022-03-23,10324.02,Resale,2022,3,1
4051,1628,20592364.98,2018-03-13,10653.06,Resale,2018,3,1
4052,1629,15604069.14,2022-09-27,9271.58,Sale,2022,9,3
4053,1629,11041691.76,2022-04-29,6560.72,Resale,2022,4,2
4054,1630,10202505.32,2019-03-11,11125.96,Resale,2019,3,1
4055,1630,10478109.67,2019-05-21,11426.51,Resale,2019,5,2
4056,1630,11555025.3,2021-06-06,12600.9,Resale,2021,6,2
4057,1631,14661646.2,2019-10-06,7442.46,Sale,2019,10,4
4058,1631,13779027.1,2022-09-17,6994.43,Resale,2022,9,3
4059,1631,17311926.6,2024-04-22,8787.78,Sale,2024,4,2
4060,1631,11848840.8,2020-11-10,6014.64,Sale,2020,11,4
4061,1632,3802238.4,2024-06-29,7921.33,Resale,2024,6,2
4062,1632,3028574.4,2020-10-17,6309.53,Sale,2020,10,4
4063,1632,3058353.6,2019-12-15,6371.57,Resale,2019,12,4
4064,1632,3181382.4,2018-08-08,6627.88,Resale,2018,8,3
4065,1633,9096552.96,2023-05-12,8614.16,Sale,2023,5,2
4066,1633,8211910.08,2021-11-13,7776.43,Sale,2021,11,4
4067,1633,7133966.4,2018-05-18,6755.65,Sale,2018,5,2
4068,1634,12277784.39,2022-01-19,9510.29,Sale,2022,1,1
4069,1634,13741468.55,2023-02-03,10644.05,Resale,2023,2,1
4070,1635,41600308.88,2019-10-21,6517.36,Resale,2019,10,4
4071,1636,54149050.88,2024-01-09,9196.51,Resale,2024,1,1
4072,1636,44730782.72,2023-12-14,7596.94,Sale,2023,12,4
4073,1637,64645364.16,2022-01-07,24376.08,Sale,2022,1,1
4074,1637,55808369.76,2022-04-23,21043.88,Resale,2022,4,2
4075,1637,43662554.52,2018-10-03,16464.01,Resale,2018,10,4
4076,1638,18512480.88,2022-06-01,9995.94,Resale,2022,6,2
4077,1638,11893303.24,2021-05-07,6421.87,Resale,2021,5,2
4079,1639,14983449.1,2020-09-02,10968.85,Sale,2020,9,3
4080,1639,11751643.36,2018-05-04,8602.96,Resale,2018,5,2
4081,1640,20404452.16,2022-02-26,20589.76,Sale,2022,2,1
4082,1641,16375886.6,2019-10-02,9148.54,Resale,2019,10,4
4083,1641,16450905.5,2023-07-23,9190.45,Resale,2023,7,3
4084,1641,13632890.6,2021-09-14,7616.14,Resale,2021,9,3
4085,1642,30133438.37,2018-02-08,8235.43,Sale,2018,2,1
4086,1642,45100431.51,2023-08-19,12325.89,Resale,2023,8,3
4087,1642,33908209.13,2023-06-23,9267.07,Resale,2023,6,2
4088,1642,30891509.99,2018-07-04,8442.61,Sale,2018,7,3
4089,1643,37041790.21,2022-03-20,22220.63,Resale,2022,3,1
4090,1643,30774720.38,2018-06-28,18461.14,Sale,2018,6,2
4091,1643,36571496.17,2022-10-01,21938.51,Resale,2022,10,4
4092,1644,11411260.04,2021-11-08,19473.14,Sale,2021,11,4
4093,1644,12416138.7,2019-06-10,21187.95,Sale,2019,6,2
4094,1645,65950639.04,2021-06-22,6622.88,Sale,2021,6,2
4095,1646,8595440.4,2023-06-04,11309.79,Sale,2023,6,2
4096,1646,8339350.8,2023-07-22,10972.83,Sale,2023,7,3
4097,1646,9051212.4,2021-01-10,11909.49,Resale,2021,1,1
4098,1646,6463351.6,2018-06-25,8504.41,Sale,2018,6,2
4099,1647,48414250.17,2022-08-22,8483.31,Sale,2022,8,3
4100,1648,11296007.8,2021-05-05,8590.12,Sale,2021,5,2
4101,1648,9331305.75,2023-06-20,7096.05,Sale,2023,6,2
4102,1649,74077155.24,2022-04-28,8611.62,Resale,2022,4,2
4103,1650,14573790.0,2023-05-26,9253.2,Resale,2023,5,2
4104,1650,15658886.25,2019-12-28,9942.15,Resale,2019,12,4
4105,1650,15260616.0,2021-11-15,9689.28,Resale,2021,11,4
4106,1651,12780942.72,2023-08-22,9653.28,Sale,2023,8,3
4107,1651,8924474.96,2019-05-30,6740.54,Resale,2019,5,2
4108,1652,45830913.44,2023-08-19,21237.68,Resale,2023,8,3
4109,1652,47103097.6,2019-01-05,21827.2,Resale,2019,1,1
4110,1652,34779881.76,2018-08-02,16116.72,Resale,2018,8,3
4111,1652,53337883.3,2022-05-22,24716.35,Sale,2022,5,2
4112,1653,16509730.98,2022-01-08,9166.98,Resale,2022,1,1
4113,1653,12777410.62,2019-03-26,7094.62,Resale,2019,3,1
4114,1653,13126498.45,2022-02-03,7288.45,Resale,2022,2,1
4115,1654,12140334.0,2018-11-28,10341.0,Resale,2018,11,4
4116,1654,13888678.28,2022-08-26,11830.22,Resale,2022,8,3
4117,1654,9587236.2,2018-06-26,8166.3,Sale,2018,6,2
4118,1654,13486418.92,2022-09-19,11487.58,Sale,2022,9,3
4119,1655,132469266.93,2020-10-24,22594.11,Resale,2020,10,4
4120,1655,106952611.48,2018-02-27,18241.96,Resale,2018,2,1
4121,1655,147632216.16,2024-05-18,25180.32,Resale,2024,5,2
4122,1655,139951979.31,2021-07-08,23870.37,Sale,2021,7,3
4123,1656,15232211.28,2019-04-23,22599.72,Sale,2019,4,2
4124,1656,13392831.58,2020-06-16,19870.67,Sale,2020,6,2
4125,1656,12018181.62,2021-09-30,17831.13,Resale,2021,9,3
4126,1656,11463937.94,2020-02-09,17008.81,Sale,2020,2,1
4127,1657,20396249.25,2020-12-04,6676.35,Resale,2020,12,4
4128,1657,17629732.9,2018-11-02,5770.78,Sale,2018,11,4
4129,1658,80767225.12,2022-06-06,17813.68,Resale,2022,6,2
4130,1658,99708554.2,2018-10-03,21991.3,Sale,2018,10,4
4131,1658,86783888.46,2018-11-30,19140.69,Sale,2018,11,4
4132,1659,7192097.55,2024-05-13,11470.65,Resale,2024,5,2
4133,1659,6632757.12,2021-07-01,10578.56,Resale,2021,7,3
4134,1659,5763321.3,2023-06-15,9191.9,Resale,2023,6,2
4135,1659,8354699.76,2023-11-23,13324.88,Resale,2023,11,4
4136,1660,8988117.0,2020-03-22,15443.5,Sale,2020,3,1
4137,1660,15119347.32,2024-05-30,25978.26,Resale,2024,5,2
4138,1660,9144669.18,2020-07-08,15712.49,Sale,2020,7,3
4139,1660,11747541.96,2021-11-24,20184.78,Sale,2021,11,4
4140,1661,6515526.15,2018-07-28,20684.21,Resale,2018,7,3
4141,1661,5105249.1,2020-04-19,16207.14,Resale,2020,4,2
4142,1661,7573592.25,2024-05-26,24043.15,Sale,2024,5,2
4143,1661,6828790.5,2020-01-10,21678.7,Resale,2020,1,1
4144,1662,4902461.8,2022-09-25,9163.48,Resale,2022,9,3
4145,1663,10398692.7,2020-08-20,10164.9,Sale,2020,8,3
4146,1663,10340023.65,2019-05-09,10107.55,Sale,2019,5,2
4147,1664,18403735.9,2021-02-27,9841.57,Resale,2021,2,1
4148,1664,20733475.4,2018-02-10,11087.42,Sale,2018,2,1
4149,1664,17650350.3,2023-06-22,9438.69,Resale,2023,6,2
4150,1664,21478146.8,2020-04-14,11485.64,Sale,2020,4,2
4151,1665,40997530.75,2024-05-26,12518.33,Resale,2024,5,2
4152,1666,23800799.48,2023-03-27,12566.42,Sale,2023,3,1
4153,1666,24272632.76,2023-11-17,12815.54,Resale,2023,11,4
4154,1667,6773819.4,2020-07-15,8362.74,Resale,2020,7,3
4155,1667,5118179.4,2018-01-19,6318.74,Resale,2018,1,1
4156,1667,5803739.1,2019-09-07,7165.11,Sale,2019,9,3
4157,1668,5722855.6,2018-02-19,7432.28,Resale,2018,2,1
4158,1668,7483583.8,2020-02-12,9718.94,Resale,2020,2,1
4159,1669,20915003.22,2023-04-11,12152.82,Sale,2023,4,2
4160,1669,19608592.12,2021-12-16,11393.72,Resale,2021,12,4
4161,1669,21081509.97,2023-02-06,12249.57,Resale,2023,2,1
4162,1669,15161287.18,2022-05-23,8809.58,Resale,2022,5,2
4163,1670,141686480.06,2023-11-04,21821.42,Resale,2023,11,4
4164,1670,107586023.22,2018-09-23,16569.54,Sale,2018,9,3
4165,1671,5521894.56,2018-02-04,7585.02,Sale,2018,2,1
4166,1671,6602122.8,2020-06-08,9068.85,Sale,2020,6,2
4167,1671,8518910.4,2023-04-05,11701.8,Sale,2023,4,2
4168,1672,69549917.88,2020-06-11,11790.12,Sale,2020,6,2
4169,1673,8172080.28,2023-11-16,7483.59,Sale,2023,11,4
4170,1673,7609230.72,2022-12-26,6968.16,Resale,2022,12,4
4171,1673,8168367.48,2022-04-10,7480.19,Sale,2022,4,2
4172,1674,4983017.66,2019-06-06,19852.66,Sale,2019,6,2
4173,1674,6114106.49,2021-10-30,24358.99,Resale,2021,10,4
4174,1674,4471098.14,2018-11-28,17813.14,Sale,2018,11,4
4175,1675,9013746.68,2018-02-22,5785.46,Sale,2018,2,1
4176,1675,12637452.14,2024-01-22,8111.33,Sale,2024,1,1
4177,1676,4907486.22,2021-09-11,8446.62,Resale,2021,9,3
4178,1676,4825884.77,2019-07-23,8306.17,Sale,2019,7,3
4179,1676,6736288.3,2024-04-21,11594.3,Resale,2024,4,2
4180,1676,3908735.6,2020-03-29,6727.6,Sale,2020,3,1
4181,1677,37122515.43,2019-01-20,7005.57,Sale,2019,1,1
4182,1678,10679077.08,2023-03-27,7405.74,Resale,2023,3,1
4183,1679,9411197.04,2020-05-06,6494.96,Resale,2020,5,2
4184,1680,80792575.2,2022-04-26,19686.3,Resale,2022,4,2
4185,1680,79417981.44,2020-07-25,19351.36,Resale,2020,7,3
4186,1680,77940090.0,2021-05-29,18991.25,Resale,2021,5,2
4187,1680,101596859.28,2019-12-19,24755.57,Sale,2019,12,4
4188,1681,8244583.2,2019-10-11,7010.7,Resale,2019,10,4
4189,1681,10865169.84,2021-08-29,9239.09,Resale,2021,8,3
4190,1682,21183386.76,2018-02-11,16575.42,Sale,2018,2,1
4191,1682,32669079.48,2020-04-03,25562.66,Resale,2020,4,2
4192,1682,23939981.64,2018-07-21,18732.38,Sale,2018,7,3
4193,1683,2267440.77,2018-05-07,7152.81,Sale,2018,5,2
4194,1683,2488656.05,2023-07-03,7850.65,Resale,2023,7,3
4195,1683,2578167.34,2020-06-14,8133.02,Resale,2020,6,2
4196,1684,22714633.17,2019-03-17,7718.19,Sale,2019,3,1
4197,1684,20843974.08,2019-09-29,7082.56,Resale,2019,9,3
4198,1685,45404850.32,2019-06-01,16607.48,Resale,2019,6,2
4199,1685,56414859.7,2021-09-13,20634.55,Resale,2021,9,3
4200,1685,61494795.74,2023-01-24,22492.61,Sale,2023,1,1
4201,1686,135760593.0,2018-07-14,19877.1,Sale,2018,7,3
4202,1686,119513662.2,2018-08-12,17498.34,Resale,2018,8,3
4203,1686,117293912.2,2022-07-08,17173.34,Resale,2022,7,3
4204,1687,101349602.36,2023-02-12,12607.24,Sale,2023,2,1
4205,1688,54661274.4,2022-06-19,12891.81,Resale,2022,6,2
4206,1688,32362605.6,2019-09-14,7632.69,Resale,2019,9,3
4207,1689,27026783.85,2024-01-29,14890.79,Sale,2024,1,1
4208,1689,24794533.5,2023-08-13,13660.9,Resale,2023,8,3
4209,1689,16004252.55,2019-10-18,8817.77,Sale,2019,10,4
4210,1690,7247927.1,2018-01-17,7793.47,Sale,2018,1,1
4211,1690,11124576.3,2021-09-05,11961.91,Sale,2021,9,3
4212,1691,10050766.28,2023-03-28,9777.01,Resale,2023,3,1
4213,1691,11062976.2,2023-07-28,10761.65,Resale,2023,7,3
4214,1691,9194432.0,2021-01-03,8944.0,Sale,2021,1,1
4215,1692,16131420.0,2022-06-27,8065.71,Sale,2022,6,2
4216,1692,18954260.0,2022-07-31,9477.13,Resale,2022,7,3
4217,1693,17156876.94,2022-08-23,8422.62,Resale,2022,8,3
4218,1693,15749554.38,2019-07-18,7731.74,Sale,2019,7,3
4219,1693,13442427.81,2019-07-03,6599.13,Resale,2019,7,3
4220,1693,14198806.65,2019-03-21,6970.45,Resale,2019,3,1
4221,1694,16110821.63,2024-04-27,7538.99,Sale,2024,4,2
4222,1694,14552734.93,2019-06-21,6809.89,Resale,2019,6,2
4223,1694,17200007.79,2024-04-20,8048.67,Resale,2024,4,2
4224,1695,5872367.16,2020-02-17,9886.14,Resale,2020,2,1
4225,1695,6134921.1,2021-08-03,10328.15,Resale,2021,8,3
4226,1695,6687566.82,2023-05-22,11258.53,Resale,2023,5,2
4227,1696,11533010.25,2018-11-11,8770.35,Sale,2018,11,4
4228,1696,15174100.6,2024-01-31,11539.24,Resale,2024,1,1
4229,1696,12707739.2,2021-11-06,9663.68,Resale,2021,11,4
4230,1696,11187822.75,2018-03-09,8507.85,Sale,2018,3,1
4231,1697,7989539.25,2022-02-14,9432.75,Resale,2022,2,1
4232,1698,23439843.18,2022-12-22,22260.06,Sale,2022,12,4
4233,1698,19790092.53,2019-08-04,18794.01,Sale,2019,8,3
4234,1698,26505600.03,2024-04-30,25171.51,Resale,2024,4,2
4235,1698,20691776.43,2020-02-11,19650.31,Resale,2020,2,1
4236,1699,41872040.4,2019-04-25,8349.36,Resale,2019,4,2
4237,1700,8045252.7,2019-09-24,7684.1,Resale,2019,9,3
4238,1701,39993474.45,2022-08-28,9062.65,Resale,2022,8,3
4239,1702,42527337.06,2024-04-20,24884.34,Resale,2024,4,2
4240,1703,3883070.72,2022-08-06,7643.84,Sale,2022,8,3
4241,1703,4577847.08,2023-12-16,9011.51,Resale,2023,12,4
4242,1704,13676439.88,2022-12-01,11416.06,Sale,2022,12,4
4243,1705,5828799.9,2019-07-27,9136.05,Sale,2019,7,3
4244,1706,3299423.64,2020-05-29,6296.61,Sale,2020,5,2
4245,1706,3145079.44,2018-10-01,6002.06,Sale,2018,10,4
4246,1707,45738093.94,2024-06-24,25826.14,Resale,2024,6,2
4247,1708,9849873.2,2023-05-07,8491.27,Resale,2023,5,2
4248,1708,9706474.0,2020-06-19,8367.65,Resale,2020,6,2
4249,1708,8617222.4,2019-11-03,7428.64,Sale,2019,11,4
4250,1708,8878500.8,2020-03-27,7653.88,Resale,2020,3,1
4251,1709,8785276.18,2021-04-24,8604.58,Resale,2021,4,2
4252,1709,8538633.21,2023-08-24,8363.01,Sale,2023,8,3
4253,1710,11198468.55,2022-01-21,9097.05,Resale,2022,1,1
4254,1710,10638178.9,2023-06-02,8641.9,Sale,2023,6,2
4255,1710,14611502.22,2023-02-28,11869.62,Sale,2023,2,1
4256,1710,10124470.29,2024-06-30,8224.59,Sale,2024,6,2
4257,1711,5244650.87,2022-07-20,10681.57,Resale,2022,7,3
4258,1711,5526234.46,2023-07-02,11255.06,Resale,2023,7,3
4259,1711,4146386.98,2020-03-04,8444.78,Resale,2020,3,1
4260,1712,107030721.6,2023-05-14,12719.04,Sale,2023,5,2
4261,1712,84769596.45,2021-07-25,10073.63,Resale,2021,7,3
4262,1712,67092795.0,2022-05-21,7973.0,Resale,2022,5,2
4263,1712,91898784.45,2020-04-04,10920.83,Sale,2020,4,2
4264,1713,20564539.8,2022-05-27,10308.04,Resale,2022,5,2
4265,1714,12415796.96,2021-10-31,20972.63,Resale,2021,10,4
4266,1715,211534094.16,2024-03-01,26468.23,Resale,2024,3,1
4267,1715,154067378.4,2020-09-14,19277.7,Sale,2020,9,3
4268,1715,162154163.52,2021-12-20,20289.56,Resale,2021,12,4
4271,1717,6135578.28,2019-01-23,5826.76,Sale,2019,1,1
4272,1717,6304395.24,2019-12-23,5987.08,Resale,2019,12,4
4273,1718,7336541.3,2019-06-08,9012.95,Resale,2019,6,2
4274,1718,6203542.84,2021-01-19,7621.06,Resale,2021,1,1
4275,1718,7620920.34,2023-09-14,9362.31,Sale,2023,9,3
4276,1718,5373840.78,2018-05-14,6601.77,Resale,2018,5,2
4277,1719,147688920.96,2021-06-06,22777.44,Sale,2021,6,2
4278,1720,3461551.6,2021-04-18,7658.3,Resale,2021,4,2
4279,1721,4510761.1,2021-07-16,8510.87,Resale,2021,7,3
4280,1722,9650208.3,2018-06-17,7504.05,Sale,2018,6,2
4281,1723,73795116.12,2018-08-16,9475.49,Sale,2018,8,3
4282,1724,6828808.98,2020-05-08,9190.86,Resale,2020,5,2
4283,1724,7769907.64,2020-11-21,10457.48,Resale,2020,11,4
4284,1724,10698501.58,2022-12-12,14399.06,Sale,2022,12,4
4285,1724,8425620.0,2021-06-19,11340.0,Resale,2021,6,2
4286,1725,85599675.0,2020-09-26,10263.75,Resale,2020,9,3
4287,1725,85292596.2,2024-06-02,10226.93,Sale,2024,6,2
4288,1725,110955610.2,2024-06-08,13304.03,Sale,2024,6,2
4289,1726,14342939.33,2019-03-05,10538.53,Sale,2019,3,1
4290,1726,13471191.61,2019-03-16,9898.01,Resale,2019,3,1
4291,1726,16886716.38,2024-06-14,12407.58,Resale,2024,6,2
4292,1727,10842505.48,2018-10-05,9379.33,Sale,2018,10,4
4293,1727,9458010.52,2019-08-11,8181.67,Sale,2019,8,3
4294,1727,10411652.72,2020-04-03,9006.62,Sale,2020,4,2
4295,1727,9625191.24,2021-12-05,8326.29,Resale,2021,12,4
4296,1728,12564727.47,2024-01-28,9369.67,Resale,2024,1,1
4297,1728,10704961.62,2019-12-19,7982.82,Resale,2019,12,4
4298,1729,109504722.96,2019-03-01,18776.53,Sale,2019,3,1
4299,1730,103015306.59,2020-03-15,20037.99,Resale,2020,3,1
4300,1731,16216943.82,2018-02-28,9500.26,Resale,2018,2,1
4301,1731,15282668.58,2019-11-12,8952.94,Resale,2019,11,4
4302,1731,15769334.28,2018-09-16,9238.04,Sale,2018,9,3
4303,1732,15386613.8,2024-05-02,8924.95,Resale,2024,5,2
4304,1732,12506378.72,2018-05-29,7254.28,Sale,2018,5,2
4305,1732,11006998.68,2019-07-26,6384.57,Sale,2019,7,3
4306,1733,32323720.59,2022-09-12,8481.69,Resale,2022,9,3
4307,1733,40945384.0,2022-05-14,10744.0,Resale,2022,5,2
4308,1733,35934185.77,2018-05-29,9429.07,Resale,2018,5,2
4309,1733,40563178.81,2019-11-09,10643.71,Resale,2019,11,4
4310,1734,88149576.03,2020-04-07,18483.87,Resale,2020,4,2
4311,1735,5961907.14,2020-05-20,8350.01,Resale,2020,5,2
4312,1736,219958470.23,2023-12-27,26587.51,Resale,2023,12,4
4313,1736,191559577.67,2021-03-20,23154.79,Resale,2021,3,1
4314,1737,159826776.3,2018-03-29,16292.23,Sale,2018,3,1
4315,1737,210733515.0,2023-09-23,21481.5,Sale,2023,9,3
4316,1738,12838193.52,2020-09-05,7660.02,Sale,2020,9,3
4317,1738,17705532.16,2024-05-17,10564.16,Sale,2024,5,2
4318,1738,14186267.36,2023-01-08,8464.36,Sale,2023,1,1
4319,1738,11959215.32,2020-01-09,7135.57,Resale,2020,1,1
4320,1739,77191212.84,2020-09-19,16846.62,Sale,2020,9,3
4321,1739,78870607.48,2018-01-19,17213.14,Resale,2018,1,1
4322,1739,79921030.98,2019-05-17,17442.39,Resale,2019,5,2
4323,1739,97639350.06,2021-06-19,21309.33,Sale,2021,6,2
4324,1740,10512328.38,2019-04-26,6072.98,Sale,2019,4,2
4325,1740,13035918.66,2020-07-03,7530.86,Sale,2020,7,3
4326,1740,10649977.5,2018-11-15,6152.5,Resale,2018,11,4
4327,1741,13128584.7,2018-08-20,7233.38,Resale,2018,8,3
4328,1741,13120653.15,2022-11-28,7229.01,Resale,2022,11,4
4329,1741,13624152.3,2022-07-21,7506.42,Resale,2022,7,3
4330,1741,15855985.2,2023-07-14,8736.08,Sale,2023,7,3
4331,1742,11666177.28,2024-04-07,9001.68,Sale,2024,4,2
4332,1742,11640594.24,2018-05-17,8981.94,Sale,2018,5,2
4333,1743,15103058.43,2019-10-02,8248.53,Resale,2019,10,4
4334,1744,18765149.51,2022-11-29,22366.09,Resale,2022,11,4
4335,1744,15769088.9,2018-05-18,18795.1,Resale,2018,5,2
4336,1744,14083428.83,2023-08-25,16785.97,Sale,2023,8,3
4337,1745,116566710.26,2018-02-22,20660.53,Sale,2018,2,1
4338,1745,133664960.52,2022-09-07,23691.06,Sale,2022,9,3
4339,1746,14859986.4,2022-11-29,7989.24,Resale,2022,11,4
4340,1746,16784212.2,2023-12-11,9023.77,Resale,2023,12,4
4341,1746,13873200.6,2019-03-30,7458.71,Sale,2019,3,1
4342,1746,12864243.6,2020-12-26,6916.26,Resale,2020,12,4
4343,1747,15764967.61,2022-03-29,11669.11,Resale,2022,3,1
4344,1747,16153217.99,2021-10-31,11956.49,Resale,2021,10,4
4345,1748,26474039.94,2020-02-15,8267.97,Resale,2020,2,1
4346,1749,68027709.44,2024-06-18,8572.04,Resale,2024,6,2
4347,1749,69446348.8,2023-05-07,8750.8,Resale,2023,5,2
4348,1749,74573798.4,2022-01-28,9396.9,Sale,2022,1,1
4349,1750,9624490.2,2021-07-19,9037.08,Sale,2021,7,3
4350,1750,8338875.45,2023-01-28,7829.93,Resale,2023,1,1
4351,1750,8458634.7,2019-12-29,7942.38,Resale,2019,12,4
4352,1751,26649992.95,2021-05-15,8088.01,Resale,2021,5,2
4353,1751,31732200.95,2023-10-24,9630.41,Sale,2023,10,4
4354,1751,25372191.95,2021-08-16,7700.21,Sale,2021,8,3
4355,1751,25380627.15,2022-09-14,7702.77,Sale,2022,9,3
4356,1752,17758845.6,2023-11-03,9779.1,Resale,2023,11,4
4357,1753,25027703.46,2019-02-26,17489.66,Sale,2019,2,1
4358,1754,13480452.4,2022-11-08,12777.68,Resale,2022,11,4
4359,1754,10887019.75,2020-10-19,10319.45,Sale,2020,10,4
4360,1754,12758568.65,2024-02-04,12093.43,Resale,2024,2,1
4361,1755,26137538.85,2021-08-02,24542.29,Resale,2021,8,3
4362,1756,15943397.07,2021-03-20,9340.01,Resale,2021,3,1
4363,1756,14162244.99,2023-07-19,8296.57,Sale,2023,7,3
4364,1756,16952148.72,2022-02-17,9930.96,Sale,2022,2,1
4365,1756,11867780.94,2022-08-22,6952.42,Sale,2022,8,3
4366,1757,17590534.24,2023-08-27,9601.82,Sale,2023,8,3
4367,1757,13349234.4,2018-10-05,7286.7,Sale,2018,10,4
4368,1758,51895572.06,2022-11-13,9172.07,Resale,2022,11,4
4369,1758,38458501.02,2018-09-05,6797.19,Sale,2018,9,3
4370,1758,46407029.16,2023-06-10,8202.02,Resale,2023,6,2
4371,1759,15581172.03,2018-07-31,6860.93,Sale,2018,7,3
4372,1759,24821008.05,2021-05-10,10929.55,Resale,2021,5,2
4373,1759,19907767.68,2022-03-24,8766.08,Sale,2022,3,1
4374,1759,19080328.83,2020-09-14,8401.73,Sale,2020,9,3
4375,1760,5825657.6,2020-09-27,7635.2,Resale,2020,9,3
4376,1760,7669676.0,2022-01-12,10052.0,Sale,2022,1,1
4377,1761,9780731.04,2021-08-07,11281.12,Resale,2021,8,3
4378,1761,6291229.44,2018-08-08,7256.32,Resale,2018,8,3
4379,1761,8317434.45,2018-11-12,9593.35,Resale,2018,11,4
4380,1762,10875381.44,2023-04-12,8308.16,Sale,2023,4,2
4381,1762,9952510.26,2022-07-07,7603.14,Sale,2022,7,3
4382,1762,11371780.42,2024-01-03,8687.38,Sale,2024,1,1
4383,1763,16741186.59,2019-11-12,11288.73,Resale,2019,11,4
4384,1763,14713881.1,2019-08-19,9921.7,Resale,2019,8,3
4385,1764,15169576.87,2022-03-27,19881.49,Sale,2022,3,1
4386,1765,14494377.9,2019-10-21,20855.22,Resale,2019,10,4
4387,1765,17882287.45,2023-03-11,25729.91,Resale,2023,3,1
4388,1765,15518856.55,2023-05-26,22329.29,Resale,2023,5,2
4389,1765,15623898.85,2020-01-07,22480.43,Sale,2020,1,1
4390,1766,29993415.42,2018-04-11,7285.26,Sale,2018,4,2
4391,1766,40112301.53,2024-03-29,9743.09,Resale,2024,3,1
4392,1766,29024355.96,2021-02-17,7049.88,Resale,2021,2,1
4393,1766,31244983.42,2024-04-13,7589.26,Resale,2024,4,2
4394,1767,13561687.75,2022-08-20,8892.91,Sale,2022,8,3
4395,1767,17197699.5,2024-05-26,11277.18,Sale,2024,5,2
4396,1768,14142445.0,2019-09-27,7092.5,Sale,2019,9,3
4397,1769,59712767.38,2019-01-05,9212.09,Sale,2019,1,1
4398,1769,64968437.8,2020-07-02,10022.9,Sale,2020,7,3
4399,1769,91610883.84,2023-09-22,14133.12,Sale,2023,9,3
4400,1770,26291772.88,2020-01-30,7520.53,Resale,2020,1,1
4401,1770,27248208.56,2020-09-12,7794.11,Resale,2020,9,3
4402,1770,20282463.52,2019-01-24,5801.62,Resale,2019,1,1
4403,1770,36597421.52,2021-01-29,10468.37,Resale,2021,1,1
4404,1771,10921898.44,2021-02-13,6458.84,Sale,2021,2,1
4405,1771,13680477.47,2024-01-18,8090.17,Sale,2024,1,1
4406,1771,14052784.94,2021-07-27,8310.34,Sale,2021,7,3
4407,1772,10491945.69,2020-12-06,10377.79,Sale,2020,12,4
4408,1773,43926064.0,2020-08-09,24135.2,Resale,2020,8,3
4409,1774,14729000.85,2020-07-09,10950.93,Sale,2020,7,3
4410,1774,13425359.6,2020-04-11,9981.68,Sale,2020,4,2
4411,1774,17708122.05,2023-08-31,13165.89,Sale,2023,8,3
4412,1774,17101970.9,2022-11-01,12715.22,Resale,2022,11,4
4413,1775,36748335.81,2021-08-29,19557.39,Resale,2021,8,3
4414,1775,37730583.06,2018-02-07,20080.14,Resale,2018,2,1
4415,1776,17512903.8,2024-02-18,11913.54,Resale,2024,2,1
4416,1776,16201487.4,2022-01-15,11021.42,Resale,2022,1,1
4417,1776,14264336.1,2019-02-15,9703.63,Resale,2019,2,1
4418,1776,16413108.6,2023-08-26,11165.38,Resale,2023,8,3
4419,1777,32633807.96,2019-01-14,6530.68,Sale,2019,1,1
4420,1777,38497737.49,2019-08-29,7704.17,Resale,2019,8,3
4421,1778,17339366.55,2023-11-19,9553.37,Resale,2023,11,4
4422,1779,4250320.33,2024-01-21,7713.83,Resale,2024,1,1
4423,1779,5265223.76,2024-01-06,9555.76,Resale,2024,1,1
4424,1780,3266908.26,2021-04-11,8187.74,Sale,2021,4,2
4425,1780,3687873.21,2021-05-05,9242.79,Resale,2021,5,2
4426,1780,3612075.18,2022-05-03,9052.82,Sale,2022,5,2
4427,1780,3049792.41,2023-11-16,7643.59,Sale,2023,11,4
4428,1781,12187203.84,2018-03-25,7052.78,Sale,2018,3,1
4429,1781,15961155.84,2022-01-20,9236.78,Resale,2022,1,1
4430,1782,41127085.72,2023-11-03,9355.57,Resale,2023,11,4
4431,1782,36013131.0,2022-06-07,8192.25,Resale,2022,6,2
4432,1783,118357573.24,2022-05-29,21586.28,Sale,2022,5,2
4433,1783,92060776.26,2018-11-16,16790.22,Resale,2018,11,4
4434,1784,4252646.25,2020-09-26,6593.25,Sale,2020,9,3
4435,1784,5062585.65,2024-03-19,7848.97,Resale,2024,3,1
4436,1785,7706562.05,2018-06-21,18842.45,Sale,2018,6,2
4437,1785,8569752.46,2023-04-06,20952.94,Sale,2023,4,2
4438,1785,9759427.12,2022-06-03,23861.68,Sale,2022,6,2
4439,1785,8887181.45,2023-10-07,21729.05,Sale,2023,10,4
4440,1786,12720439.27,2020-04-29,16983.23,Resale,2020,4,2
4441,1786,15129972.27,2021-06-30,20200.23,Sale,2021,6,2
4442,1787,18879745.48,2023-08-09,11387.06,Resale,2023,8,3
4443,1787,15603056.66,2024-05-27,9410.77,Sale,2024,5,2
4444,1787,13255842.64,2019-01-05,7995.08,Resale,2019,1,1
4445,1788,15570263.66,2020-11-06,10284.19,Sale,2020,11,4
4446,1788,11328338.46,2018-05-22,7482.39,Sale,2018,5,2
4447,1789,155747460.96,2018-09-08,21129.76,Sale,2018,9,3
4448,1790,16296320.6,2022-08-15,10828.12,Sale,2022,8,3
4449,1790,14154464.8,2022-03-18,9404.96,Resale,2022,3,1
4450,1790,14237902.0,2020-01-03,9460.4,Sale,2020,1,1
4451,1790,17172697.15,2023-11-17,11410.43,Resale,2023,11,4
4452,1791,82229759.04,2021-07-27,23150.27,Resale,2021,7,3
4453,1791,58712961.6,2018-10-24,16529.55,Resale,2018,10,4
4454,1791,84040142.4,2018-01-11,23659.95,Resale,2018,1,1
4455,1792,5146165.12,2022-03-30,7703.84,Sale,2022,3,1
4456,1792,5320566.56,2019-10-29,7964.92,Resale,2019,10,4
4458,1792,4606588.12,2018-01-08,6896.09,Resale,2018,1,1
4459,1793,8697091.2,2018-11-23,7308.48,Sale,2018,11,4
4460,1793,8941469.6,2022-04-17,7513.84,Resale,2022,4,2
4461,1793,9828448.0,2018-06-29,8259.2,Sale,2018,6,2
4462,1793,9816024.4,2020-01-19,8248.76,Resale,2020,1,1
4463,1794,112775808.0,2021-04-28,20430.4,Resale,2021,4,2
4464,1795,10806974.64,2019-03-02,7797.24,Resale,2019,3,1
4465,1796,5499658.52,2021-10-06,7123.91,Sale,2021,10,4
4466,1796,7502990.8,2023-09-25,9718.9,Sale,2023,9,3
4467,1796,6980424.0,2022-04-05,9042.0,Sale,2022,4,2
4468,1797,16133365.9,2021-02-10,22191.7,Sale,2021,2,1
4469,1797,14046548.75,2018-04-08,19321.25,Resale,2018,4,2
4470,1797,13350249.96,2022-05-12,18363.48,Resale,2022,5,2
4471,1798,193511925.65,2021-08-01,24978.95,Resale,2021,8,3
4472,1798,154317373.61,2020-06-23,19919.63,Sale,2020,6,2
4473,1798,156598632.7,2018-11-08,20214.1,Resale,2018,11,4
4474,1799,5052062.45,2018-08-18,9809.83,Sale,2018,8,3
4475,1799,6131991.7,2021-01-26,11906.78,Sale,2021,1,1
4476,1799,4538504.45,2020-05-16,8812.63,Sale,2020,5,2
4477,1800,29374466.94,2020-12-25,17933.13,Resale,2020,12,4
4478,1800,37438570.26,2018-02-27,22856.27,Resale,2018,2,1
4479,1800,24108444.36,2018-11-09,14718.22,Sale,2018,11,4
4480,1801,11267410.66,2023-03-16,7901.41,Sale,2023,3,1
4481,1802,175379423.13,2018-04-09,18093.41,Sale,2018,4,2
4482,1802,196465575.33,2020-09-25,20268.81,Sale,2020,9,3
4483,1802,192537874.8,2021-11-18,19863.6,Sale,2021,11,4
4484,1803,25829116.08,2022-11-12,8655.87,Resale,2022,11,4
4485,1803,22785346.56,2019-01-22,7635.84,Resale,2019,1,1
4486,1803,26321058.32,2024-01-25,8820.73,Resale,2024,1,1
4487,1803,21023622.8,2020-08-16,7045.45,Sale,2020,8,3
4488,1804,47325172.74,2019-05-15,9514.51,Resale,2019,5,2
4489,1804,42094215.9,2018-11-27,8462.85,Resale,2018,11,4
4490,1805,13936250.9,2024-06-12,9745.63,Resale,2024,6,2
4491,1805,16535090.0,2022-01-01,11563.0,Resale,2022,1,1
4492,1805,14052753.0,2018-09-28,9827.1,Sale,2018,9,3
4493,1805,17179891.3,2024-04-24,12013.91,Sale,2024,4,2
4494,1806,37390244.75,2024-06-29,8913.05,Sale,2024,6,2
4495,1806,37274672.5,2019-10-04,8885.5,Sale,2019,10,4
4496,1806,46881474.2,2020-01-07,11175.56,Sale,2020,1,1
4497,1807,43469591.48,2020-01-12,8340.29,Sale,2020,1,1
4498,1807,66072628.24,2023-09-16,12677.02,Resale,2023,9,3
4499,1807,47064829.08,2019-07-23,9030.09,Sale,2019,7,3
4500,1808,25894724.8,2022-05-27,8041.84,Sale,2022,5,2
4501,1808,20359738.0,2019-05-08,6322.9,Sale,2019,5,2
4502,1808,22416545.2,2022-09-05,6961.66,Resale,2022,9,3
4503,1808,26004172.6,2019-11-12,8075.83,Resale,2019,11,4
4504,1809,11566432.32,2021-09-03,11659.71,Sale,2021,9,3
4505,1810,9392563.6,2020-07-22,8446.55,Sale,2020,7,3
4506,1810,10186542.72,2021-02-14,9160.56,Sale,2021,2,1
4507,1810,9244000.4,2020-08-06,8312.95,Resale,2020,8,3
4508,1810,9705802.88,2020-09-04,8728.24,Sale,2020,9,3
4509,1811,27244246.91,2019-11-23,8779.97,Resale,2019,11,4
4510,1811,32543953.7,2018-07-07,10487.9,Sale,2018,7,3
4511,1812,23579570.61,2020-10-23,23276.97,Resale,2020,10,4
4512,1812,20210514.95,2019-09-15,19951.15,Sale,2019,9,3
4513,1812,23941231.87,2024-04-17,23633.99,Sale,2024,4,2
4514,1812,20223866.29,2023-09-03,19964.33,Resale,2023,9,3
4515,1813,22192680.0,2018-07-13,18493.9,Sale,2018,7,3
4517,1813,21937512.0,2021-12-24,18281.26,Resale,2021,12,4
4518,1814,21763254.96,2020-12-25,8169.39,Sale,2020,12,4
4519,1814,22217493.6,2024-04-21,8339.9,Resale,2024,4,2
4520,1815,19036883.4,2020-02-22,6942.7,Sale,2020,2,1
4521,1816,17476358.74,2023-11-12,10049.66,Resale,2023,11,4
4522,1817,12583897.5,2019-01-29,8678.55,Resale,2019,1,1
4523,1817,19125485.5,2024-03-29,13189.99,Resale,2024,3,1
4524,1817,15968502.0,2020-10-03,11012.76,Sale,2020,10,4
4525,1818,29500367.54,2023-10-12,24062.29,Resale,2023,10,4
4526,1819,5909201.92,2021-09-24,9981.76,Sale,2021,9,3
4527,1820,5115907.44,2023-09-25,10150.61,Resale,2023,9,3
4528,1820,4843792.8,2019-03-10,9610.7,Resale,2019,3,1
4529,1820,4337348.4,2018-04-24,8605.85,Resale,2018,4,2
4530,1821,54663000.0,2024-03-31,9761.25,Sale,2024,3,1
4531,1822,22509208.98,2023-03-27,11248.98,Resale,2023,3,1
4532,1822,18412241.52,2019-11-29,9201.52,Sale,2019,11,4
4533,1823,103951821.12,2018-08-01,18343.36,Resale,2018,8,3
4534,1824,38172114.0,2021-03-29,7994.16,Resale,2021,3,1
4535,1824,46274811.5,2023-04-12,9691.06,Sale,2023,4,2
4536,1824,40504033.0,2024-05-15,8482.52,Sale,2024,5,2
4537,1825,45550307.25,2023-04-16,24931.75,Sale,2023,4,2
4538,1826,17507600.28,2020-10-26,8855.64,Sale,2020,10,4
4539,1826,13732676.94,2018-05-02,6946.22,Sale,2018,5,2
4540,1826,16403346.93,2020-11-15,8297.09,Resale,2020,11,4
4541,1826,14747886.21,2022-06-04,7459.73,Resale,2022,6,2
4542,1827,58347707.72,2021-09-11,19403.96,Resale,2021,9,3
4543,1827,59461741.08,2020-05-02,19774.44,Resale,2020,5,2
4544,1827,63462945.49,2021-04-18,21105.07,Resale,2021,4,2
4545,1827,75740616.7,2022-03-30,25188.1,Resale,2022,3,1
4546,1828,8143514.25,2018-01-21,6387.07,Resale,2018,1,1
4547,1828,9359889.75,2019-07-08,7341.09,Sale,2019,7,3
4548,1828,12494413.5,2022-06-01,9799.54,Resale,2022,6,2
4549,1828,9155851.5,2018-08-26,7181.06,Resale,2018,8,3
4550,1829,27241071.99,2020-12-14,20133.83,Sale,2020,12,4
4551,1829,26554059.18,2019-08-30,19626.06,Sale,2019,8,3
4552,1829,28639898.1,2024-04-05,21167.7,Sale,2024,4,2
4553,1829,28575508.83,2024-02-04,21120.11,Sale,2024,2,1
4554,1830,5889558.38,2022-11-23,18066.13,Sale,2022,11,4
4555,1830,7817597.36,2023-08-15,23980.36,Sale,2023,8,3
4556,1831,12208937.16,2019-06-28,7649.71,Resale,2019,6,2
4557,1831,11327067.36,2018-01-20,7097.16,Resale,2018,1,1
4558,1831,13213395.72,2020-06-03,8279.07,Sale,2020,6,2
4559,1832,15709122.59,2019-04-25,22409.59,Resale,2019,4,2
4560,1832,12837020.44,2018-03-16,18312.44,Sale,2018,3,1
4561,1832,15525011.95,2022-06-10,22146.95,Resale,2022,6,2
4562,1833,85312049.6,2022-12-12,9487.55,Resale,2022,12,4
4563,1833,56743116.8,2019-06-27,6310.4,Resale,2019,6,2
4564,1833,62225719.04,2022-09-12,6920.12,Resale,2022,9,3
4565,1833,76256835.84,2024-04-08,8480.52,Sale,2024,4,2
4566,1834,40699452.51,2019-02-09,9018.27,Resale,2019,2,1
4567,1834,45754869.98,2020-03-15,10138.46,Resale,2020,3,1
4568,1835,8552347.98,2023-11-14,21013.14,Sale,2023,11,4
4569,1835,9946351.47,2023-02-27,24438.21,Resale,2023,2,1
4570,1835,7235222.72,2019-09-05,17776.96,Resale,2019,9,3
4572,1836,13173389.96,2021-10-17,18195.29,Sale,2021,10,4
4573,1836,16658052.64,2023-06-20,23008.36,Resale,2023,6,2
4574,1837,43997414.95,2019-10-04,9156.59,Sale,2019,10,4
4575,1837,49776340.4,2020-06-20,10359.28,Sale,2020,6,2
4576,1837,53820516.7,2020-05-06,11200.94,Resale,2020,5,2
4577,1838,51907495.55,2022-02-10,8957.29,Sale,2022,2,1
4578,1838,49524417.7,2022-06-15,8546.06,Sale,2022,6,2
4579,1839,6986329.6,2020-02-10,21832.28,Sale,2020,2,1
4581,1839,6659600.0,2020-08-27,20811.25,Resale,2020,8,3
4582,1840,14246768.44,2019-01-16,9983.72,Sale,2019,1,1
4583,1841,18899212.12,2023-06-26,12607.88,Resale,2023,6,2
4584,1841,14078503.07,2023-02-08,9391.93,Resale,2023,2,1
4585,1841,15249222.07,2021-01-20,10172.93,Resale,2021,1,1
4586,1842,9904866.3,2023-01-16,12228.23,Resale,2023,1,1
4587,1842,7034898.6,2018-06-01,8685.06,Resale,2018,6,2
4588,1843,16248058.75,2024-06-16,11816.77,Resale,2024,6,2
4589,1844,22129711.6,2023-12-28,12226.36,Sale,2023,12,4
4590,1844,20139435.6,2021-06-23,11126.76,Resale,2021,6,2
4591,1844,21331736.9,2022-05-14,11785.49,Resale,2022,5,2
4592,1844,20048247.8,2024-06-13,11076.38,Resale,2024,6,2
4593,1845,11560464.55,2020-08-12,16730.05,Resale,2020,8,3
4594,1845,14456908.52,2019-01-21,20921.72,Sale,2019,1,1
4595,1845,12689489.45,2020-04-01,18363.95,Resale,2020,4,2
4596,1845,11226753.01,2018-03-28,16247.11,Resale,2018,3,1
4597,1846,14256934.64,2020-04-22,8989.24,Resale,2020,4,2
4598,1846,22093979.18,2024-01-27,13930.63,Sale,2024,1,1
4599,1846,14637178.14,2018-07-29,9228.99,Sale,2018,7,3
4600,1846,17535624.86,2021-04-16,11056.51,Sale,2021,4,2
4601,1847,22882542.35,2021-07-09,22997.53,Resale,2021,7,3
4602,1847,21026349.95,2021-02-12,21132.01,Sale,2021,2,1
4603,1847,20086472.95,2018-05-10,20187.41,Resale,2018,5,2
4604,1847,16258101.0,2019-10-24,16339.8,Sale,2019,10,4
4605,1848,15029671.37,2023-02-03,10175.81,Sale,2023,2,1
4606,1848,14226877.56,2022-10-05,9632.28,Sale,2022,10,4
4607,1848,17317381.9,2022-05-05,11724.7,Resale,2022,5,2
4608,1848,18331061.77,2023-09-05,12411.01,Resale,2023,9,3
4609,1849,9771954.45,2020-08-06,6867.15,Resale,2020,8,3
4610,1849,10070485.62,2020-10-09,7076.94,Resale,2020,10,4
4611,1850,53573497.06,2019-05-02,10991.69,Sale,2019,5,2
4612,1851,12199898.64,2024-01-13,8726.68,Resale,2024,1,1
4613,1851,12564832.56,2022-12-06,8987.72,Resale,2022,12,4
4614,1851,11674977.6,2023-01-15,8351.2,Sale,2023,1,1
4615,1852,43185443.29,2022-04-27,9821.57,Resale,2022,4,2
4616,1852,43030097.28,2023-05-09,9786.24,Sale,2023,5,2
4617,1853,12809663.79,2024-03-16,7921.87,Sale,2024,3,1
4618,1854,10960335.98,2019-11-12,9241.43,Resale,2019,11,4
4619,1855,5112204.3,2019-11-06,5568.85,Resale,2019,11,4
4620,1855,9683688.24,2024-06-23,10548.68,Sale,2024,6,2
4621,1855,9925856.64,2022-07-15,10812.48,Sale,2022,7,3
4622,1856,87921086.06,2019-02-14,14087.66,Resale,2019,2,1
4623,1856,126615847.75,2024-04-13,20287.75,Resale,2024,4,2
4624,1856,142096024.15,2022-02-15,22768.15,Sale,2022,2,1
4625,1857,4028654.45,2020-07-18,7822.63,Sale,2020,7,3
4626,1857,4044176.55,2021-02-13,7852.77,Sale,2021,2,1
4627,1857,3709297.8,2023-02-10,7202.52,Resale,2023,2,1
4628,1857,4194314.5,2020-04-12,8144.3,Sale,2020,4,2
4629,1858,6662044.8,2022-02-18,8918.4,Resale,2022,2,1
4630,1858,8468619.48,2023-07-17,11336.84,Sale,2023,7,3
4631,1858,7302365.73,2023-07-13,9775.59,Sale,2023,7,3
4632,1859,6798746.93,2020-11-12,8509.07,Resale,2020,11,4
4633,1859,9765801.47,2024-02-21,12222.53,Sale,2024,2,1
4634,1859,9088257.46,2021-01-14,11374.54,Resale,2021,1,1
4635,1859,6597087.32,2018-01-10,8256.68,Sale,2018,1,1
4636,1860,201945014.46,2021-01-18,23228.09,Sale,2021,1,1
4637,1861,11572170.44,2022-02-22,8740.31,Resale,2022,2,1
4638,1861,9883845.36,2018-07-04,7465.14,Sale,2018,7,3
4639,1861,10566632.16,2020-09-03,7980.84,Sale,2020,9,3
4640,1861,8900470.84,2018-07-28,6722.41,Resale,2018,7,3
4641,1862,6740245.33,2018-06-15,8311.03,Resale,2018,6,2
4642,1862,8016345.72,2023-06-15,9884.52,Sale,2023,6,2
4643,1862,9288634.41,2022-08-11,11453.31,Sale,2022,8,3
4644,1863,5963187.2,2024-04-20,23293.7,Resale,2024,4,2
4645,1863,5236997.12,2021-06-05,20457.02,Sale,2021,6,2
4646,1864,7651299.48,2020-04-24,11436.92,Resale,2020,4,2
4647,1864,7851283.65,2020-11-25,11735.85,Resale,2020,11,4
4648,1864,6974652.81,2024-06-16,10425.49,Sale,2024,6,2
4649,1864,7277509.11,2022-03-16,10878.19,Sale,2022,3,1
4650,1865,23201955.86,2020-03-09,19111.99,Resale,2020,3,1
4651,1865,28120428.3,2022-07-29,23163.45,Resale,2022,7,3
4652,1865,18772943.94,2021-02-03,15463.71,Resale,2021,2,1
4653,1865,22346450.06,2022-02-09,18407.29,Resale,2022,2,1
4654,1866,28445396.31,2023-06-07,23070.07,Sale,2023,6,2
4655,1866,24287646.33,2018-09-03,19698.01,Resale,2018,9,3
4656,1867,22156820.75,2019-08-09,6952.25,Resale,2019,8,3
4657,1867,22384786.86,2018-08-14,7023.78,Resale,2018,8,3
4658,1868,10803272.04,2023-02-26,23954.04,Sale,2023,2,1
4660,1868,10713351.66,2020-03-09,23754.66,Resale,2020,3,1
4661,1868,7377187.4,2018-01-09,16357.4,Sale,2018,1,1
4662,1869,15778956.6,2021-03-31,8483.31,Sale,2021,3,1
4663,1869,12827173.8,2018-03-24,6896.33,Resale,2018,3,1
4664,1869,15723770.4,2018-09-08,8453.64,Sale,2018,9,3
4665,1869,12900346.2,2021-12-05,6935.67,Resale,2021,12,4
4666,1870,13435130.02,2018-07-11,8873.93,Resale,2018,7,3
4667,1871,13263730.04,2020-04-03,6868.84,Sale,2020,4,2
4668,1872,5145374.88,2022-06-14,9857.04,Resale,2022,6,2
4669,1872,6389974.26,2023-03-20,12241.33,Resale,2023,3,1
4670,1872,5102711.82,2019-08-28,9775.31,Resale,2019,8,3
4671,1872,5003249.94,2018-01-03,9584.77,Resale,2018,1,1
4672,1873,117201313.46,2019-09-30,20270.03,Resale,2019,9,3
4673,1874,14350331.52,2019-02-25,9270.24,Resale,2019,2,1
4674,1874,16772874.12,2022-10-28,10835.19,Sale,2022,10,4
4675,1874,14524589.88,2021-08-27,9382.81,Sale,2021,8,3
4676,1874,15822123.48,2022-08-09,10221.01,Resale,2022,8,3
4677,1875,9589286.17,2023-02-22,9037.97,Sale,2023,2,1
4678,1875,10339540.49,2024-05-21,9745.09,Sale,2024,5,2
4679,1876,44185731.03,2020-05-12,8508.71,Sale,2020,5,2
4680,1876,50709021.84,2023-06-19,9764.88,Resale,2023,6,2
4681,1876,56086113.69,2023-03-07,10800.33,Resale,2023,3,1
4682,1877,7853465.38,2019-11-19,16852.93,Resale,2019,11,4
4683,1877,8153890.92,2018-05-22,17497.62,Sale,2018,5,2
4684,1878,14636309.34,2021-07-01,9491.77,Sale,2021,7,3
4685,1878,16005142.74,2018-10-22,10379.47,Resale,2018,10,4
4686,1878,14606147.82,2020-08-08,9472.21,Sale,2020,8,3
4687,1879,72909453.6,2023-09-22,9621.2,Resale,2023,9,3
4688,1879,71726755.14,2022-09-21,9465.13,Resale,2022,9,3
4689,1879,67211024.94,2023-05-31,8869.23,Sale,2023,5,2
4690,1880,38515918.31,2022-09-11,23104.93,Sale,2022,9,3
4691,1880,35571279.5,2021-03-04,21338.5,Resale,2021,3,1
4692,1880,37523453.19,2023-03-30,22509.57,Sale,2023,3,1
4693,1881,10993131.94,2020-04-16,9550.94,Resale,2020,4,2
4694,1882,35957262.4,2022-05-20,21925.16,Sale,2022,5,2
4695,1883,15613097.2,2021-12-08,9349.16,Sale,2021,12,4
4696,1883,10637632.8,2020-01-27,6369.84,Resale,2020,1,1
4697,1883,11121532.0,2018-09-22,6659.6,Sale,2018,9,3
4698,1884,4474927.5,2018-05-01,7597.5,Resale,2018,5,2
4699,1884,4460178.94,2020-07-16,7572.46,Sale,2020,7,3
4700,1884,4588592.72,2019-07-08,7790.48,Sale,2019,7,3
4701,1885,31403056.15,2022-11-05,7112.81,Resale,2022,11,4
4702,1886,19531095.0,2022-11-19,12934.5,Resale,2022,11,4
4703,1886,18212925.4,2021-08-15,12061.54,Resale,2021,8,3
4704,1886,13429487.0,2018-01-18,8893.7,Resale,2018,1,1
4705,1886,13613782.5,2020-08-17,9015.75,Sale,2020,8,3
4706,1887,44893809.87,2019-10-05,10447.71,Sale,2019,10,4
4707,1887,41347624.68,2022-08-15,9622.44,Resale,2022,8,3
4708,1887,38092088.57,2020-06-25,8864.81,Resale,2020,6,2
4709,1888,31042513.25,2019-11-14,9478.63,Resale,2019,11,4
4710,1888,34844297.0,2018-10-28,10639.48,Resale,2018,10,4
4711,1889,47728955.43,2022-02-06,8679.57,Sale,2022,2,1
4712,1890,21971738.32,2023-10-29,21583.24,Sale,2023,10,4
4713,1890,17257818.06,2021-09-25,16952.67,Resale,2021,9,3
4714,1891,20573351.24,2020-02-05,7316.27,Sale,2020,2,1
4715,1891,21088987.68,2020-07-04,7499.64,Resale,2020,7,3
4716,1892,30906360.33,2024-04-04,8762.79,Resale,2024,4,2
4717,1892,32916080.2,2021-04-29,9332.6,Resale,2021,4,2
4718,1892,26623806.39,2021-09-22,7548.57,Resale,2021,9,3
4720,1893,17666893.86,2021-07-15,10101.14,Sale,2021,7,3
4721,1894,10531165.47,2022-12-10,8499.73,Sale,2022,12,4
4722,1895,15086846.39,2022-02-05,9082.99,Resale,2022,2,1
4723,1895,11380490.99,2018-02-04,6851.59,Resale,2018,2,1
4724,1895,11818496.69,2019-10-03,7115.29,Resale,2019,10,4
4725,1896,46952003.07,2024-04-21,7235.63,Resale,2024,4,2
4726,1897,13077059.19,2020-12-29,7920.69,Resale,2020,12,4
4727,1897,11752626.99,2019-01-15,7118.49,Sale,2019,1,1
4728,1897,13330982.99,2020-02-22,8074.49,Resale,2020,2,1
4729,1897,16644143.75,2024-02-16,10081.25,Resale,2024,2,1
4730,1898,22036128.3,2021-07-26,9490.15,Resale,2021,7,3
4731,1898,15253589.52,2019-09-09,6569.16,Resale,2019,9,3
4732,1899,12945080.85,2021-07-08,8970.95,Resale,2021,7,3
4733,1899,12092513.16,2018-04-13,8380.12,Sale,2018,4,2
4734,1900,8051154.07,2020-02-06,6637.39,Resale,2020,2,1
4735,1900,8382181.77,2021-11-17,6910.29,Sale,2021,11,4
4736,1900,11471959.63,2022-02-08,9457.51,Sale,2022,2,1
4737,1900,10432394.37,2023-05-31,8600.49,Resale,2023,5,2
4738,1901,9868763.4,2018-11-06,8656.81,Sale,2018,11,4
4739,1901,10370181.0,2023-04-29,9096.65,Resale,2023,4,2
4740,1901,8092221.6,2021-10-02,7098.44,Sale,2021,10,4
4741,1902,11104477.2,2019-12-09,8614.8,Resale,2019,12,4
4742,1903,4312607.58,2020-12-30,11319.18,Resale,2020,12,4
4743,1903,3495682.62,2021-10-01,9175.02,Sale,2021,10,4
4744,1904,12383393.92,2023-07-11,12483.26,Resale,2023,7,3
4745,1905,13395032.1,2019-04-04,7102.35,Sale,2019,4,2
4746,1905,13840146.96,2021-01-06,7338.36,Resale,2021,1,1
4747,1906,24029068.18,2022-06-13,13016.83,Resale,2022,6,2
4748,1907,3144995.6,2018-11-12,8364.35,Resale,2018,11,4
4749,1907,3230817.6,2019-09-02,8592.6,Resale,2019,9,3
4750,1907,3955316.96,2021-10-05,10519.46,Sale,2021,10,4
4751,1907,3368271.92,2019-09-12,8958.17,Sale,2019,9,3
4752,1908,10757464.24,2020-12-07,9923.86,Resale,2020,12,4
4753,1908,8553518.8,2018-06-10,7890.7,Sale,2018,6,2
4754,1909,158236111.3,2019-03-16,17727.55,Resale,2019,3,1
4755,1910,12201347.22,2019-11-19,6496.99,Resale,2019,11,4
4756,1911,4078941.93,2024-04-06,6697.77,Resale,2024,4,2
4757,1912,17306571.62,2024-03-25,12441.82,Resale,2024,3,1
4758,1913,54716610.24,2023-01-07,7692.48,Resale,2023,1,1
4759,1913,63542989.68,2024-03-18,8933.36,Sale,2024,3,1
4760,1914,13352921.82,2022-07-04,8526.77,Sale,2022,7,3
4761,1914,18263365.38,2023-06-20,11662.43,Sale,2023,6,2
4762,1915,28429898.56,2018-02-28,21669.13,Sale,2018,2,1
4763,1916,5499396.67,2023-10-11,11776.01,Sale,2023,10,4
4764,1916,4498494.25,2021-09-12,9632.75,Sale,2021,9,3
4765,1916,5702041.98,2024-02-17,12209.94,Sale,2024,2,1
4766,1917,22648026.96,2018-03-07,17861.22,Sale,2018,3,1
4767,1917,32286424.64,2020-06-06,25462.48,Resale,2020,6,2
4768,1917,21912384.08,2018-04-14,17281.06,Resale,2018,4,2
4769,1918,4016245.05,2024-03-14,7563.55,Sale,2024,3,1
4770,1919,48387460.61,2021-10-20,8281.27,Resale,2021,10,4
4771,1920,9608363.28,2021-10-29,7849.97,Resale,2021,10,4
4772,1920,8492834.16,2018-06-05,6938.59,Sale,2018,6,2
4773,1921,52211313.33,2020-08-24,10994.17,Sale,2020,8,3
4775,1923,5319309.6,2022-09-09,8059.56,Sale,2022,9,3
4776,1923,4493742.0,2019-07-16,6808.7,Sale,2019,7,3
4777,1923,3807592.8,2019-10-21,5769.08,Resale,2019,10,4
4778,1924,32355395.52,2023-01-10,25257.92,Resale,2023,1,1
4779,1924,23075178.21,2020-11-23,18013.41,Sale,2020,11,4
4780,1924,33183113.67,2023-09-03,25904.07,Sale,2023,9,3
4781,1924,22999522.35,2019-09-03,17954.35,Resale,2019,9,3
4783,1925,26260196.06,2018-07-31,14903.63,Resale,2018,7,3
4784,1926,13077798.4,2023-09-17,10217.03,Resale,2023,9,3
4785,1926,11719539.2,2021-08-07,9155.89,Sale,2021,8,3
4786,1926,10097740.8,2019-12-07,7888.86,Resale,2019,12,4
4787,1927,7186098.27,2024-06-28,21197.93,Sale,2024,6,2
4788,1928,3852946.02,2020-09-29,8339.71,Sale,2020,9,3
4789,1929,38125334.4,2020-11-29,7959.36,Resale,2020,11,4
4790,1930,5956901.28,2022-09-06,17417.84,Resale,2022,9,3
4792,1930,7316854.02,2022-09-15,21394.31,Resale,2022,9,3
4793,1931,11156907.09,2023-07-05,10717.49,Sale,2023,7,3
4794,1931,8095169.94,2020-05-14,7776.34,Sale,2020,5,2
4795,1931,9612260.88,2021-03-15,9233.68,Resale,2021,3,1
4796,1932,4007749.64,2021-05-26,7408.04,Sale,2021,5,2
4797,1933,13217181.6,2021-04-05,7867.37,Sale,2021,4,2
4798,1933,13774689.6,2022-06-18,8199.22,Resale,2022,6,2
4799,1933,12385228.8,2021-12-11,7372.16,Sale,2021,12,4
4800,1933,12715264.8,2023-12-05,7568.61,Resale,2023,12,4
4801,1934,6631460.38,2024-04-27,5586.74,Resale,2024,4,2
4802,1934,7764333.18,2020-02-18,6541.14,Sale,2020,2,1
4803,1935,14555216.88,2020-07-15,10927.34,Sale,2020,7,3
4804,1935,12975145.2,2023-04-17,9741.1,Sale,2023,4,2
4805,1936,13234033.98,2024-03-13,7579.63,Resale,2024,3,1
4806,1936,11649661.2,2022-04-29,6672.2,Resale,2022,4,2
4807,1936,12331491.66,2019-01-21,7062.71,Sale,2019,1,1
4808,1937,26454516.38,2019-02-09,8517.23,Sale,2019,2,1
4809,1937,43584758.64,2024-05-17,14032.44,Resale,2024,5,2
4810,1937,37718642.8,2022-01-27,12143.8,Resale,2022,1,1
4811,1937,32060349.42,2020-10-26,10322.07,Resale,2020,10,4
4812,1938,21238255.94,2019-05-01,7141.31,Sale,2019,5,2
4813,1938,20722177.72,2021-08-15,6967.78,Sale,2021,8,3
4814,1938,23884015.56,2024-06-19,8030.94,Sale,2024,6,2
4815,1938,24756854.82,2021-07-03,8324.43,Sale,2021,7,3
4816,1939,48913679.5,2022-02-20,12383.21,Resale,2022,2,1
4817,1939,45484092.0,2021-02-17,11514.96,Sale,2021,2,1
4818,1940,8414397.6,2023-10-11,8586.12,Resale,2023,10,4
4819,1940,8891491.0,2024-05-01,9072.95,Sale,2024,5,2
4820,1940,6458552.8,2019-12-06,6590.36,Sale,2019,12,4
4821,1940,9290605.8,2022-11-11,9480.21,Resale,2022,11,4
4822,1941,3145914.3,2022-04-10,6636.95,Sale,2022,4,2
4824,1941,3124484.76,2022-08-26,6591.74,Sale,2022,8,3
4825,1942,45793088.32,2022-11-20,5987.59,Sale,2022,11,4
4826,1942,61276387.84,2019-07-23,8012.08,Sale,2019,7,3
4827,1942,67463008.0,2022-08-25,8821.0,Sale,2022,8,3
4828,1942,42561808.32,2018-12-06,5565.09,Sale,2018,12,4
4829,1943,3119870.0,2021-10-26,7572.5,Sale,2021,10,4
4830,1943,3526930.12,2020-11-07,8560.51,Sale,2020,11,4
4831,1943,3690366.4,2023-12-21,8957.2,Sale,2023,12,4
4832,1943,3961820.84,2021-11-11,9616.07,Resale,2021,11,4
4833,1944,5474055.18,2024-04-16,9389.46,Sale,2024,4,2
4834,1944,3985766.95,2019-10-22,6836.65,Sale,2019,10,4
4835,1944,4617027.69,2023-10-07,7919.43,Sale,2023,10,4
4836,1944,4092578.38,2018-12-27,7019.86,Resale,2018,12,4
4837,1945,23485688.7,2018-11-27,20021.9,Sale,2018,11,4
4838,1945,26492791.5,2022-09-19,22585.5,Sale,2022,9,3
4839,1945,27480774.21,2024-04-29,23427.77,Resale,2024,4,2
4840,1945,30129044.58,2022-01-26,25685.46,Sale,2022,1,1
4841,1946,17704847.02,2022-05-03,9230.89,Resale,2022,5,2
4842,1946,14832431.04,2020-12-31,7733.28,Resale,2020,12,4
4843,1947,5725359.7,2022-02-03,10133.38,Sale,2022,2,1
4844,1947,5817093.1,2021-02-10,10295.74,Sale,2021,2,1
4845,1948,15144541.28,2020-10-07,8284.76,Sale,2020,10,4
4846,1948,11597764.28,2018-05-06,6344.51,Sale,2018,5,2
4847,1948,12209906.64,2020-02-02,6679.38,Sale,2020,2,1
4848,1949,48097305.2,2023-12-06,7963.13,Resale,2023,12,4
4849,1950,28242423.72,2023-04-04,9046.26,Sale,2023,4,2
4850,1950,31532200.0,2022-10-05,10100.0,Resale,2022,10,4
4851,1950,24455375.28,2023-06-16,7833.24,Resale,2023,6,2
4852,1950,29183238.42,2023-04-12,9347.61,Resale,2023,4,2
4853,1951,31373011.35,2018-07-31,17400.45,Sale,2018,7,3
4854,1951,31566292.95,2018-11-22,17507.65,Sale,2018,11,4
4855,1952,27433475.56,2018-01-07,8293.07,Sale,2018,1,1
4856,1952,30396153.44,2023-09-18,9188.68,Resale,2023,9,3
4857,1952,23091593.24,2020-10-08,6980.53,Resale,2020,10,4
4858,1953,21341162.88,2022-06-03,12350.21,Sale,2022,6,2
4859,1953,17073434.88,2018-12-14,9880.46,Resale,2018,12,4
4860,1954,24636677.44,2023-05-03,8006.72,Resale,2023,5,2
4861,1954,20670332.13,2020-06-27,6717.69,Sale,2020,6,2
4862,1954,26668082.07,2021-03-03,8666.91,Sale,2021,3,1
4863,1954,22740999.28,2019-06-30,7390.64,Resale,2019,6,2
4864,1955,27214593.12,2020-07-14,7397.28,Sale,2020,7,3
4865,1955,30758389.87,2019-07-03,8360.53,Resale,2019,7,3
4866,1956,28881960.52,2022-01-14,20733.64,Resale,2022,1,1
4867,1956,34245163.75,2023-05-08,24583.75,Resale,2023,5,2
4868,1957,63901144.52,2023-02-11,9641.09,Resale,2023,2,1
4869,1957,46288228.72,2020-10-30,6983.74,Resale,2020,10,4
4870,1958,83503335.63,2021-10-20,16577.99,Sale,2021,10,4
4871,1958,91457514.18,2019-11-07,18157.14,Sale,2019,11,4
4872,1958,120543015.87,2023-11-05,23931.51,Resale,2023,11,4
4873,1958,113768049.39,2020-02-04,22586.47,Sale,2020,2,1
4874,1959,7398839.28,2021-02-28,7190.32,Resale,2021,2,1
4875,1960,59496815.85,2018-05-23,7844.01,Sale,2018,5,2
4876,1960,51606671.3,2022-03-31,6803.78,Sale,2022,3,1
4877,1960,65355697.4,2023-12-16,8616.44,Sale,2023,12,4
4878,1960,59380537.8,2022-06-11,7828.68,Resale,2022,6,2
4879,1961,6405482.7,2019-12-24,11082.15,Sale,2019,12,4
4880,1961,5052864.44,2021-03-14,8741.98,Resale,2021,3,1
4881,1961,6451884.54,2021-09-18,11162.43,Sale,2021,9,3
4882,1962,10880101.8,2023-08-23,22714.2,Resale,2023,8,3
4884,1962,7764738.49,2018-08-18,16210.31,Resale,2018,8,3
4885,1963,13779607.95,2019-12-29,7233.39,Resale,2019,12,4
4886,1963,12473482.8,2020-09-15,6547.76,Sale,2020,9,3
4887,1964,8824204.35,2019-09-08,7587.45,Resale,2019,9,3
4888,1965,67221899.25,2022-07-27,7702.75,Sale,2022,7,3
4889,1965,67088027.07,2022-09-16,7687.41,Resale,2022,9,3
4890,1965,50972312.52,2021-04-02,5840.76,Resale,2021,4,2
4891,1966,15313026.19,2023-01-27,9552.73,Sale,2023,1,1
4892,1966,12692858.57,2023-10-31,7918.19,Resale,2023,10,4
4893,1966,10883456.29,2020-05-31,6789.43,Resale,2020,5,2
4894,1966,9126776.68,2018-11-18,5693.56,Sale,2018,11,4
4895,1967,102386836.8,2021-04-05,18548.34,Resale,2021,4,2
4896,1967,111646968.0,2019-07-08,20225.9,Sale,2019,7,3
4897,1967,111023815.2,2019-04-16,20113.01,Resale,2019,4,2
4898,1968,73973307.24,2019-12-10,10299.82,Sale,2019,12,4
4899,1968,66873182.04,2021-09-22,9311.22,Sale,2021,9,3
4900,1968,66303936.72,2018-12-24,9231.96,Resale,2018,12,4
4901,1968,77824152.0,2023-03-02,10836.0,Sale,2023,3,1
4902,1969,63459157.8,2023-06-20,9418.1,Resale,2023,6,2
4903,1969,48798145.74,2019-07-18,7242.23,Resale,2019,7,3
4904,1969,45188194.86,2020-03-16,6706.47,Resale,2020,3,1
4905,1969,58133779.5,2021-12-17,8627.75,Resale,2021,12,4
4906,1970,11133842.07,2023-03-19,12412.31,Sale,2023,3,1
4907,1970,8748127.05,2023-05-15,9752.65,Sale,2023,5,2
4908,1970,6840916.68,2019-07-08,7626.44,Sale,2019,7,3
4909,1970,6767416.5,2018-06-30,7544.5,Sale,2018,6,2
4910,1971,14638356.8,2018-05-04,7786.36,Sale,2018,5,2
4911,1972,24194220.0,2019-12-30,16755.0,Resale,2019,12,4
4913,1972,28102102.76,2022-06-07,19461.29,Sale,2022,6,2
4914,1973,32120506.95,2018-12-18,6013.95,Resale,2018,12,4
4915,1973,53735320.31,2023-06-24,10060.91,Resale,2023,6,2
4916,1973,49016386.58,2021-10-25,9177.38,Sale,2021,10,4
4917,1974,2988355.74,2018-06-25,6933.54,Resale,2018,6,2
4918,1974,3755703.83,2022-12-29,8713.93,Sale,2022,12,4
4919,1974,2532012.94,2018-02-27,5874.74,Sale,2018,2,1
4920,1975,26612707.34,2020-12-22,8623.69,Resale,2020,12,4
4921,1976,11915474.7,2020-01-22,10370.3,Resale,2020,1,1
4922,1976,10480982.67,2019-10-04,9121.83,Sale,2019,10,4
4923,1976,13595944.65,2023-06-05,11832.85,Resale,2023,6,2
4924,1976,14454902.58,2022-06-03,12580.42,Resale,2022,6,2
4925,1977,8630141.76,2019-06-11,19977.18,Resale,2019,6,2
4926,1977,7491264.48,2023-10-16,17340.89,Sale,2023,10,4
4927,1977,8607621.6,2018-07-03,19925.05,Resale,2018,7,3
4928,1978,11161218.75,2023-02-14,12843.75,Sale,2023,2,1
4929,1979,5372569.5,2019-09-29,9106.05,Resale,2019,9,3
4930,1979,5384393.1,2018-09-19,9126.09,Sale,2018,9,3
4931,1979,6027658.3,2020-06-08,10216.37,Resale,2020,6,2
4932,1979,4534533.5,2020-04-22,7685.65,Sale,2020,4,2
4933,1980,20454706.48,2020-08-08,19188.28,Resale,2020,8,3
4934,1980,23857890.16,2023-03-13,22380.76,Resale,2023,3,1
4935,1980,24469273.14,2023-01-07,22954.29,Resale,2023,1,1
4936,1981,13784214.6,2022-12-25,8132.28,Sale,2022,12,4
4937,1981,14345802.0,2020-10-23,8463.6,Sale,2020,10,4
4938,1981,13284070.95,2022-05-09,7837.21,Resale,2022,5,2
4939,1981,17108991.0,2023-12-20,10093.8,Resale,2023,12,4
4940,1982,20586450.0,2018-07-16,19330.0,Sale,2018,7,3
4941,1982,22299502.5,2018-10-13,20938.5,Sale,2018,10,4
4942,1982,27326952.15,2021-05-11,25659.11,Resale,2021,5,2
4943,1983,23066678.25,2020-11-17,12185.25,Sale,2020,11,4
4944,1984,11360061.48,2023-05-10,20070.78,Sale,2023,5,2
4945,1984,11881839.9,2020-01-17,20992.65,Sale,2020,1,1
4946,1984,11544973.68,2022-08-19,20397.48,Sale,2022,8,3
4948,1985,30996441.92,2020-12-18,21645.56,Resale,2020,12,4
4949,1985,37394460.4,2022-05-29,26113.45,Resale,2022,5,2
4950,1985,35259448.64,2023-07-31,24622.52,Resale,2023,7,3
4951,1985,22911541.76,2023-04-28,15999.68,Sale,2023,4,2
4952,1986,7737908.75,2023-02-25,21199.75,Sale,2023,2,1
4953,1987,24365737.5,2021-04-02,19492.59,Sale,2021,4,2
4954,1987,26593825.0,2022-02-17,21275.06,Resale,2022,2,1
4955,1988,235260399.46,2023-08-12,24409.67,Sale,2023,8,3
4956,1988,183920797.44,2018-07-26,19082.88,Sale,2018,7,3
4957,1988,125915169.1,2019-09-22,13064.45,Resale,2019,9,3
4958,1988,188777963.92,2020-03-18,19586.84,Resale,2020,3,1
4959,1989,85884841.2,2019-08-15,8983.77,Resale,2019,8,3
4960,1989,118352800.0,2021-08-27,12380.0,Resale,2021,8,3
4961,1989,114271922.8,2022-04-05,11953.13,Resale,2022,4,2
4962,1990,9534406.5,2021-08-04,7501.5,Sale,2021,8,3
4963,1990,11028225.51,2023-04-28,8676.81,Sale,2023,4,2
4964,1991,39303941.04,2023-08-07,9331.42,Sale,2023,8,3
4965,1992,16277211.5,2021-05-03,22925.65,Resale,2021,5,2
4966,1992,15095018.9,2022-05-01,21260.59,Resale,2022,5,2
4967,1993,47508335.35,2018-10-22,8128.03,Sale,2018,10,4
4968,1993,75517516.9,2022-04-01,12920.02,Sale,2022,4,2
4969,1993,60851827.4,2020-12-02,10410.92,Sale,2020,12,4
4970,1993,60021428.25,2022-07-17,10268.85,Sale,2022,7,3
4971,1994,5148884.08,2024-06-05,8198.86,Resale,2024,6,2
4972,1995,5023098.3,2022-12-13,8413.9,Resale,2022,12,4
4973,1995,4978215.84,2022-06-04,8338.72,Resale,2022,6,2
4974,1996,57678580.45,2020-07-02,7305.71,Sale,2020,7,3
4975,1996,51810384.85,2021-07-28,6562.43,Sale,2021,7,3
4976,1996,52885052.25,2021-10-11,6698.55,Resale,2021,10,4
4977,1997,24629845.59,2020-06-10,6626.27,Sale,2020,6,2
4978,1997,23591836.17,2018-09-10,6347.01,Resale,2018,9,3
4979,1997,26925613.47,2020-04-02,7243.91,Resale,2020,4,2
4980,1997,25118519.58,2019-08-18,6757.74,Sale,2019,8,3
4981,1998,24039288.0,2022-01-09,7949.5,Sale,2022,1,1
4982,1999,8158788.12,2020-11-26,9609.88,Sale,2020,11,4
4983,1999,8120328.42,2022-12-30,9564.58,Resale,2022,12,4
4984,1999,6790386.9,2018-08-16,7998.1,Resale,2018,8,3
4985,1999,8156326.02,2023-08-16,9606.98,Sale,2023,8,3
4986,2000,41715333.0,2020-04-17,7908.12,Resale,2020,4,2
